ten_id,person_id,jie,pian,yinwen,wen_xing,source_id,before_linked,after_linked,chuzhi
TEN001,P_XIANZHEN,起,僖公二十八年,晉郤縠卒。原軫將中軍,传文,Z050,是,是,既有
TEN001,P_XIANZHEN,止,僖公三十三年,免冑入狄師，死焉；襄公以三命命先且居將中軍,传文,Z056,是,是,既有
TEN002,P_XIANQIEJU,起,僖公三十三年,反自箕，襄公以三命命先且居將中軍,传文,Z056,是,是,既有
TEN002,P_XIANQIEJU,止,文公五年,霍伯……皆卒（全句：晉趙成子、欒貞子、霍伯、臼季，皆卒）,传文,Z148,否,是,本件新立并挂（四篇之一）；环一（明文）〔r59-F3：本条由 Z148 承，未另立〕
TEN002,P_XIANQIEJU,止,文公五年·杜注,霍伯，先且居，中軍帥也,杜预注（西晋）,,否,否,环二（推）：杜注之语照录于 end_basis，不立行（〔r59-F3 改〕原「十源无其位·停报候裁」；裁一百七十 ③）
TEN002,P_XIANQIEJU,止,文公六年,夷之蒐「使狐射姑將中軍」（明文上限）,传文,Z059,是,是,既有
TEN003,P_HUSHEGU,起,文公六年,晉蒐于夷……使狐射姑將中軍,传文,Z059,是,是,既有
TEN003,P_HUSHEGU,止,文公六年,改蒐于董，易中軍,传文,Z059,是,是,既有
TEN004,P_ZHAODUN,起,文公六年,改蒐于董，易中軍……宣子於是乎始為國政,传文,Z059,是,是,既有
TEN004,P_ZHAODUN,止,宣公六年,晉趙盾、衛孫免，侵陳（经末见）,经文,Z150,否,是,本件新立并挂（四篇之一）
TEN004,P_ZHAODUN,止,宣公八年,郤缺為政（明文上限）,传文,Z136,是,是,既有
TEN005,P_XIQUE,起,宣公八年,晉胥克有蠱疾，郤缺為政,传文,Z136,是,是,既有
TEN005,P_XIQUE,止,宣公十一年,晉郤成子求成于眾狄（末见）,传文,Z063,否,是,四篇之外：有行未挂，本件挂；〔r59-F3 改〕保留（裁一百七十一 ②）
TEN005,P_XIQUE,止,宣公十二年,荀林父將中軍（明文上限）,传文,Z064,是,是,既有
TEN006,P_XUNLINFU,起,宣公十二年,晉師救鄭，荀林父將中軍,传文,Z064,是,是,既有
TEN006,P_XUNLINFU,起,（不名篇）,实任之起可早至前598——郤缺末见之年,隐引（所指即宣公十一年）,Z063,否,否,括注之隐引、非起之据，不挂；〔r59-F3 改〕basis 内明书「隐引、不名篇，故不挂」（裁一百七十二 ⑤）
TEN006,P_XUNLINFU,止,宣公十五年,晉荀林父敗赤狄于曲梁（末见）,传文,Z066,是,是,既有
TEN006,P_XUNLINFU,止,宣公十六年,命士會將中軍（明文上限）,传文,Z137,是,是,既有
TEN007,P_SHIHUI,起,宣公十六年,以黻冕命士會將中軍，且為大傅,传文,Z137,是,是,既有
TEN007,P_SHIHUI,止,宣公十七年,乃請老，郤獻子為政,传文,Z138,是,是,既有
TEN008,P_XIKE,起,宣公十七年,乃請老，郤獻子為政,传文,Z138,是,是,既有
TEN008,P_XIKE,止,成公三年,郤克趨進曰（末见）,传文,Z151,否,是,本件新立并挂（四篇之一）
TEN008,P_XIKE,止,成公四年,晉欒書將中軍（明文上限）,传文,Z139,是,是,既有
TEN009,P_LUANSHU,起,成公四年,晉欒書將中軍，荀首佐之,传文,Z139,是,是,既有
TEN009,P_LUANSHU,止,成公十八年,晉欒書、中行偃使程滑弒厲公；韓獻子為政,传文,Z140,是,是,既有
TEN010,P_HANJUE,起,成公十八年,韓獻子為政,传文,Z140,是,是,既有
TEN010,P_HANJUE,止,襄公七年,晉韓獻子告老,传文,Z141,是,是,既有
TEN011,P_XUNYING,起,襄公七年,韩厥于襄公七年冬告老（起年之取）,传文,Z141,是,是,既有
TEN011,P_XUNYING,起,襄公九年,韓厥老矣，知罃稟焉以為政（楚子囊之言）,传文（言论）,Z142,是,是,既有
TEN011,P_XUNYING,起,襄公十三年,伯游長。昔臣習於知伯，是以佐之（士匄自述）,传文（言论）,Z143,是,是,既有
TEN011,P_XUNYING,止,襄公十三年,荀罃、士魴卒,传文,Z143,是,是,既有
TEN012,P_XUNYAN,起,襄公十三年,荀偃將中軍，士匄佐之,传文,Z143,是,是,既有
TEN012,P_XUNYAN,止,襄公十九年,二月，甲寅，卒,传文,Z144,是,是,既有
TEN013,P_SHIGAI,起,襄公十九年,范宣子為政,传文,Z144,是,是,既有
TEN013,P_SHIGAI,止,襄公二十六年,於是范宣子卒……及趙文子為政（追书；齊人城郟之歲）,传文,Z145,是,是,既有
TEN013,P_SHIGAI,止,襄公二十五年,趙文子為政（继任明文）,传文,Z082,是,是,既有
TEN014,P_ZHAOWU,起,襄公二十五年,趙文子為政,传文,Z082,是,是,既有
TEN014,P_ZHAOWU,止,昭公元年,甲辰朔，烝于溫。庚戌，卒,传文,Z146,是,是,既有
TEN015,P_HANQI,起,昭公二年,晉侯使韓宣子來聘，且告為政,传文,Z147,是,是,既有
TEN015,P_HANQI,起,襄公三十一年,韓宣子為政（预叙，明书「不作系年之据」）,传文（预叙）,Z084,否,是,〔r59-F3 改〕原「所引而明言非据，不挂」；今挂 Z084 以对位，basis 保留「不作系年之据」并书「对位而不为据」（裁一百七十一 ④）
TEN015,P_HANQI,起,（不名篇）,实任之起或在前541 冬赵武卒后,隐引（所指即昭公元年）,Z146,否,否,括注之隐引、非起之据，不挂；〔r59-F3 改〕basis 内明书「隐引、不名篇，故不挂」（裁一百七十二 ⑤）
TEN015,P_HANQI,止,昭公二十八年,晉韓宣子卒，魏獻子為政,传文,Z078,是,是,既有
TEN016,P_WEISHU,起,昭公二十八年,魏獻子為政,传文,Z078,是,是,既有
TEN016,P_WEISHU,止,定公元年,田於大陸，焚焉，還，卒於甯,传文,Z121,是,是,既有
TEN001,P_XIANZHEN,职名,僖公二十八年,將中軍（僖公二十八年「原軫將中軍」）,传文,Z050,是,是,既有
TEN002,P_XIANQIEJU,职名,僖公三十三年,將中軍（僖公三十三年；文公二年）,传文,Z056,是,是,既有
TEN002,P_XIANQIEJU,职名,文公二年,將中軍（僖公三十三年；文公二年）,传文,Z134,是,是,既有
TEN003,P_HUSHEGU,职名,文公六年,將中軍（文公六年）,传文,Z059,是,是,既有
TEN004,P_ZHAODUN,职名,文公六年,易中軍、始為國政（文公六年）；將中軍（文公七年、十二年）；為政（宣公元年）,传文,Z059,是,是,既有
TEN004,P_ZHAODUN,职名,文公七年,易中軍、始為國政（文公六年）；將中軍（文公七年、十二年）；為政（宣公元年）,传文,Z135,是,是,既有
TEN004,P_ZHAODUN,职名,文公十二年,易中軍、始為國政（文公六年）；將中軍（文公七年、十二年）；為政（宣公元年）,传文,Z152,否,是,〔r59-F3〕有明文而未填：立 Z152 并挂
TEN004,P_ZHAODUN,职名,宣公元年,易中軍、始為國政（文公六年）；將中軍（文公七年、十二年）；為政（宣公元年）,传文,Z149,否,是,r59-F2 立 Z149 并挂
TEN005,P_XIQUE,职名,宣公八年,為政（宣公八年）,传文,Z136,是,是,既有
TEN006,P_XUNLINFU,职名,宣公十二年,將中軍（宣公十二年）,传文,Z064,是,是,既有
TEN007,P_SHIHUI,职名,宣公十六年,將中軍（宣公十六年）,传文,Z137,是,是,既有
TEN008,P_XIKE,职名,宣公十七年,為政（宣公十七年）；將中軍（成公二年）,传文,Z138,是,是,既有
TEN008,P_XIKE,职名,成公二年,為政（宣公十七年）；將中軍（成公二年）,传文,Z076,是,是,既有
TEN009,P_LUANSHU,职名,成公四年,將中軍（成公四年、十三年、十六年）,传文,Z139,是,是,既有
TEN009,P_LUANSHU,职名,成公十三年,將中軍（成公四年、十三年、十六年）,传文,Z153,否,是,〔r59-F3〕有明文而未填：立 Z153 并挂
TEN009,P_LUANSHU,职名,成公十六年,將中軍（成公四年、十三年、十六年）,传文,Z089,否,是,〔r59-F3〕有明文而未填（有行未挂）：挂 Z089
TEN010,P_HANJUE,职名,成公十八年,為政（成公十八年）,传文,Z140,是,是,既有
TEN011,P_XUNYING,职名,襄公九年,无晋之职名明文（襄公九年「以為政」出楚子囊之口；同句「范匄少於中行偃而上之，使佐中軍」亦出其口；襄公十三年士匄自述「昔臣習於知伯，是以佐之」，有佐之实而无职名）,传文（言论）,Z142,是,是,既有
TEN011,P_XUNYING,职名,襄公十三年,无晋之职名明文（襄公九年「以為政」出楚子囊之口；同句「范匄少於中行偃而上之，使佐中軍」亦出其口；襄公十三年士匄自述「昔臣習於知伯，是以佐之」，有佐之实而无职名）,传文（言论）,Z143,是,是,既有
TEN012,P_XUNYAN,职名,襄公十三年,將中軍（襄公十三年）,传文,Z143,是,是,既有
TEN013,P_SHIGAI,职名,襄公十九年,為政（襄公十九年、二十四年）；其前佐中軍（襄公九年、十三年）,传文,Z144,是,是,既有
TEN013,P_SHIGAI,职名,襄公二十四年,為政（襄公十九年、二十四年）；其前佐中軍（襄公九年、十三年）,传文,Z081,否,是,〔r59-F3〕有明文而未填（有行未挂）：挂 Z081
TEN013,P_SHIGAI,职名,襄公九年,為政（襄公十九年、二十四年）；其前佐中軍（襄公九年、十三年）,传文（言论）,Z142,是,是,既有
TEN013,P_SHIGAI,职名,襄公十三年,為政（襄公十九年、二十四年）；其前佐中軍（襄公九年、十三年）,传文,Z143,否,是,〔r59-F3〕有明文而未填（有行未挂）：挂 Z143
TEN014,P_ZHAOWU,职名,襄公二十五年,為政（襄公二十五年）,传文,Z082,是,是,既有
TEN015,P_HANQI,职名,昭公二年,為政（昭公二年「告為政」；昭公二十八年）,传文,Z147,是,是,既有
TEN015,P_HANQI,职名,昭公二十八年,為政（昭公二年「告為政」；昭公二十八年）,传文,Z078,是,是,既有
TEN016,P_WEISHU,职名,昭公二十八年,為政（昭公二十八年）,传文,Z078,是,是,既有
