id,year_bce,lu_reign,season_month,title,summary,place_id,source_ids,reliability,category,importance,sort_key
E001,-718,鲁隐公五年,夏六月,公子忽早年从军，败南燕师,郑庄公派曼伯/公子忽、子元袭南燕军后方，取得战果，显示忽早年军事资历。曼伯是否即公子忽，旧注与后说不一（参杜预注及杨伯峻《春秋左传注》隐公五年、桓公五年条）。,L_ZHI,Z016,medium,战争,3,20
E002,-712,鲁隐公十一年,冬十一月壬辰,羽父弑鲁隐公于寪氏,羽父请杀桓公以求太宰；隐公明言桓公长则将授之位、已使营菟裘将老焉。羽父惧，反谮公于桓公而请弑之。十一月公祭钟巫、馆于寪氏，壬辰羽父使贼弑公于寪氏，立桓公；不书葬，不成丧也。,L_WEISHI,Z015;S002,high,弑杀,1,20
E003,-709,鲁桓公三年,秋九月,文姜嫁鲁，齐侯亲送姜氏,鲁公子翚如齐逆女，齐侯送姜氏于讙，鲁桓公会齐侯于讙，夫人姜氏至自齐；《左传》评齐侯亲送非礼。,L_HUAN,Z001,high,婚嫁,1,
E004,-706,鲁桓公六年,九月丁卯,文姜生子同,《春秋》书'子同生'，子同即后来的鲁庄公。,L_QUFU,Z002,high,生育,2,30
E005A,-707,鲁桓公五年,秋,繻葛之战：郑太子忽为右拒,周王率诸侯伐郑，郑以鱼丽之阵应战。曼伯/太子忽为右拒，原繁、高渠弥以中军奉郑伯，郑师大败王卒。曼伯是否即公子忽，旧注与后说不一（参杜预注及杨伯峻《春秋左传注》隐公五年、桓公五年条）。,L_XUGE,Z017,medium,战争,2,20
E007,-697,鲁桓公十五年,夏,郑厉公出奔蔡，忽复归郑,郑厉公突因国内政变失败出奔蔡，世子忽复归于郑，重新成为郑君。,L_XINZHENG,Z004;S003,high,即位,1,20
E008,-695,鲁桓公十七年,冬十月辛卯,高渠弥弑郑昭公,郑庄公曾欲以高渠弥为卿，昭公恶之；昭公立后，高渠弥惧祸，弑昭公而立公子亹。,L_XINZHENG,Z005;S003,high,弑杀,1,
E009,-694,鲁桓公十八年,春王正月,鲁桓公会齐襄公于泺，携文姜入齐,鲁桓公会齐侯于泺，随后与夫人姜氏如齐；申繻以男女家室有别谏，预言'易此必败'。,L_LUO,Z006,high,会盟,1,10
E010,-694,鲁桓公十八年,夏四月丙子,齐襄公通文姜，鲁桓公薨于齐,《左传》称齐侯通文姜，鲁桓公谪之；齐享公，使公子彭生乘公，公薨于车。齐人杀彭生以应鲁。,L_LINZI,Z006;S001;S002,high,弑杀,1,20
E011,-694,鲁桓公十八年,秋七月戊戌,齐襄公杀郑子亹并轘高渠弥,齐侯师于首止，郑子亹会之，高渠弥相；齐人杀子亹而轘高渠弥，祭仲迎郑子于陈而立之。,L_SHOUZHI,Z006,high,弑杀,2,30
E012,-693,鲁庄公元年,三月,文姜孙于齐,鲁桓公死后，文姜离鲁奔/居齐，《春秋》书'夫人孙于齐'。,L_LINZI,Z007;S002,medium,出奔,1,20
E013,-692,鲁庄公二年,冬十二月,文姜会齐襄公于禚,《春秋》书夫人姜氏会齐侯于禚；《左传》直评'书奸也'。,L_ZHUO,Z008,high,相会,1,
E014,-690,鲁庄公四年,春王二月,文姜享齐襄公于祝丘,夫人姜氏享齐侯于祝丘。,L_ZHUQIU,Z009,high,相会,2,10
E015,-689,鲁庄公五年,夏,文姜如齐师,《春秋》书夫人姜氏如齐师；背景与齐、宋、陈、蔡伐卫及鲁齐关系有关。,,Z010,medium,相会,2,
E016,-687,鲁庄公七年,春、冬,文姜两会齐襄公于防、谷,春，夫人姜氏会齐侯于防；冬，夫人姜氏会齐侯于谷。《左传》称春会'齐志也'。,L_FANG,Z011,high,相会,2,
E017,-686,鲁庄公八年,夏,鲁师及齐师围郕,鲁师及齐师围郕，郕降于齐师。鲁庄公拒绝攻击齐师，《左传》称善鲁庄公。,L_CHENG,Z012,high,战争,2,10
E018,-686,鲁庄公八年,冬十一月癸未,公孙无知弑齐襄公诸儿,《春秋》书齐无知弑其君诸儿；《史记》详叙连称、管至父戍葵丘不代、猎沛丘见彭生之怪、宫中遇弑。,L_LINZI,Z012;S001,high,弑杀,1,20
E019,-673,鲁庄公二十一年,秋七月戊戌,文姜薨,《春秋》书夫人姜氏薨。,L_QUFU,Z013,high,薨卒,1,
E020,-672,鲁庄公二十二年,春王正月癸丑,鲁葬小君文姜,《春秋》书'葬我小君文姜'，显示鲁国最终以小君礼葬。,L_QUFU,Z014,high,丧葬,2,
E021,-773,周幽王九年（鲁孝公世）,,郑桓公问史伯，谋迁雒东,郑桓公为周司徒，见王室多故，问史伯何所可以逃死；史伯劝其寄帑贿于虢郐之间、济洛河颍之地，为郑国东迁立国张本。时周都尚在镐京，故不系地图落点。,,G001;S003,medium,外交,3,
E022,-757,鲁惠公十二年,,郑庄公寤生出生，武姜恶之,《左传·隐公元年》追叙：武姜生庄公，寤生惊姜氏，遂名曰寤生而恶之；后生共叔段而爱之，屡请立段。生年据《史记》武公十四年推算。,L_XINZHENG,Z018;S003,medium,生育,2,
E023,-743,鲁惠公二十六年,,郑庄公即位，继为平王卿士,郑武公卒，寤生立，是为庄公；继父为周平王卿士，郑以王朝卿士与东方诸侯双重身份坐大。《国语·周语中》富辰追称郑武、庄有大勋力于平、桓。,L_XINZHENG,S003;Z019;G003,medium,即位,2,10
E024,-722,鲁隐公元年,夏五月辛丑,郑伯克段于鄢，掘地见母,段收贰以为己邑至于廪延、完聚缮甲兵将袭郑、武姜将启之；庄公命子封帅车伐京，京叛段，段入于鄢，公伐诸鄢，段出奔共。庄公置姜氏于城颍、誓不及黄泉无相见；纳颍考叔之谏，掘地及泉隧而相见，母子如初。（请制请京、太叔居京事已别出E107。）,L_YAN,Z018,high,内乱,1,20
E025,-722,鲁隐公元年,春王正月,鲁隐公摄位,惠公薨（前723），桓公允年少，庶长子息姑摄位，《春秋》不书即位，摄也。隐公以让位为始，亦以让位之名致祸。,L_QUFU,Z018;S002,high,即位,2,10
E026,-720,鲁隐公三年,,周郑交质,平王贰于虢，郑伯怨王，王曰无之；周郑交质，王子狐质于郑，郑公子忽质于周。君子讥信不由中，质无益也。,L_CHENGZHOU,Z019,high,外交,1,10
E027,-720,鲁隐公三年,四月、秋,郑取温之麦、成周之禾,平王崩，周人将畀虢公政；四月郑祭足帅师取温之麦，秋又取成周之禾，周郑交恶。,L_WEN,Z019,high,战争,2,20
E028,-718,鲁隐公五年,春,隐公观鱼于棠，臧僖伯谏,隐公将如棠观鱼者，臧僖伯以物不足以讲大事则君不举谏之；公托言略地遂往，陈鱼而观之，僖伯称疾不从。书曰公矢鱼于棠，非礼也。,L_TANG,Z016,high,礼俗,2,10
E029,-717,鲁隐公六年,,郑伯朝桓王，王不礼,郑伯如周，始朝桓王，王以取禾旧怨不礼焉；周桓公谏曰我周之东迁、晋郑焉依，不礼将失郑，王不听。,L_CHENGZHOU,Z020,high,外交,2,
E030,-715,鲁隐公八年,三月,郑以泰山之祊易许田,郑伯请释泰山之祀而祀周公，以祊易鲁之许田，使宛来归祊；至鲁桓公元年郑伯以璧假许田，其易卒成。,L_BENG,Z021;Z023,high,外交,2,
E031,-713,鲁隐公十年,六月,郑以王命会齐鲁伐宋,郑伯以宋不王为名，以王命讨之；羽父帅师会齐郑伐宋，公败宋师于菅，郑师入郜、入防，皆归于鲁。,L_JIAN,Z022,high,战争,2,
E032,-712,鲁隐公十一年,秋七月,齐鲁郑入许，颍考叔死于先登,公会齐侯郑伯伐许；颍考叔取郑伯之旗蝥弧以先登，子都自下射之，颠。遂入许。郑庄公不灭许，使许叔居其东偏、公孙获处其西偏，君子谓郑庄公于是乎有礼。,L_XU,Z015,high,战争,2,10
E033,-711,鲁桓公元年,春王正月,鲁桓公即位,隐公被弑后，桓公正式即位改元；即位后修好于郑，三月郑伯以璧假许田。,L_QUFU,Z023;S002,high,即位,2,
E034,-707,鲁桓公五年,秋,繻葛之战：庄公抗王师，祝聃射王中肩,桓王夺郑伯政，郑伯不朝；王亲率诸侯伐郑，战于繻葛，郑为鱼丽之阵大败王卒，祝聃射王中肩；庄公止追，曰苟自救也、社稷无陨多矣，夜使祭足劳王。,L_XUGE,Z017,high,战争,1,10
E035,-706,鲁桓公六年,六月,北戎伐齐，郑太子忽帅师救齐,北戎伐齐，齐侯使乞师于郑，太子忽帅师救齐，六月大败戎师，获其二帅大良、少良，甲首三百以献于齐。后诸侯大夫戍齐，齐人使鲁为其班而后郑，忽怒，遂有郎之师。齐侯请婚事见另条（同年同传）。,L_LINZI,Z002,high,战争,2,10
E036,-706,鲁桓公六年,,齐侯两请妻忽，太子忽固辞,《左传·桓公六年》追叙：文姜未嫁鲁时齐侯欲以妻忽，忽以人各有耦、齐大非吾耦辞之；及败戎师，齐侯又请妻之（时文姜已嫁鲁，当为他女），忽以无事于齐犹不敢、今受室以归是以师昏，固辞。救齐事见另条。,L_LINZI,Z002,high,婚嫁,1,20
E037,-701,鲁桓公十一年,夏五月癸未,郑庄公卒,郑伯寤生卒，在位四十三年；身后诸子争立，郑国由小霸转入长期内乱。,L_XINZHENG,Z003;S003,high,薨卒,1,10
E038,-701,鲁桓公十一年,夏,祭仲立忽，郑昭公即位,祭仲有宠于庄公，庄公使为卿，为公娶邓曼生昭公；庄公卒，祭仲遂立昭公。昭公以嫡长兼军功即位，看似名正言顺。,L_XINZHENG,Z003;S003,high,即位,1,20
E039,-701,鲁桓公十一年,秋九月,宋胁祭仲改立突，昭公出奔卫,宋雍氏（厉公突外家）诱执祭仲，胁以不立突将死；祭仲与宋人盟，以突归而立之，昭公忽出奔卫。,L_XINZHENG,Z003;S003,high,出奔,1,30
E040,-690,鲁庄公四年,夏,纪侯大去其国,纪侯不能屈事于齐，以国属纪季（纪季前一年已以酅入齐为附庸）；夏，纪侯大去其国，违齐难也，纪自此实亡。齐襄公假复仇之名成兼并之实。,L_JI,Z009;S001,high,战争,1,20
E041,-686,鲁庄公八年,,齐襄公无常，小白奔莒,鲍叔牙见襄公政令无常、虑乱将作，奉公子小白出奔莒。,L_JU,Z012;S001,high,出奔,1,30
E042,-685,鲁庄公九年,春,雍廪杀无知,雍廪杀公孙无知，齐国无君，小白与子纠自莒、鲁两路争归。,,Z024;S001,high,弑杀,2,10
E043,-685,鲁庄公九年,夏,桓公自莒先入即位,鲁伐齐欲纳子纠，小白自莒先入，立为齐桓公。《史记》叙管仲遮莒道射中小白带钩、小白佯死乃得先入，属后出叙事层。,L_LINZI,Z024;S001,high,即位,1,20
E044,-685,鲁庄公九年,秋,乾时之战，鲁师败绩,鲁师与齐师战于乾时，鲁败绩；庄公丧其戎路，传乘而归，秦子、梁子以公旗辟于下道而被获。,L_QIANSHI,Z024,high,战争,2,30
E045,-685,鲁庄公九年,秋冬间,鲍叔请讨，杀子纠于生窦,鲍叔帅师来言：子纠亲也请君讨之，管召仇也请受而甘心。鲁乃杀子纠于生窦，召忽死之，管仲请囚。,L_SHENGDOU,Z024;S001,high,弑杀,2,40
E046,-685,鲁庄公九年,,堂阜脱囚，管仲相齐,鲍叔受管仲，及堂阜而脱其械；归而告桓公：管夷吾治于高傒，使相可也。桓公释射钩之怨以为相。《国语·齐语》载鲍叔让相问对。,L_TANGFU,Z024;G002;S001,high,其他,1,50
E047,-684,鲁庄公十年,春正月,长勺之战，曹刿论战,齐师伐鲁，曹刿请见、论肉食者鄙；战于长勺，凭一鼓作气与辙乱旗靡之察，鲁败齐师。,L_CHANGSHAO,Z025,high,战争,1,10
E048,-684,鲁庄公十年,夏六月,乘丘之战，鲁败宋师,齐师、宋师次于郎；公子偃自雩门窃出先犯宋师，庄公从之，大败宋师于乘丘，齐师乃还。,L_CHENGQIU,Z025,high,战争,2,20
E049,-684,鲁庄公十年,冬十月,齐师灭谭,齐师灭谭，谭无礼也——桓公出奔时过谭谭不礼、即位又不来贺；谭子奔莒。,L_TAN,Z025,high,战争,3,30
E050,-681,鲁庄公十三年,春,北杏之会，以平宋乱,齐侯会宋人、陈人、蔡人、邾人于北杏以平宋乱，诸侯之会由齐主持自此始；遂人不至。,L_BEIXING,Z026,high,会盟,1,10
E051,-681,鲁庄公十三年,夏,齐人灭遂,遂人不至北杏之会；夏，齐人灭遂而戍之。,L_SUI,Z026,high,战争,3,20
E052,-681,鲁庄公十三年,冬,柯之盟，鲁始及齐平,冬盟于柯，鲁始及齐平。《史记》叙曹沫以匕首劫桓公于坛上求反侵地、桓公终不背约，属后出叙事层。,L_KE,Z026;S001,high,会盟,1,30
E053,-679,鲁庄公十五年,春,复会于鄄，齐始霸,十四年冬单伯会齐侯、宋公、卫侯、郑伯于鄄；十五年春复会焉，齐始霸也。本库齐桓线本期至此为止。,L_JUAN,Z027;Z028,high,会盟,1,
E054,-693,鲁庄公元年,春王正月,鲁庄公即位，不称即位,庄公即位，《春秋》不称即位，文姜出故也；在母孽父仇之间开始三十二年国君生涯。,L_QUFU,Z007;S002,high,即位,1,10
E055,-693,鲁庄公元年,秋冬,鲁主王姬之婚，筑馆于外,单伯送王姬，鲁筑王姬之馆于外；父仇未除而为仇国主婚，冬，王姬归于齐。,L_QUFU,Z007,high,婚嫁,3,30
E056,-671,鲁庄公二十三年,夏,公如齐观社，曹刿谏,庄公如齐观社，非礼也；曹刿以会朝之礼谏，不听。齐鲁在长勺、柯盟后的和解期交往。,L_LINZI,Z031,high,礼俗,2,
E057,-670,鲁庄公二十四年,夏至八月,如齐逆女，哀姜入鲁,庄公如齐逆女；秋哀姜至，公使宗妇觌、用币，非礼也。齐鲁再度联姻，仇与亲的循环回到起点。,L_QUFU,Z029,high,婚嫁,1,
E058,-662,鲁庄公三十二年,秋八月癸亥,鲁庄公薨于路寝,庄公病笃问后：叔牙言庆父材，季友请以死奉子般；季友以君命使叔牙饮鸩——饮此则有后于鲁国。八月癸亥公薨于路寝，子般即位。,L_QUFU,Z030;S002,high,薨卒,1,10
E059,-662,鲁庄公三十二年,冬十月己未,庆父使弑子般于党氏,共仲（庆父）使圉人荦贼子般于党氏，成季奔陈。庆父之乱自此始，本期收录至此。,L_QUFU,Z030;S002,high,弑杀,1,20
E060,-700,鲁桓公十二年,,昭公出居于卫,《左传》桓公十一年书郑忽出奔卫、十五年书忽复归于郑，其间寄居于卫，卫都朝歌。本库单年制，取前700代表居卫期（前701秋至前697夏），系年推定故标medium。,L_ZHAOGE,Z003;Z004,medium,出奔,3,
E061,-664,鲁庄公三十年,冬,齐伐山戎以救燕,山戎病燕，齐鲁遇于鲁济谋之，齐人伐山戎；次年齐侯来献戎捷于鲁。《史记》明书桓公亲率救燕，老马识途诸说属后出叙事层。山戎地在燕北，超出本库地图覆盖范围，不落图。,,Z032;S001,high,战争,2,
E062,-661,鲁闵公元年,,狄伐邢，齐师救之,狄人伐邢，管仲谏曰戎狄豺狼不可厌也、诸夏亲昵不可弃也、宴安酖毒不可怀也，齐人乃救邢。'诸夏'意识于此役成形。,L_XING,Z033,high,战争,1,10
E063,-660,鲁闵公二年,冬十二月,狄入卫，懿公好鹤亡国,卫懿公好鹤，鹤有乘轩者；国人受甲者曰'使鹤'，遂败于荥泽，狄灭卫。宋桓公迎卫遗民渡河，立戴公，庐于曹。,L_ZHAOGE,Z034,high,战争,1,10
E064,-660,鲁闵公二年,冬,许穆夫人赋载驰，齐戍曹归公乘马,许穆夫人闵卫之亡，赋《载驰》欲归唁卫侯；齐侯使公子无亏帅车三百乘、甲士三千人以戍曹，归公乘马、祭服、牛羊豕鸡狗皆三百。其身至漕与否，诗序与后说有异。,L_CAOYI,Z034;P005,high,其他,2,20
E065,-659,鲁僖公元年,,齐师次聂北救邢，邢迁夷仪,齐师、宋师、曹师次于聂北救邢；邢人溃出奔师，师逐狄人；邢迁于夷仪，诸侯城之。传曰凡侯伯救患分灾讨罪，礼也。,L_YIYI,Z035,high,外交,2,
E066,-658,鲁僖公二年,春王正月,城楚丘，诸侯封卫,诸侯城楚丘而封卫。卫文公大布之衣、大帛之冠，务材训农、通商惠工、敬教劝学，卫国以中兴（叙见闵公二年传末）。,L_CHUQIU,Z036;Z034,high,外交,1,
E067,-657,鲁僖公三年,秋,蔡姬荡舟，齐侯归之,齐侯与蔡姬乘舟于囿，蔡姬荡公；公惧变色，禁之不可，怒而归之，未之绝也；蔡人嫁之——次年侵蔡之张本。,L_LINZI,Z042,high,婚嫁,2,
E068,-656,鲁僖公四年,春至夏,侵蔡伐楚，召陵之盟,齐侯以诸侯之师侵蔡，蔡溃，遂伐楚。楚使对以风马牛不相及，管仲责包茅不入、昭王不复；夏楚子使屈完如师，对曰君若以德绥诸侯谁敢不服，若以力则楚国方城以为城、汉水以为池；遂与诸侯盟于召陵。,L_SHAOLING,Z037,high,会盟,1,
E069,-655,鲁僖公五年,,首止之会，会王世子,诸侯会于首止，会王大子郑，谋宁周也；郑伯受王命之诱逃归不盟。尊王格局下的第一道裂缝。,L_SHOUZHI,Z038,high,会盟,2,
E070,-652,鲁僖公八年,春,盟于洮，谋王室,诸侯盟于洮，谋王室也；郑伯乞盟，襄王之位以定。,L_TAO,Z043,high,会盟,2,
E071,-651,鲁僖公九年,夏至秋,葵丘之会，霸业之顶,夏会于葵丘，寻盟修好；王使宰孔赐齐侯胙，命无下拜，齐侯以天威不违颜咫尺对，下拜登受。秋盟于葵丘。宰孔先归，谓晋侯曰齐侯不务德而勤远略，其在乱乎。,L_KUIQIU,Z039,high,会盟,1,
E072,-648,鲁僖公十二年,冬,管仲平戎于王，辞上卿之礼,齐侯使管夷吾平戎于王；王以上卿之礼飨管仲，管仲以有天子之二守国高在辞，受下卿之礼而还。君子曰管氏之世祀也宜哉。,L_CHENGZHOU,Z040,high,外交,2,
E073,-645,鲁僖公十五年,,管仲卒，病榻论三竖,管仲卒（年从《史记》桓公四十一年，隰朋亦以是岁前后卒）。《史记》叙病中对答：问群臣谁可相，论易牙、开方、竖刀不可近——属后出叙事层，《左传》无病榻文。,L_LINZI,S001,medium,薨卒,1,
E074,-643,鲁僖公十七年,冬十二月乙亥,齐桓公卒，五子之乱起,齐侯小白卒。易牙入，与寺人貂因内宠以杀群吏，立公子无亏，太子昭（孝公）奔宋；《史记》更叙停尸六十七日尸虫出于户，属后出层。本库齐桓线止于乱局开端。,L_LINZI,Z041;S001,high,薨卒,1,
E075,-661,鲁闵公元年,冬,仲孙湫省鲁难,齐仲孙湫来省鲁难（庆父之乱），归而告曰不去庆父、鲁难未已；又曰鲁不弃周礼，未可动也。齐桓公务宁鲁难而不取鲁。,L_QUFU,Z033,high,外交,2,20
E076,-666,鲁庄公二十八年,,晋献公娶戎女，骊姬嬖而谋嫡,晋献公烝于齐姜生太子申生；又娶二女于戎，大戎狐姬生重耳、小戎子生夷吾；伐骊戎得骊姬，归生奚齐、其娣生卓子。骊姬嬖，欲立其子，骊姬之乱由此张本。《国语·晋语一》另载献公卜伐骊戎史苏占胜而不吉。,L_JIANG,Z052;G004;S004,high,婚嫁,1,10
E077,-661,鲁闵公元年,,晋作二军，申生将下军,晋侯作二军，公将上军，太子申生将下军。士蒍见分之都城而位以卿，知太子不得立矣，劝其如吴太伯逃之以全令名。申生见疏之端由此显。,L_JIANG,Z033;S004,high,内乱,2,30
E078,-660,鲁闵公二年,,申生帅师伐东山皋落氏，衣偏衣佩金玦,晋侯使太子申生伐东山皋落氏，衣之偏衣、佩之金玦。里克谏君行则守、有守则从，帅师非太子之事；申生虽克敌而猜嫌益深。皋落氏在晋东山地望异说不落图，本条系于申生宗邑曲沃。,L_QUWO,Z034;S004,high,战争,2,30
E079,-656,鲁僖公四年,冬十二月戊申,骊姬谮申生，申生缢于新城,骊姬置鸩于酒、置堇于肉，谮太子申生弑父。申生奔新城（曲沃），或劝其自辩，申生曰君非姬氏居不安食不饱，不辩不奔，十二月戊申自缢于新城。《国语·晋语二》载优施歌暇豫以间里克佐骊姬之谋。,L_QUWO,Z037;G005;S004,high,内乱,1,20
E080,-655,鲁僖公五年,,骊姬谮二公子，重耳奔蒲奔狄，夷吾奔屈,骊姬既杀申生复谮重耳、夷吾。献公使寺人披伐蒲，重耳曰君父之命不校，逾垣而走，披斩其袪，遂奔狄；夷吾守屈后奔梁。二公子出亡，晋室嫡庶尽散。,L_PU,Z038;G005;S004,high,出奔,1,10
E081,-655,鲁僖公五年,冬,假道伐虢，灭虢灭虞,晋再假道于虞以伐虢，宫之奇谏辅车相依、唇亡齿寒，虞公不听。冬晋灭虢，还袭灭虞，执虞公。献公借道兼并晋势南张。虞虢在晋南（今平陆、三门峡一带）本条不另立落点。,,Z038;S004,high,战争,2,20
E082,-651,鲁僖公九年,秋九月至冬,晋献公卒，奚齐卓子相继被弑,九月晋献公卒，奚齐立。里克、㔻郑以三公子之徒作乱，十月里克杀奚齐于次，荀息立卓子；十一月里克又杀卓子于朝，荀息死之。骊姬之党尽覆（《史记》载骊姬亦被杀属汉世叙事）。,L_JIANG,Z039;G005;S004,high,内乱,1,10
E083,-650,鲁僖公十年,,晋惠公赂秦入立，背秦杀里克,夷吾许秦河外五城以求入，秦纳之是为晋惠公；既立而背秦赂。惠公忌里克弑二君之功且惧，使谓之微子则不及此而赐死，里克曰欲加之罪其无辞乎，伏剑而死。《国语·晋语三》详其背赂闭籴诸事。,L_JIANG,Z044;G006;S004;S005,high,即位,1,10
E084,-645,鲁僖公十五年,秋九月,韩原之战，秦获晋惠公,晋惠公背秦赂又闭籴，秦伯伐晋战于韩原。晋惠公乘郑马小驷陷濘，庆郑不救，秦获晋侯以归；后归晋侯，以太子圉质秦。秦晋之好转为怨隙。,L_HANYUAN,Z045;G006;S005,high,战争,1,10
E085,-637,鲁僖公二十三年,,晋惠公卒，太子圉自秦逃归立为怀公,太子圉质秦，前638（僖二十二年）闻晋侯疾弃怀嬴逃归；僖二十三年九月惠公卒，圉立是为晋怀公。秦怨其逃归，遂召重耳于楚而纳之，怀公之位旋危。,L_JIANG,Z046;Z047;S004,high,即位,2,40
E086,-644,鲁僖公十六年,,重耳出亡过卫，乞食于五鹿,重耳自狄适齐过卫，卫文公不礼焉（《国语·晋语四》）。过五鹿乞食于野人，野人与之块，重耳怒欲鞭之，子犯（狐偃）曰天赐也，稽首受而载之。系年据流亡叙事推定。,L_WULU,G007;Z047;S004,medium,出奔,2,10
E087,-644,鲁僖公十六年,,至齐，齐姜与子犯谋，醉而遣之,重耳至齐，齐桓公妻之、有马二十乘，重耳安之无去志。从者谋行于桑下，蚕妾以告齐姜；齐姜杀妾而勉重耳怀与安实败名，与子犯谋醉而遣之，重耳醒以戈逐子犯。约系于前644（离齐年异说一说稍后）。,L_LINZI,G007;Z047;S004,medium,其他,1,20
E088,-638,鲁僖公二十二年,,过曹，曹共公观骈胁，僖负羁馈飧置璧,重耳过曹，曹共公闻其骈胁（肋骨相连）设薄而观其裸浴，无礼。曹大夫僖负羁之妻言公子从者皆足以相国，劝夫自结于晋公子；负羁乃馈盘飧、置璧其下，重耳受飧而反璧。（《国语·晋语四》《左传》僖二十三年）,L_CAO,G007;Z047;S004,medium,其他,2,10
E089,-638,鲁僖公二十二年,,过宋，宋襄公赠马二十乘,重耳过宋，时宋襄公新败于泓、伤股，闻晋公子贤，以国礼赠之马二十乘。（《国语·晋语四》《左传》僖二十三年）,L_SHANGQIU,G007;Z047;S004,medium,其他,2,20
E090,-637,鲁僖公二十三年,,过郑，郑文公不礼，叔詹谏,重耳过郑，郑文公不礼。叔詹谏曰晋公子有三善——姬出而至今、离外之患而天不靖晋、有三士足以上人——天之所启人弗及也，宜礼之；郑伯不听。,L_XINZHENG,Z047;G007;S004,medium,外交,2,10
E091,-637,鲁僖公二十三年,,至楚，成王享之，重耳诺退避三舍,楚成王以诸侯礼享重耳，问公子若反晋何以报。重耳对以子女玉帛羽毛齿革皆君所有，若得反国、晋楚治兵遇于中原其辟君三舍（退九十里）。子玉请杀之，成王不许而厚送诸秦。城濮退避之诺始此。,L_YINGDU,G007;Z047;S004,medium,外交,1,20
E092,-637,鲁僖公二十三年,冬,秦伯纳之，怀嬴奉匜，公享赋诗,秦穆公纳重耳，归女五人，秦宗女怀嬴（子圉旧妻）与焉。怀嬴奉匜沃盥，重耳既盥而挥手令去，嬴怒秦晋匹也何以卑我，重耳降服自囚谢过。他日秦伯享之，子犯让赵衰之文使从，重耳赋《河水》、秦伯赋《六月》，赵衰赞重耳拜赐，公子降拜稽首。秦晋结好纳晋在即。,L_YONG,G007;Z047;S005;S004,high,外交,1,30
E093,-636,鲁僖公二十四年,春,重耳济河入晋，即位为晋文公,秦伯以师纳重耳。及河，子犯以载璧授公子请由此亡（自请去），重耳曰所不与舅氏同心者有如白水，投璧于河以质。遂济河、入曲沃、朝武宫，即位是为晋文公，在外十九年而返国。,L_JIANG,Z048;G007;S004;S005,high,即位,1,10
E094,-636,鲁僖公二十四年,二月,晋杀怀公于高梁,文公入晋，怀公圉出奔；戊申文公使人杀怀公于高梁，晋乱始定。（吕甥、郤芮谋焚公宫弑文公之变见同年传）,L_GAOLIANG,Z048;S004,medium,弑杀,2,20
E095,-636,鲁僖公二十四年,,介之推不言禄，偕母隐于绵上,文公赏从亡者，介之推不言禄、禄亦弗及。推以贪天之功以为己力为耻，与母偕隐；文公求之不获，环绵上之山而封之为田，曰以志吾过、且旌善人。后世焚绵山、寒食之说属晚出传说层，《左传》《史记》正文无焚山文。,L_MIANSHANG,Z048;S004,high,礼俗,1,30
E096,-635,鲁僖公二十五年,春三月,晋文公勤王，纳周襄王，杀王子带,周襄王避王子带（叔带）之难居于郑氾。狐偃言求诸侯莫如勤王、诸侯信之且大义也，文公辞秦师而下，围温、逆王，杀王子带于隰城，纳襄王复位。王劳以地，赐晋阳樊、温、原、攒茅之田。晋始据南阳、控河内。,L_WEN,Z049;S004,high,外交,1,10
E097,-635,鲁僖公二十五年,冬,晋文公围原，退舍示信,文公围原，命三日之粮；原不降命去之。谍报原将降，军吏请待，文公曰信国之宝也、民之所庇也，得原失信何以庇之，退一舍而原降。示信立威霸业之基。,L_YUAN,Z049;S004,medium,战争,2,20
E098,-632,鲁僖公二十八年,夏四月,城濮之战，晋退三舍败楚,晋楚争宋，先轸定谋报施救患、取威定霸，执宛春以怒楚、私许复曹卫以携之。战前晋退三舍以践楚享之诺、示曲在楚，子犯曰师直为壮曲为老。四月战于城濮，晋三军败楚子玉之师，楚师宵遁，晋遂霸。,L_CHENGPU,Z050;S004,high,战争,1,10
E099,-632,鲁僖公二十八年,夏五月,践土之盟，王策命晋侯为侯伯,城濮战后晋文公会齐、鲁、宋、蔡、郑、卫、莒诸侯，王子虎盟诸侯于践土。周襄王策命晋侯为侯伯，赐大辂之服、彤弓矢、秬鬯、虎贲，曰王谓叔父敬服王命以绥四国；晋侯三辞从命，霸业正名。（同年天王狩于河阳孔子讳其召王。）,L_JIANTU,Z050;S004,high,会盟,1,20
E100,-628,鲁僖公三十二年,冬,晋文公卒,冬晋文公卒。将殡于曲沃，出绛，柩有声如牛，卜偃使大夫拜曰君命大事将有西师过轶我、击之必大捷——预示次年殽之战。文公在位九年而霸，本库晋文线止于此（前628）。,L_JIANG,Z051;S004,high,薨卒,1,10
E101,-697,鲁桓公十五年,春,雍纠之谋：祭仲杀婿、厉公出奔,郑厉公患祭仲专权，使祭仲之婿雍纠杀之，将享诸郊。雍姬知其谋，问母「父与夫孰亲」，母曰「人尽夫也，父一而已，胡可比也」，遂以告父。祭仲杀雍纠、尸诸周氏之汪；厉公载其尸出奔，曰「谋及妇人，宜其死也」。此厉公首次去祭仲之败，其出奔即E007（忽复归）之因。,L_XINZHENG,Z004,high,内乱,1,10
E102,-682,鲁庄公十二年,,祭仲卒,郑权臣祭仲卒；四立郑君、当国专政者至此而终。《春秋》《左传》无祭仲卒年明文，《史记·郑世家》亦未明系其年；约前682乃据其晚年专政及郑厉公前680复入（时祭仲已不预政）推定，系年不确故标low。,L_XINZHENG,S003,low,薨卒,2,
E103,-720,鲁隐公三年,冬,齐郑盟于石门,齐僖公与郑庄公盟于石门，寻卢之盟之旧好；齐郑同盟自此固，为其后齐鲁郑连兵伐宋（E031）、太子忽帅师救齐（E035）诸事之远因。《左传·隐公三年》：「冬，齐、郑盟于石门，寻卢之盟也。」石门（齐地）未入places，故不落图。,,Z019,high,会盟,2,30
E104,-698,鲁桓公十四年,冬十二月,齐僖公卒,冬十二月丁巳，齐侯禄父卒，太子诸儿嗣立，是为齐襄公。僖公一朝齐力渐张、亲结齐鲁郑三国之好；身后诸子襄公、桓公、纠相继争国。《春秋·桓公十四年》经文「齐侯禄父卒」为经明证，亦「禄父」从经之证。,L_LINZI,Z053,high,薨卒,1,30
E105,-717,鲁隐公六年,夏五月,齐鲁盟于艾，始平于齐,鲁隐公会齐僖公，盟于艾，鲁始平于齐——齐鲁由此结好，为E031齐鲁郑伐宋、E032伐许之同盟张本。《左传·隐公六年》：「夏，盟于艾，始平于齐也。」艾（鲁地）未入places，故不落图。,,Z020,high,会盟,2,10
E106,-761,鲁惠公八年,,郑武公娶于申，武姜来嫁,郑武公娶于申国，是为武姜；申为姜姓之国，郑申联姻以固西土之援。武姜后生庄公寤生、共叔段。系年据武公十四年生庄公（前757）上推为约前761，纯属约估故标medium。《左传·隐公元年》追叙：「初，郑武公娶于申，曰武姜。」,L_XINZHENG,Z018,medium,婚嫁,2,10
E107,-743,鲁惠公二十六年,,武姜请京，祭仲谏都城过百雉,庄公即位之初，武姜为共叔段请制，公不许；请京，使居之，谓之京城大叔。祭仲谏「都城过百雉，国之害也」「姜氏何厌之有，不如早为之所」，公曰「多行不义必自毙，子姑待之」。武姜爱段之心与庄公养恶之算皆伏于此，为E024克段于鄢之远端。系年当庄公即位初，为追叙推定故标medium；category内乱／礼俗两可（择内乱，见CHANGES）。,L_XINZHENG,Z018,medium,内乱,2,20
E108,-671,鲁庄公二十三年,,楚成王弑兄堵敖即位，布德结好,楚文王卒后堵敖立，成王恽弑兄堵敖代立（约前672弑、前671改元，异说并存）。初即位布德施惠、结旧好于诸侯，周天子赐胙命镇尔南方夷越之乱、无侵中国，楚地千里。左传无成王即位明文，据《史记·楚世家》；弑兄一节属史记叙事层，故reliability medium。,L_YINGDU,S006,medium,即位,1,20
E109,-666,鲁庄公二十八年,秋,令尹子元以车六百乘伐郑,楚令尹子元（文王弟）以车六百乘伐郑，入桔柣之门至逵市；郑县门不发以示无备（诱敌），子元疑「郑有人焉」，诸侯救郑，楚师夜遁。令尹线之开端，成王初年楚之北向试探。,L_XINZHENG,Z052,high,战争,2,30
E110,-659,鲁僖公元年,秋至冬,楚连年伐郑，郑伯欲成,楚成王连年伐郑（僖元、二、三年《春秋》皆书「楚人伐郑」，僖二斗章囚郑聃伯），郑文公欲与楚成，孔叔谏「齐方勤我、弃德不祥」。楚之压郑，正齐桓次年侵蔡伐楚、召陵之盟（E068）之直接张本。系年取僖元年首伐，跨僖元至僖三。,L_XINZHENG,Z035;Z036;Z042,high,战争,2,40
E111,-638,鲁僖公二十二年,冬十一月己巳朔,泓之战，楚败宋襄公,宋襄公图继齐桓之霸，与楚战于泓。宋已成列、楚未既济，司马请半渡而击，公不可；未成列又请，公不可；既陈而后战，宋师败绩，公伤股、门官歼焉。公释以「不鼓不成列」之古军礼，子鱼讥其不知战。泓败楚胜，楚成王北向之势益张（宋襄公次年卒于股伤）。,L_HONG,Z046,high,战争,1,40
E112,-632,鲁僖公二十八年,夏,城濮战后成王责子玉，子玉自杀于连谷,城濮楚师败绩后，令尹子玉（成得臣）收卒而止；楚成王使责之「若入其若申、息之老何」，子玉自杀于归途连谷。《春秋》经书「楚杀其大夫得臣」。晋文公闻子玉死乃喜「莫余毒也已」，可见忌其能——楚令尹线由盛转顿。连谷在楚境、地望不详（今仅立 places 条 L_LIANGU 而坐标留空），不落图。,L_LIANGU,Z050,high,薨卒,1,30
E113,-626,鲁文公元年,冬十月丁未,商臣之乱，楚成王缢,楚成王欲废太子商臣改立王子职，商臣闻之，以宫甲围成王。王请食熊蹯（熊掌·意在拖延待援）而后死，弗听；丁未成王自缢。商臣立，是为楚穆王，谥父「灵」不瞑、「成」乃瞑。「熊蹯」为左传文公元年明文（high），后世更晚之戏剧化敷衍另属后出层。,L_YINGDU,Z057;S006,high,内乱,1,10
E114,-655,鲁僖公五年,,百里奚、蹇叔来归,秦穆公求贤：百里奚本虞大夫，晋灭虞被虏、为秦穆姬媵臣入秦，亡走宛，穆公以五羖羊皮赎之授国政，号「五羖大夫」；百里奚复举其友蹇叔，穆公厚币迎为上大夫。五羖赎、举蹇叔属《史记·秦本纪》叙事层（后出），《左传·僖公十三年》仅见「谓百里」「百里孟明视」之实，来归本末不见经传，系年约前655、reliability medium。,L_YONG,S005,medium,其他,1,30
E115,-647,鲁僖公十三年,冬,泛舟之役，秦输粟于晋,晋惠公背秦赂之后，晋饥，乞籴于秦。秦伯问诸臣，百里奚以「天灾流行、国家代有，救灾恤邻，道也，行道有福」对，穆公乃输粟济晋，运舟自雍（秦都）及绛（晋都）相继不绝，谓之「泛舟之役」。秦之厚德，反衬次年晋饥而秦请籴、晋闭籴不与，终致韩原之战（E084）。,L_JIANG,Z054;S005,high,外交,1,10
E116,-630,鲁僖公三十年,秋九月,烛之武退秦师,晋侯、秦伯围郑，以其无礼于晋且贰于楚。佚之狐荐烛之武，武夜缒出见秦穆公，陈「越国以鄙远」「亡郑以陪邻，邻之厚君之薄也」，又揭晋「朝济而夕设版」不可信；秦伯说，与郑人盟，使杞子等戍之而还，晋亦去之。秦晋同盟自此现裂，为崤之战（E118）之远因。,L_FANNAN,Z055,high,外交,1,10
E117,-628,鲁僖公三十二年,冬,蹇叔哭师,杞子自郑告秦「潜师以来，国可得也」，穆公访诸蹇叔，蹇叔以「劳师以袭远，非所闻也」谏，不听；召孟明视、西乞术、白乙丙出师于东门之外，蹇叔哭师「吾见师之出而不见其入」，穆公斥「尔何知！中寿，尔墓之木拱矣」。刚愎自用，崤败之因已伏。,L_YONG,Z051,high,其他,2,20
E118,-627,鲁僖公三十三年,夏四月辛巳,崤之战，晋败秦师，弦高犒师,秦师潜行袭郑，途遇郑商人弦高，弦高以乘韦先、牛十二矫郑君命犒师，秦知郑有备，灭滑而还。晋中军将先轸主战「秦违蹇叔、以贪勤民，天奉我也……必伐秦师」，晋襄公墨衰绖督战，夏四月辛巳晋人及姜戎败秦师于殽，尽俘孟明视、西乞术、白乙丙三帅；后文嬴请释三帅，先轸怒「堕军实而长寇雠」不顾而唾。秦晋之好至此转为世仇。,L_XIAO,Z056;S004;S005;Y001,high,战争,1,10
E119,-627,鲁僖公三十三年,夏,秦伯素服郊次，乡师而哭,崤败三帅得释归秦，秦穆公素服郊迎、乡师而哭，自引「孤违蹇叔以辱二三子，孤之罪也」，不替孟明（不撤其职）、「不以一眚掩大德」。《尚书·秦誓》「孤违蹇叔」之悔过与此同口径（秦誓属尚书，本库来源前缀未含，故以左传载其辞）。悔过复用，为三年后济河焚舟雪耻（E120）张本。,L_YONG,Z056,high,其他,2,20
E120,-624,鲁文公三年,,王官之役，济河焚舟，封殽尸,崤败三年后，秦伯复用孟明伐晋，济河焚舟以示必死，取王官及郊；晋人不出，秦乃自茅津渡河、收葬崤役秦军尸骨（封殽尸）而还，雪崤之耻。《左传·文公三年》归其「遂霸西戎」于「用孟明也」。,L_XIAO,Z058;S005,high,战争,2,10
E121,-623,鲁文公四年,,用由余谋，遂霸西戎,《史记·秦本纪》载戎王使由余观秦，穆公以计间而得之，用由余谋伐戎王「益国十二、开地千里」，遂霸西戎，周天子使召公过贺以金鼓。由余观秦、益国十二为史记叙事层（后出），系年约前623（缪公三十七年）；《左传》「遂霸西戎」仅系于文三「用孟明」。二说并存，reliability medium。,L_YONG,S005;Z058,medium,战争,2,10
E122,-621,鲁文公六年,,秦穆公卒，三良殉葬,秦伯任好卒，以子车氏之三子奄息、仲行、鍼虎为殉，皆秦之良也。国人哀之，为之赋《黄鸟》（《诗经·秦风》）；君子讥「秦穆之不为盟主也宜哉，死而弃民」。三良殉葬为春秋人殉之著例，《黄鸟》属舆论／文学层。,L_YONG,Z059;P006,high,薨卒,1,10
E123,-613,鲁文公十四年,,楚庄王即位与「一鸣惊人」,楚穆王卒、庄王侣即位（前613）。即位三年不出号令、日夜为乐；伍举以「三年不蜚不鸣」之隐进谏，庄王答「三年不蜚，蜚将冲天；三年不鸣，鸣将惊人」，遂罢淫乐、听政，诛数百、进数百而国大治（史记又载苏从力谏）。「一鸣惊人」见《史记·楚世家》（后出叙事层）与《韩非子·喻老》（诸子说部层），左传无此文——本条与问鼎（E125·左传明文）恰成全库「说部／后出层 vs 经传层」之分层示范样本。即位系年前613属高、故事层medium。,L_YINGDU,S006;T001,medium,即位,1,10
E124,-611,鲁文公十六年,,楚灭庸,楚大饥，戎伐其西南、庸人率群蛮以叛楚、麇人率百濮聚于选将伐楚。庄王克艰不迁，会秦师、巴师灭庸，稳定西境、集权于王，为北向争霸奠基。《左传·文公十六年》明文。,L_YONGGUO,Z060,high,战争,2,10
E125,-606,鲁宣公三年,,楚庄王问鼎中原，王孙满对,楚子伐陆浑之戎、遂至于雒、观兵于周疆。周定王使王孙满劳楚子，庄王问九鼎之大小轻重，满对「在德不在鼎」「德之休明虽小重也、其奸回昏乱虽大轻也」「周德虽衰、天命未改，鼎之轻重未可问也」。《左传·宣公三年》明文（high）——尊王格局下楚之北望；与「一鸣惊人」（说部）并列为分层示范样本。,L_CHENGZHOU,Z061,high,外交,1,10
E126,-605,鲁宣公四年,,若敖氏之灭：子越椒之乱,楚司马子良生子越椒，令尹子文以其「熊虎之状、豺狼之声」谏杀不听，临终聚族泣曰「鬼犹求食，若敖氏之鬼不其馁而」，预言若敖氏将灭。宣四年子越椒（斗椒）作乱、与庄王战于皋浒，庄王灭若敖氏。子文遗言与若敖之灭皆《左传·宣公四年》明文。子文卒于前637（见 round13 P_ZIWEN），此为追叙。,L_YINGDU,Z062,high,内乱,1,10
E127,-598,鲁宣公十一年,,厉之役，楚服郑陈,楚庄王伐郑、郑伯逃归（左传「厉之役，郑伯逃归，自是楚未得志焉」）；同年会诸侯盟于辰陵，陈、郑服楚。楚势北张，郑介于晋楚之间反复，为次年围郑、邲之战张本。《左传·宣公十一年》。,L_XINZHENG,Z063,high,战争,2,10
E128,-597,鲁宣公十二年,夏六月,邲之战，楚败晋师，庄王论「止戈为武」,楚围郑三月克之、郑襄公肉袒牵羊而降；晋荀林父帅师救郑，中军佐先縠违命擅济河，士会谏不听，晋军进退失据。伍参主战、孙叔敖为令尹主进「宁我薄人，无人薄我」，六月晋楚战于邲，晋师大败、宵济而乱。战后潘党请收晋尸为京观，庄王辞以「夫文，止戈为武」「武有七德——禁暴、戢兵、保大、定功、安民、和众、丰财」，不为京观。楚代晋而霸，《左传·宣公十二年》明文（大条）。,L_BI,Z064,high,战争,1,10
E129,-594,鲁宣公十五年,,楚围宋，华元夜登子反之床,楚使申舟聘齐、命勿假道于宋，宋以「过我而不假道，鄙我也」杀申舟，庄王投袂而起遂围宋。围九月，宋华元夜入楚师、登司马子反之床，告以「敝邑易子而食，析骸以爨；虽然，城下之盟有以国毙，不能从也。去我三十里，唯命是听」。子反惧而告王，楚退三十里、宋楚平、华元为质。《左传·宣公十四—十五年》明文。,L_SHANGQIU,Z065;Z066,high,战争,1,10
E131,-601,鲁宣公八年,,孙叔敖为相与治绩,楚庄王用孙叔敖（蒍敖）为令尹。《史记·循吏列传》列其为循吏之首——「三月为楚相，施教导民、上下和合、政缓禁止、吏无奸邪、盗贼不起」，期思芍陂水利惠泽后世（循吏层medium）；《左传》则见其为令尹、邲之战主进（骨架层high）。文治武功相济，为庄王霸业之基。为令尹之确年不详、约系前601。,L_YINGDU,Z064;S007,high,礼俗,2,10
E132,-591,鲁宣公十八年,秋,楚庄王卒,《春秋·宣公十八年》经「楚子旅卒」。庄王在位二十三年，一鸣惊人而霸中原；身后霸业由共王承之（出本库时段）。经文书名「旅」，为庄王名从经作「旅」（一作侣）之证。,L_YINGDU,Z067,high,薨卒,1,10
E133,-599,鲁宣公十年,,庄王使士亹傅太子箴，申叔时论傅太子,《国语·楚语上》载庄王使士亹傅太子箴，士亹问傅太子之道于申叔时，申叔时列「教之春秋、世、诗、礼、乐、令、语、故志、训典」九法以成其德。庄王重继嗣之教之政，为楚国文治之一端。国语记言层、系年不确（约庄王中期），medium。,L_YINGDU,G008,medium,礼俗,3,10
E134,-639,鲁僖公二十一年,秋,盂之会：楚成王执宋襄公以伐宋,《春秋·僖公二十一年》经「宋公、楚子、陈侯、蔡侯、郑伯、许男、曹伯会于盂，执宋公以伐宋」。宋襄公图继齐桓之霸、以小国争盟求诸侯于楚；秋诸侯会宋公于盂，楚成王执宋襄公以伐宋，子鱼谏「祸其在此乎、君欲已甚」；冬会于薄乃释宋公。楚成王亲会于盂、执宋公，北向压宋之势成，为围宋（E135）、城濮（E098）张本。经明书「楚子……会于盂」，成王亲至。,L_YU,Z068,high,会盟,2,20
E135,-633,鲁僖公二十七年,冬,楚成王及诸侯围宋,《左传·僖公二十七年》：楚子将围宋，使子文治兵于睽、子玉治兵于蒍；冬，楚子及诸侯围宋——宋以其善于晋而叛楚即晋故也。宋公孙固如晋告急，晋先轸以「报施救患、取威定霸」定谋救宋，直接引出次年晋伐曹卫以救宋、城濮之战（E098）。传书「楚子及诸侯围宋」（经作「楚人」），楚成王亲围宋都，故亲至。,L_SHANGQIU,Z069,high,战争,2,10
E136,-632,鲁僖公二十八年,春,城濮战前楚成王入居于申,《左传·僖公二十八年》：晋救宋、伐曹卫、执宛春以怒楚，楚成王退保而「入居于申」，使申叔去谷、使子玉去宋，戒之「无从晋师」——历数晋侯在外十九年、险阻艰难备尝、天所置不可废，引《军志》「允当则归」「知难而退」「有德不可敌」诫子玉勿战晋。子玉不听、请战，遂致夏四月城濮之败（E098）。成王亲退居于申（楚北境重镇），即E098「楚子退居于申未亲至战场」之退处；此为成王城濮战局之亲至地。,L_SHEN,Z050,high,战争,2,5
E137,-642,鲁僖公十八年,,郑伯始朝于楚，楚成王赐金,《左传·僖公十八年》：「郑伯始朝于楚。楚子赐之金，既而悔之，与之盟，曰：无以铸兵。故以铸三钟。」郑文公首朝楚成王于郢，楚子亲赐之金，旋悔而与之盟约勿以铸兵，郑遂以所赐金铸三钟。郑之首朝、附楚，为楚成王北向争霸、郑介晋楚间反复之一环。楚成王亲受郑朝、亲赐，故亲至（郢已为成王落图地，本条为逐年复核所补明文、不增新落图地）。,L_YINGDU,Z070,high,会盟,2,
E138,-754,,,卫庄公娶齐女庄姜,卫庄公娶于齐东宫得臣之妹，曰庄姜。庄姜美而无子，卫人为之赋《硕人》。系年据卫庄公在位前757–前735早期推定，故标medium。《左传·隐公三年》追叙：「卫庄公娶于齐东宫得臣之妹，曰庄姜，美而无子，卫人所为赋《硕人》也。」,L_ZHAOGE,Z019,medium,婚嫁,1,10
E139,-745,,,陈女戴妫生完，庄姜以为己子,卫庄公又娶于陈，曰厉妫，生孝伯早死；其娣戴妫生桓公完，庄姜以为己子。系年据桓公前734立、婴幼期推定，故标medium。《左传·隐公三年》：「其娣戴妫，生桓公，庄姜以为己子。」——庄姜与桓公之养母子边所系。,L_ZHAOGE,Z019,medium,其他,2,10
E140,-736,,,州吁嬖而好兵，庄姜恶之，石碏谏,卫庄公嬖人之子州吁有宠而好兵，公弗禁，庄姜恶之。石碏谏曰「臣闻爱子教之以义方，弗纳于邪……宠而不骄、骄而能降……鲜矣。且夫贱妨贵、少陵长……所谓六逆也」，公不听。系年当庄公末年（前735前），追叙推定故medium。庄姜恶州吁而不能救其祸，见承受者之无力。《左传·隐公三年》。,L_ZHAOGE,Z019,medium,礼俗,2,10
E141,-719,,,州吁弑桓公自立,卫州吁弑桓公而自立，欲以伐郑求宠、定其位而不能和其民。石碏借陈执州吁，使右宰丑莅杀州吁于濮、杀其子石厚于陈，君子谓之「大义灭亲」。庄姜养子桓公死于此难。《左传·隐公四年》：「卫州吁弑桓公而立。」,L_ZHAOGE,Z071,high,弑杀,1,10
E142,-715,,,卫宣公为急子娶齐女而自纳之（新台）,卫宣公烝于父妾夷姜，生急子，属诸右公子。为急子娶于齐而美，宣公筑新台于河上而自取之，是为宣姜，生寿及朔。烝、纳皆春秋礼法所讥之婚俗，此从中性史语记之。系年据寿朔前701前后成人上推，故medium。《左传·桓公十六年》追叙；《诗·邶风·新台》刺之（舆论层）。,L_ZHAOGE,Z072,medium,婚嫁,1,10
E143,-701,,,急子寿子争死（寿朔之难）,宣姜与公子朔构急子。宣公使急子如齐，使盗待诸莘将杀之。寿子告之使行，急子不可曰「弃父之命，恶用子矣」；寿子窃载其旌以先，盗杀之。急子至曰「我之求也，此何罪？请杀我乎」，又杀之。系年据史记宣公末年约前701，故medium。《诗·邶风·二子乘舟》哀之（舆论层）。,L_ZHAOGE,Z072,medium,弑杀,1,40
E144,-696,,,二公子立黔牟，卫惠公奔齐,公子朔先已立为惠公（约前699）。二公子（左公子泄、右公子职）以争死之怨，于是年立公子黔牟，惠公朔奔齐。后齐襄公纳之复入（前688）。《左传·桓公十六年》：「十一月，左公子泄、右公子职立公子黔牟，惠公奔齐。」,L_ZHAOGE,Z072,high,出奔,2,10
E145,-694,,,齐人使昭伯烝于宣姜，生戴公文公及宋桓夫人许穆夫人,惠公即位少，齐人使昭伯（宣公庶子公子顽）烝于宣姜，不可，强之，生齐子、戴公、文公、宋桓夫人、许穆夫人。烝为收继父辈配偶之婚俗，齐人强之，宣姜为承受者；此从中性史语记之。系年当惠公初立之期，追叙推定故medium。《左传·闵公二年》追叙——宣姜与许穆夫人之母女边、卫室中兴血脉之所出。,L_ZHAOGE,Z034,medium,婚嫁,1,40
E146,-684,,,楚文王败蔡师于莘，获蔡哀侯（莘之役）,蔡哀侯、息侯皆娶于陈。息妫将归息，过蔡，蔡侯曰「吾姨也」，止而见之，弗宾。息侯怒，请楚文王伪伐息、蔡救之则楚击蔡。九月，楚败蔡师于莘，以蔡侯献舞归。息妫过蔡见止为莘役之远因。《左传·庄公十年》。,L_CAI,Z025,high,战争,2,40
E147,-680,,,楚文王灭息，以息妫归（一妇人事二夫）,蔡哀侯为莘故，绳美息妫以语楚子。楚子如息，以食入享，遂灭息，以息妫归，生堵敖及成王焉，未言。楚子问之，对曰「吾一妇人而事二夫，纵弗能死，其又奚言」——左传明文，本批之魂；息妫之答见承受者之痛与其自主之言。《左传·庄公十四年》。,L_XI,Z027,high,婚嫁,1,10
E148,-680,,,楚文王以妫故伐蔡（入蔡）,是年秋七月，楚以息妫之故入蔡。君子曰「《商书》所谓『恶之易也，如火之燎于原，不可乡迩，其犹可扑灭』者，其如蔡哀侯乎」，追论蔡哀侯以弗宾息妫、绳妫语楚而自取灭息入蔡之祸。《左传·庄公十四年》。,L_CAI,Z027,high,战争,2,20
E149,-676,,,息妫生堵敖及成王,息妫入楚为文夫人，生堵敖与成王（恽）。堵敖立而成王弑之代立（衔接E108楚成王即位）。系年据成王约前672前后生推定，故medium。母子之实见《左传·庄公十四年》「生堵敖及成王焉」——息妫与楚成王之母子边。,L_YINGDU,Z027,medium,生育,2,10
E150,-666,,,令尹子元蛊文夫人，振万于宫,楚令尹子元（文王弟）欲蛊文夫人（息妫），为馆于其宫而振万焉。夫人闻之泣曰「先君以是舞也，习戎备也。今令尹不寻诸仇雠，而于未亡人之侧，不亦异乎」。子元曰「妇人不忘袭仇，我反忘之」，遂以车六百乘伐郑（同链E109）。《左传·庄公二十八年》。,L_YINGDU,Z052,high,内乱,2,20
E151,-664,,,晋献公立骊姬为夫人，卜筮之争,晋献公欲以骊姬为夫人，卜之不吉，筮之吉。公曰「从筮」。卜人曰「筮短龟长，不如从长。且其繇曰『专之渝，攘公之羭』……」，弗听，立之。骊姬既立，欲以其子奚齐代太子。「红颜祸水」之评属后世女祸论层，非此处结论；谮乱之因在献公废嫡宠嬖。系年据伐骊戎（前666·E076）后推定，故medium。《左传·僖公四年》追叙、《国语·晋语一》史苏占。,L_JIANG,Z037;G004,medium,礼俗,2,10
E152,-655,,,秦穆公娶晋献公女穆姬,秦穆公娶晋献公女，是为穆姬（伯姬），秦晋之好肇端。晋以百里奚为穆姬媵臣于秦，奚亡走宛、穆公以五羖皮赎之而相之（媵臣百里奚事属《史记》后出叙事层，分层标注）。系年据穆公前659立后推定，故medium。,L_YONG,S005,medium,婚嫁,2,40
E153,-645,,秋九月,韩原之后，穆姬登台履薪，请以死赎晋侯,韩原之战秦获晋惠公（E084）。穆姬闻晋侯将至，以太子罃、弘与女简璧登台而履薪焉，使以免服衰绖逆，且告曰「上天降灾，使我两君匪以玉帛相见，而以兴戎……若晋君朝以入，则婢子夕以死；夕以入，则朝以死。唯君裁之」。穆公乃改馆晋侯而礼之，终归之。亲至明文，本批最强单场。《左传·僖公十五年》。,L_YONG,Z045,high,其他,1,20
E154,-685,鲁庄公九年,秋冬间,鲁囚管仲，槛车归齐,鲁人既杀子纠、召忽死之，遂囚管仲以予齐（《国语·齐语》「鲁使囚管仲以予齐」；《左传》庄九「管仲请囚」）。管仲自鲁就囚东归，鲍叔逆而受之，及堂阜脱其械。《史记·管晏列传》并载施伯谏鲁君勿予、鲍叔知桓公将大用管仲，属后出叙事层。此为管仲「鲁→堂阜→临淄」轨迹之起点。,L_QUFU,Z024;G002;S008,high,其他,2,45
E155,-686,鲁庄公八年,,公子纠与管仲、召忽奔鲁,冬乱作（无知弑襄公），管夷吾、召忽奉公子纠来奔鲁。,L_QUFU,Z012;S001,high,出奔,1,40
E170,-652,鲁僖公八年,冬,宋公疾，太子兹甫请让国于目夷，子鱼辞,宋桓公御说疾，太子兹甫固请立其庶兄目夷「目夷长且仁，君其立之」；公命子鱼（目夷），子鱼辞曰「能以国让，仁孰大焉？臣不及也，且又不顺」，遂走而退（《左传》僖公八年）。兹甫让国之请与目夷之辞，为宋襄公一线「仁义」之名所自始，亦定二人君臣兄弟之分。《史记·宋微子世家》此节作「桓公义太子意，竟不听」，与传文「公命子鱼」（桓公一度许之、由子鱼固辞）异，属汉代后出叙事层改写，分层并录（Q201）。,L_SHANGQIU,Z043;S009,high,其他,2,30
E171,-651,鲁僖公九年,春三月,宋桓公卒，襄公即位，以目夷为左师听政,春三月丁丑，宋公御说卒（《春秋》僖公九年经）；襄公即位，「以公子目夷为仁，使为左师以听政，于是宋治，故鱼氏世为左师」。桓公未葬而襄公会诸侯于葵丘，故经书「宋子」——凡在丧，王曰小童，公侯曰子（挂链见 E071）。《史记·宋微子世家》作「以其庶兄目夷为相」，官称与传文「左师」异，属后出叙事层。按逾年改元，襄公纪元自次年（前650）起，故人物行在位年作前650—前637，与本条实际继位之年（前651）分属两层，非矛盾。,L_SHANGQIU,Z039;S009,high,即位,1,5
E172,-642,鲁僖公十八年,春正月至夏五月,宋襄公以诸侯伐齐，败齐师于甗，纳齐孝公,齐桓公卒而五公子争立（E074），太子昭奔宋——桓公生前尝与管仲属孝公于宋襄公以为大子（《左传》僖公十七年）。春正月，宋公、曹伯、卫人、邾人伐齐；三月，齐人杀无亏；齐人将立孝公，不胜四公子之徒，遂与宋人战；夏五月，宋败齐师于甗，立孝公而还（《左传》僖公十八年）。宋襄公继齐桓之霸的图谋由此发端。经春书「宋公……伐齐」为君将之辞，而五月甗之战经书「宋师」不书「宋公」，君是否亲在战阵别无明文，presence 判据与其张力见 CHANGES.md 三。,L_YANQI,Z070,high,战争,2,10
E173,-641,鲁僖公十九年,夏六月,曹南之盟；使邾文公用鄫子于次睢之社，子鱼谏,夏六月，宋公、曹人、邾人盟于曹南；鄫子会盟于邾，己酉，邾人执鄫子用之（《春秋》僖公十九年经）。《左传》：「夏，宋公使邾文公用鄫子于次睢之社，欲以属东夷。」次睢之社在睢水之次，东夷所祠。是年春宋人又执滕宣公，故司马子鱼谏曰「今一会而虐二国之君，又用诸淫昏之鬼，将以求霸，不亦难乎？得死为幸」。本条依经传明文如实著录用人于社之事，取编年口吻、不作细节铺陈；子鱼谏语作道德对位收入 Q208。,L_CAONAN,Z073,high,会盟,2,10
E174,-639,鲁僖公二十一年,春,鹿上之盟：求诸侯于楚，目夷谏「小国争盟，祸也」,春，宋人为鹿上之盟（经「宋人、齐人、楚人盟于鹿上」），以求诸侯于楚，楚人许之。公子目夷曰：「小国争盟，祸也。宋其亡乎，幸而后败。」宋襄公求霸而假手于楚，遂启是年秋会于盂被执（E134）、次年泓之战（E111）之祸。经、传皆书「宋人」而不书「宋公」，宋襄公本人亲至无明文，故本库 presence 从严标「相关」。,L_LUSHANG,Z068,high,会盟,2,10
E175,-637,鲁僖公二十三年,夏五月庚寅,宋襄公卒，伤于泓故也,春，齐侯伐宋、围缗，以讨其不与盟于齐也；夏五月庚寅，宋公兹父卒（《春秋》僖公二十三年经）。《左传》：「夏五月，宋襄公卒，伤于泓故也。」去年冬十一月泓之战伤股（E111），越半岁而以伤卒，宋继齐桓之图随之而终。,L_SHANGQIU,Z047,high,薨卒,1,5
E176,-600,鲁宣公九年,,陈灵公与孔宁、仪行父事；泄冶谏而见杀,《春秋》宣公九年经「陳殺其大夫洩冶」。《左传》同年记陈灵公与陈卿孔宁、仪行父三人皆与夏姬有私、衷其衵服以戏于朝；大夫泄冶谏曰「公卿宣淫，民無效焉」，公口许能改而以告二子，二子请杀之，公弗禁，遂杀泄冶（Q178）。传末孔子引《诗》「民之多辟，無自立辟」评泄冶（Q179，言论层）。同时舆论回声见《诗·陈风·株林》（Q180，P 层材料，不作史实用、不入本条 source_ids）。落点取陈都宛丘（传书「以戲于朝」，朝在国都）。夏姬本人在场无明文，presence 从严标「相关」。,L_WANQIU,Z074,high,弑杀,2,10
E177,-599,鲁宣公十年,夏五月癸巳,夏徵舒弑陈灵公于夏氏（株林）,《春秋》宣公十年经「癸巳，陳夏徵舒弒其君平國」（经文序次在「五月，公至自齊」后，故系夏五月，Q181）。《左传》：陈灵公与孔宁、仪行父饮酒于夏氏，公谓仪行父「徵舒似女」，对曰「亦似君」，徵舒病之；公出，徵舒「自其廄射而殺之」，二子奔楚（Q182）。落点取株林——传书「飲酒於夏氏」而未著地名，株林为夏氏之邑，其依据与降级理由见 places.L_ZHULIN。《史记·陈杞世家》同记而末增「靈公太子午奔晉」一节（Q183，后出叙事层），可与次年传文「陳侯在晉」互证。夏姬本人在场无明文，presence 从严标「相关」。,L_ZHULIN,Z075;S010,high,弑杀,1,5
E178,-598,鲁宣公十一年,冬十月丁亥,楚庄王入陈杀夏徵舒、县陈；申叔时谏而复封,《春秋》宣公十一年经「冬，十月，楚人殺陳夏徵舒。丁亥，楚子入陳。納公孫寧、儀行父于陳」（Q184）。《左传》：楚子为陈夏氏乱故伐陈，谓陈人「無動，將討于少西氏」，遂入陈，杀夏徵舒，轘诸栗门，因县陈，时陈侯在晋（Q185）。申叔时使齐而反、复命而退，王让之，对以「牽牛以蹊人之田，而奪之牛」之喻，谓「今縣陳，貪其富也；以討召諸侯，而以貪歸之，無乃不可乎」，王曰「善哉！吾未之聞也」，乃复封陈，乡取一人焉以归谓之夏州（Q186）。经书「納公孫寧、儀行父于陳」，传曰「書有禮也」。楚庄王亲至有经文明证（「楚子入陳」）；申叔时复命谏对之地无明文，presence 从严标「相关」。,L_WANQIU,Z063,high,战争,1,20
E179,-598,鲁宣公十一年,,楚庄王议纳夏姬，巫臣两谏；王以夏姬予连尹襄老,《左传》成公二年追叙：「楚之討陳夏氏也，莊王欲納夏姬」，申公巫臣谏以「君召諸侯，以討罪也；今納夏姬，貪其色也」，引《周书》「明德慎罰」，王乃止（Q187）；子反欲取之，巫臣复谏而止，王遂以夏姬予连尹襄老（Q188）。巫臣谏子反之辞「是不祥人也……天下多美婦人，何必是」，属游说话术与文本立场，非事实判断，分层标注见 Q188。系年据传文「楚之討陳夏氏也」定于前598 楚讨陈之时，无月日明文，reliability 从严标 medium。所议之地无明文，落点取楚都郢；楚庄王、巫臣、子反三人问对虽属当面对辩，然其地无独立明文佐证，presence 从严标「相关」（谏语条目统一从严，比照弦高先例，领队裁定）。,L_YINGDU,Z076,medium,婚嫁,2,30
E180,-596,鲁宣公十三年,,襄老死邲之后：黑要烝焉，巫臣使道于夏姬,《左传》成公二年追叙：连尹襄老死于邲（前597，挂既有 E128，见 Q189），不获其尸；「其子黑要烝焉」；巫臣遣人道于夏姬曰「歸，吾聘女」，又使自郑召之曰「尸可得也，必來逆之」（Q190）。系年无明文：据襄老死于邲（前597）与下文遣归夏姬之「王」为庄王（卒于前591）两端，事在前597—前591 之间；传文又谓知罃之父荀首「新佐中軍」，示去邲战未久，本库据此姑系于前596，reliability 从严标 medium。黑要为襄老之子，受配角配额所限本轮未单立人物行，其名见 Q190、Q194。巫臣系遣人传辞（使者代行），presence 标「相关」；夏姬其时所在无明文，亦标「相关」。,L_YINGDU,Z076,medium,其他,3,10
E181,-596,鲁宣公十三年,,楚王遣夏姬归郑；巫臣聘诸郑,《左传》成公二年追叙：夏姬以迎尸之说告王，王问诸屈巫（巫臣），对以晋荀首必因郑而归楚王子与襄老之尸以求其子知罃、郑人惧于邲之役必许之；王遂遣夏姬归郑。将行，夏姬谓送者曰「不得尸，吾不反矣」——此为《左传》所记其唯一一句直接引语。其后巫臣聘诸郑，郑伯许之（Q191）。系年之推定同 E180（前597—前591 间，姑系前596），reliability medium。夏姬归郑有明文（「王遣夏姬歸」「將行」），presence 标「亲至」；楚王遣之而不在郑、巫臣聘为使者代行，二人均标「相关」。,L_XINZHENG,Z076,medium,婚嫁,2,20
E182,-589,鲁成公二年,,巫臣奉使聘齐，及郑以夏姬行，遂奔晋,《左传》成公二年：共王即位，将为阳桥之役，使屈巫（巫臣）聘于齐且告师期，巫臣尽室以行；申叔跪遇之于途，讥其「有三軍之懼，而又有《桑中》之喜，宜將竊妻以逃者也」；及郑，使介反币，而以夏姬行；本欲奔齐，以齐师新败曰「吾不處不勝之國」，遂奔晋，因郤至以臣于晋，晋人使为邢大夫（Q192）。二人俱有奔晋明文，presence 均标「亲至」。落点取晋都绛（传书「遂奔晉」「以臣於晉」；所任「邢大夫」之邢为晋邑，与既有 L_XING 邢国非一地，本库不另立点）。后世对夏姬的评断见《左传》昭公二十八年叔向之母语（Q193），系前514 之追评，属时人话术层，非事实判断。,L_JIANG,Z076;Z078,high,出奔,1,10
E183,-584,鲁成公七年,,子重、子反杀巫臣之族而分其室；巫臣自晋遗书,《左传》成公七年：「及共王即位，子重、子反殺巫臣之族子閻、子蕩，及清尹弗忌，及襄老之子黑要，而分其室」，子重取子阎之室、使沈尹与王子罢分子荡之室、子反取黑要与清尹之室（Q194）。巫臣自晋遗二子书曰「爾以讒慝貪惏事君，而多殺不辜，余必使爾罷於奔命以死」（Q195）。传文以「及共王即位」发端而系于成公七年，事在巫臣奔晋（前589）之后、通吴（前584）之前，确年无明文，本库依传之系年著录、reliability 从严标 medium。巫臣时在晋，其族被杀于楚，presence 标「相关」；夏姬其时在晋，亦标「相关」。,L_YINGDU,Z077,medium,弑杀,2,10
E184,-584,鲁成公七年,,巫臣使吴，通吴于晋，教吴乘车战陈——吴国登场,《左传》成公七年：巫臣请使于吴，晋侯许之；吴子寿梦说之，乃通吴于晋，以两之一卒适吴而舍偏两之一焉，与其射御，教吴乘车、教之战陈、教之叛楚；寘其子狐庸焉，使为行人于吴。吴始伐楚、伐巢、伐徐，子重奔命；马陵之会吴入州来，子重自郑奔命，子重、子反于是乎一岁七奔命；蛮夷属于楚者吴尽取之，「是以始大，通吳於上國」（Q196）。【吴国登场】本条为吴国进入本库编年之首条，亦为夏姬线与楚晋争衡格局的接口：吴之车战、阵法与叛楚之谋皆自巫臣之教而起。狐庸（巫臣之子）受配角配额所限本轮未单立人物行，其名见 Q196。巫臣、吴子寿梦俱有明文在吴，presence 标「亲至」；子重、子反以奔命见文而不在吴，标「相关」。,L_WUDU,Z077,high,外交,1,20
