event_id,person_id,role_in_event,directness,presence
E002,P_LUHUAN,被拥立为鲁君,direct,相关
E003,P_WENJIANG,新妇/夫人姜氏,direct,亲至
E003,P_LUHUAN,鲁君/迎亲一方,direct,亲至
E003,P_QIXIANG,此时为齐太子或公子；齐侯为其父齐僖公,indirect,相关
E004,P_WENJIANG,母,direct,亲至
E004,P_LUHUAN,父,direct,亲至
E005A,P_ZHENGZHAO,曼伯/太子忽，为右拒,direct,亲至
E005A,P_GAOQUMI,奉中军护卫郑伯,direct,亲至
E007,P_ZHENGZHAO,复归为郑君,direct,亲至
E007,P_ZHENGLI,出奔蔡,direct,亲至
E008,P_ZHENGZHAO,被弑,direct,亲至
E008,P_GAOQUMI,弑君者,direct,亲至
E008,P_ZIWEI,被拥立,direct,亲至
E009,P_LUHUAN,赴齐者,direct,亲至
E009,P_WENJIANG,随行者,direct,亲至
E009,P_QIXIANG,齐侯,direct,亲至
E010,P_LUHUAN,遇害者,direct,亲至
E010,P_WENJIANG,与齐侯通,direct,亲至
E010,P_QIXIANG,主谋/齐侯,direct,亲至
E010,P_PENGSHENG,同乘并致死者,direct,亲至
E011,P_QIXIANG,杀郑君者,direct,亲至
E011,P_ZIWEI,被杀,direct,亲至
E011,P_GAOQUMI,被轘,direct,亲至
E011,P_JIZHONG,称疾免祸，迎郑子,direct,相关
E012,P_WENJIANG,孙于齐,direct,亲至
E013,P_WENJIANG,会齐侯,direct,亲至
E013,P_QIXIANG,会夫人姜氏,direct,亲至
E014,P_WENJIANG,享齐侯,direct,亲至
E014,P_QIXIANG,受享,direct,亲至
E015,P_WENJIANG,如齐师,direct,亲至
E015,P_QIXIANG,齐师背景,direct,相关
E016,P_WENJIANG,两会齐侯,direct,亲至
E016,P_QIXIANG,齐侯,direct,亲至
E017,P_QIXIANG,齐师之君,indirect,相关
E018,P_QIXIANG,被弑,direct,亲至
E018,P_WUZHI,弑君自立者,direct,亲至
E018,P_PENGSHENG,怪异叙事中被提及,indirect,相关
E019,P_WENJIANG,薨,direct,亲至
E020,P_WENJIANG,以小君礼葬,direct,亲至
E021,P_ZHENGHUAN,问计谋迁者,direct,亲至
E022,P_ZHENGZHUANG,出生（寤生）,direct,亲至
E022,P_WUJIANG,生母、恶之,direct,亲至
E023,P_ZHENGZHUANG,即位、继为卿士,direct,亲至
E024,P_ZHENGZHUANG,平叛并掘地见母,direct,亲至
E024,P_GONGSHUDUAN,叛乱失败出奔,direct,亲至
E024,P_WUJIANG,为段请制请京、将启之为内应；乱平后被置城颍、掘地见母而母子如初,direct,亲至
E024,P_YINGKAOSHU,献隧而相见之策,direct,亲至
E025,P_LUYIN,摄位,direct,亲至
E025,P_LUHUAN,年少待立之君,indirect,相关
E026,P_ZHENGZHUANG,怨王交质,direct,亲至
E026,P_ZHENGZHAO,公子忽为质于周,direct,亲至
E027,P_ZHENGZHUANG,主使,direct,相关
E027,P_JIZHONG,帅师取麦,direct,亲至
E028,P_LUYIN,观鱼者,direct,亲至
E028,P_ZANGXIBO,谏者,direct,相关
E029,P_ZHENGZHUANG,朝王受慢,direct,亲至
E029,P_ZHOUHUAN,不礼郑伯,direct,亲至
E030,P_ZHENGZHUANG,以祊易许田,direct,相关
E030,P_LUYIN,受祊之鲁君,direct,相关
E031,P_ZHENGZHUANG,以王命伐宋,direct,亲至
E031,P_LUYIN,败宋师于菅,direct,亲至
E031,P_YUFU,帅师会伐,direct,亲至
E032,P_ZHENGZHUANG,入许并处置许国,direct,亲至
E032,P_LUYIN,会伐,direct,亲至
E032,P_YINGKAOSHU,先登阵亡,direct,亲至
E033,P_LUHUAN,即位改元,direct,亲至
E033,P_YUFU,弑隐拥立、求大宰,direct,亲至
E034,P_ZHENGZHUANG,抗王师之郑伯,direct,亲至
E034,P_ZHOUHUAN,亲征中箭,direct,亲至
E034,P_ZHUDAN,射王中肩,direct,亲至
E035,P_ZHENGZHAO,帅师救齐,direct,亲至
E036,P_ZHENGZHAO,两辞齐婚,direct,亲至
E036,P_WENJIANG,初次拟婚对象,direct,相关
E037,P_ZHENGZHUANG,卒,direct,亲至
E037,P_ZHENGZHAO,嗣立在即,indirect,相关
E038,P_ZHENGZHAO,即位,direct,亲至
E038,P_JIZHONG,拥立,direct,亲至
E039,P_ZHENGZHAO,出奔卫,direct,亲至
E039,P_ZHENGLI,被立为君,direct,亲至
E039,P_JIZHONG,被执与宋盟,direct,亲至
E002,P_LUYIN,被弑者（配合E002修正合入）,direct,亲至
E002,P_YUFU,主谋弑君（配合E002修正合入）,direct,相关
E003,P_YUFU,如齐逆女,direct,亲至
E040,P_QIXIANG,主导迫纪,direct,相关
E041,P_QIHUAN,出奔莒,direct,亲至
E041,P_BAOSHUYA,预判乱作、奉小白出奔,direct,亲至
E041,P_QIXIANG,政令无常之乱源,indirect,相关
E042,P_WUZHI,被杀,direct,亲至
E042,P_QIHUAN,得归国之机,indirect,相关
E043,P_QIHUAN,自莒先入即位,direct,亲至
E043,P_GUANZHONG,遮莒道射钩（《史记》层）,direct,相关
E043,P_LUZHUANG,伐齐纳纠未及,direct,相关
E043,P_ZIJIU,争位失败,direct,相关
E044,P_LUZHUANG,亲征败绩、丧戎路,direct,亲至
E044,P_QIHUAN,齐师之君、亲在无文,direct,相关
E045,P_ZIJIU,被杀于生窦,direct,亲至
E045,P_SHAOHU,死之,direct,亲至
E045,P_GUANZHONG,请囚,direct,亲至
E045,P_BAOSHUYA,帅师来言、受管仲,direct,亲至
E045,P_LUZHUANG,迫于齐命行诛,direct,相关
E045,P_QIHUAN,主令讨纠,direct,相关
E046,P_GUANZHONG,堂阜脱械、入齐为相,direct,亲至
E046,P_BAOSHUYA,脱之并荐相,direct,亲至
E046,P_QIHUAN,从谏拜相（拜相在齐都，未至堂阜；「释怨」语义见 E187）,direct,相关
E047,P_LUZHUANG,亲战长勺,direct,亲至
E047,P_CAOGUI,请见论战、指挥鼓进,direct,亲至
E047,P_QIHUAN,伐鲁之君、亲在无文,indirect,相关
E048,P_LUZHUANG,败宋师于乘丘,direct,亲至
E049,P_QIHUAN,主令灭谭、亲往无文,direct,相关
E050,P_QIHUAN,主盟北杏,direct,亲至
E051,P_QIHUAN,主令灭遂、亲往无文,direct,相关
E052,P_QIHUAN,盟主、受劫而许（劫盟为《史记》层）,direct,亲至
E052,P_LUZHUANG,与齐盟、始及齐平,direct,亲至
E052,P_CAOGUI,劫盟者（《公羊》作曹子、《史记》作曹沫、《穀梁》称曹刿之盟；《左传》不及其人）,direct,亲至
E053,P_QIHUAN,始霸之会,direct,亲至
E054,P_LUZHUANG,即位,direct,亲至
E054,P_WENJIANG,出居于齐故不称即位,indirect,相关
E055,P_LUZHUANG,主王姬之婚、筑馆于外,direct,亲至
E055,P_QIXIANG,娶王姬（受之于齐）,direct,相关
E056,P_LUZHUANG,如齐观社,direct,亲至
E056,P_CAOGUI,谏（谏于鲁，未随往无文）,direct,相关
E056,P_QIHUAN,社祭所在之君、亲在无文,indirect,相关
E057,P_LUZHUANG,如齐逆女,direct,亲至
E057,P_AIJIANG,入鲁为夫人,direct,亲至
E057,P_QIHUAN,遣嫁公室女,indirect,相关
E058,P_LUZHUANG,病笃问后、薨于路寝,direct,亲至
E058,P_JIYOU,请奉子般、以君命鸩叔牙,direct,亲至
E058,P_SHUYA,言庆父材、被鸩,direct,亲至
E058,P_QINGFU,立嗣之争暗线,indirect,相关
E059,P_ZIBAN,被弑于党氏,direct,亲至
E059,P_QINGFU,主使（使圉人荦行弑）,direct,相关
E059,P_JIYOU,弑后奔陈,direct,相关
E059,P_AIJIANG,与庆父通而党之,indirect,相关
E004,P_LUZHUANG,出生（子同）,direct,亲至
E017,P_LUZHUANG,拒击齐师,direct,亲至
E019,P_LUZHUANG,母薨居丧,direct,亲至
E020,P_LUZHUANG,主小君之葬,direct,亲至
E001,P_ZHENGZHAO,少年从军（曼伯是否即忽有异说，从杨注系于忽）,direct,亲至
E060,P_ZHENGZHAO,寄居卫都,direct,亲至
E061,P_QIHUAN,救燕伐山戎（《史记》明书亲征）；公及齐侯遇于鲁济（庄公三十年经）与齐侯来献戎捷（三十一年经）为亲与旁证,direct,亲至
E062,P_QIHUAN,纳谏出师,direct,相关
E062,P_GUANZHONG,谏'诸夏不可弃',direct,相关
E063,P_QIHUAN,使公子无亏戍曹,direct,相关
E064,P_XUMU,赋载驰闵卫（至漕与否有异说）,direct,相关
E064,P_QIHUAN,戍曹归公乘马,direct,相关
E065,P_QIHUAN,合诸侯救邢迁邢,direct,相关
E066,P_WEIWEN,受封居楚丘,direct,亲至
E066,P_QIHUAN,主城楚丘之役,direct,相关
E067,P_QIHUAN,怒归蔡姬,direct,亲至
E068,P_QIHUAN,亲将伐楚主盟,direct,亲至
E068,P_GUANZHONG,责包茅、昭王之问,direct,亲至
E068,P_QUWAN,如师对答与盟,direct,亲至
E069,P_QIHUAN,会王世子,direct,亲至
E070,P_QIHUAN,主盟谋王室,direct,亲至
E071,P_QIHUAN,受胙下拜、主盟,direct,亲至
E071,P_ZAIKONG,代王赐胙而论之,direct,亲至
E072,P_GUANZHONG,平戎于王、辞上卿礼,direct,亲至
E072,P_QIHUAN,遣使于王,direct,相关
E073,P_GUANZHONG,卒,direct,亲至
E073,P_QIHUAN,病榻问相（《史记》层）,direct,亲至
E073,P_XIPENG,被荐、同岁前后卒,indirect,相关
E073,P_YIYA,被论当远,indirect,相关
E073,P_SHUDIAO,被论当远,indirect,相关
E073,P_KAIFANG,被论当远,indirect,相关
E074,P_QIHUAN,卒,direct,亲至
E074,P_YIYA,因内宠杀群吏,direct,亲至
E074,P_SHUDIAO,与乱立无亏,direct,亲至
E074,P_KAIFANG,后出层并称与乱,indirect,相关
E075,P_QIHUAN,使仲孙湫省难,direct,相关
E075,P_QINGFU,乱源被论,indirect,相关
E003,P_QIXI,齐君亲送女文姜于讙（左传评齐侯亲送为非礼）,direct,亲至
E031,P_QIXI,会盟约期共伐宋之齐君（隐十年公会齐侯于中丘、老桃）,direct,亲至
E032,P_QIXI,会伐入许之齐君（隐十一年公会齐侯郑伯伐许）,direct,亲至
E035,P_QIXI,乞师于郑、受郑师献捷之齐君（北戎伐齐，战在齐境）,direct,亲至
E036,P_QIXI,两请以女妻太子忽之齐君（主导议婚）,direct,亲至
E076,P_JINXIAN,伐骊戎娶骊姬（乱源之君）,direct,亲至
E076,P_LIJI,归晋生奚齐而嬖（欲立其子）,direct,亲至
E076,P_SHENSHENG,齐姜所生之嫡太子（追叙出身）,indirect,相关
E076,P_JINWEN,大戎狐姬所生（追叙出身）,indirect,相关
E076,P_JINHUI,小戎子所生（追叙出身）,indirect,相关
E077,P_JINXIAN,作二军自将上军,direct,亲至
E077,P_SHENSHENG,将下军（士蒍知其不立）,direct,亲至
E078,P_SHENSHENG,帅师伐东山皋落氏,direct,亲至
E078,P_JINXIAN,衣太子偏衣佩金玦以遣,direct,相关
E079,P_LIJI,置鸩谮太子,direct,亲至
E079,P_SHENSHENG,被谮奔新城自缢,direct,亲至
E079,P_JINXIAN,受谮者（祭之地墳）,direct,亲至
E080,P_JINWEN,居蒲被伐逾垣奔狄,direct,亲至
E080,P_JINHUI,居屈被伐后奔梁,direct,亲至
E080,P_JINXIAN,使寺人披伐蒲屈,direct,相关
E080,P_LIJI,谮二公子,indirect,相关
E081,P_JINXIAN,假道于虞灭虢灭虞（遣师）,direct,相关
E082,P_JINXIAN,卒于绛,direct,亲至
E082,P_LIJI,奚齐卓子之党（史记载乱后被杀）,indirect,相关
E083,P_JINHUI,赂秦入立而杀里克,direct,亲至
E083,P_QINMU,发兵纳夷吾（后遭背赂）,direct,相关
E084,P_JINHUI,战败被俘于韩原,direct,亲至
E084,P_QINMU,亲战获晋侯,direct,亲至
E085,P_JINHUI,卒于绛,direct,亲至
E085,P_JINHUAI,自秦逃归即位为怀公,direct,亲至
E085,P_QINMU,质子圉而怨其逃归,direct,相关
E086,P_JINWEN,过卫乞食于五鹿,direct,亲至
E086,P_HUYAN,受块稽首（天赐之谏）,direct,亲至
E086,P_ZHAOCUI,从亡在行,direct,亲至
E086,P_WEIWEN,不礼晋公子,indirect,相关
E087,P_JINWEN,安于齐被醉遣,direct,亲至
E087,P_QIJIANG,与子犯谋醉遣公子,direct,亲至
E087,P_HUYAN,与齐姜谋而被戈逐,direct,亲至
E087,P_QIHUAN,妻以宗女厚遇之,direct,相关
E087,P_ZHAOCUI,从亡在行,direct,亲至
E088,P_JINWEN,过曹被观骈胁,direct,亲至
E088,P_XIFUJI,馈盘飧置璧示礼,direct,亲至
E088,P_ZHAOCUI,从亡在行,direct,亲至
E089,P_JINWEN,过宋受赠马,direct,亲至
E089,P_HUYAN,从亡在行,direct,亲至
E090,P_JINWEN,过郑不见礼,direct,亲至
E090,P_HUYAN,从亡在行,direct,亲至
E091,P_JINWEN,对楚王诺退三舍,direct,亲至
E091,P_CHUCHENG,享晋公子而问报,direct,亲至
E091,P_HUYAN,从亡在行,direct,亲至
E091,P_ZHAOCUI,从亡在行,direct,亲至
E092,P_JINWEN,受秦纳与五女赋诗,direct,亲至
E092,P_QINMU,归女五人纳之入晋,direct,亲至
E092,P_ZHAOCUI,相礼赞赋诗（重耳拜赐）,direct,亲至
E092,P_HUYAN,子犯让赵衰从,direct,亲至
E093,P_JINWEN,济河入晋即位为文公,direct,亲至
E093,P_HUYAN,河上授璧请由此亡,direct,亲至
E093,P_QINMU,以师送入晋,direct,相关
E093,P_ZHAOCUI,从入,direct,亲至
E094,P_JINWEN,入而使杀怀公,direct,相关
E094,P_JINHUAI,被杀于高梁,direct,亲至
E095,P_JIEZHITUI,不言禄偕母隐于绵上,direct,亲至
E095,P_JINWEN,行赏求之不获以绵上为田,direct,相关
E096,P_JINWEN,勤王纳襄王杀子带,direct,亲至
E096,P_ZHOUXIANG,赖晋复位赐田,direct,亲至
E096,P_HUYAN,进勤王之义,direct,亲至
E097,P_JINWEN,围原退舍示信,direct,亲至
E098,P_JINWEN,退三舍而战败楚师,direct,亲至
E098,P_XIANZHEN,中军将定城濮之谋,direct,亲至
E098,P_HUYAN,将上军师直为壮,direct,亲至
E098,P_CHUCHENG,楚方之君（退居于申未亲至）,indirect,相关
E099,P_JINWEN,会诸侯受策为侯伯,direct,亲至
E099,P_ZHOUXIANG,策命晋侯为侯伯,direct,亲至
E100,P_JINWEN,卒于绛将殡曲沃,direct,亲至
E101,P_JIZHONG,识雍纠之谋而杀之、尸诸周氏之汪,direct,亲至
E101,P_ZHENGLI,使雍纠杀祭仲、谋败载尸出奔,direct,亲至
E101,P_YONGJIU,受厉公命谋杀岳父祭仲、事泄被杀,direct,亲至
E101,P_YONGJI,「人尽夫也」问母而以谋告父,direct,亲至
E102,P_JIZHONG,卒（卒年史无明载、约前682）,direct,亲至
E103,P_QIXI,与郑盟于石门之齐君,direct,亲至
E103,P_ZHENGZHUANG,与齐盟于石门之郑君,direct,亲至
E104,P_QIXI,卒（齐侯禄父卒）,direct,亲至
E104,P_QIXIANG,嗣立为齐襄公,direct,相关
E105,P_QIXI,与鲁盟于艾、齐鲁始平之齐君,direct,亲至
E105,P_LUYIN,会齐侯盟于艾之鲁君,direct,亲至
E106,P_ZHENGWU,娶申女武姜,direct,亲至
E106,P_WUJIANG,自申来嫁为武公夫人,direct,亲至
E107,P_WUJIANG,为共叔段请制请京（爱段之主动）,direct,亲至
E107,P_ZHENGZHUANG,许段居京、纳「多行不义必自毙」之算,direct,亲至
E107,P_GONGSHUDUAN,受京城之封、号京城大叔,direct,相关
E107,P_JIZHONG,谏「都城过百雉、国之害也」,direct,亲至
E108,P_CHUCHENG,弑兄堵敖代立、布德结好之楚君,direct,亲至
E109,P_ZIYUAN,令尹将车六百乘伐郑,direct,亲至
E109,P_CHUCHENG,楚君（师行君不亲、无亲至明文）,indirect,相关
E110,P_CHUCHENG,连年伐郑以服之之楚君（师行无亲至明文）,indirect,相关
E111,P_SONGXIANG,宋君亲战泓水、伤股,direct,亲至
E111,P_CHUCHENG,楚君（左传书「楚人」、无成王亲至明文）,indirect,相关
E112,P_ZIYU,令尹城濮败绩、自杀于连谷,direct,亲至
E112,P_CHUCHENG,使责子玉而致其死,direct,相关
E112,P_JINWEN,闻子玉死而喜「莫余毒也已」,direct,相关
E112,P_ZIWEN,荐子玉为令尹者（其举致败·不在死事之场）,indirect,相关
E113,P_SHANGCHEN,以宫甲围成王、弑父自立为穆王,direct,亲至
E113,P_CHUCHENG,被围请食熊蹯不许而缢,direct,亲至
E114,P_QINMU,求贤纳士、以五羖赎百里奚之秦君,direct,亲至
E114,P_BAILIXI,自楚赎归、相秦,direct,亲至
E114,P_JIANSHU,百里奚所举、厚币迎为上大夫,direct,亲至
E115,P_QINMU,纳「救灾恤邻」之议输粟济晋,direct,相关
E115,P_BAILIXI,献「救灾恤邻」之议,direct,亲至
E115,P_JINHUI,晋饥乞籴（受粟·在晋不在秦廷）,direct,相关
E116,P_ZHUZHIWU,夜缒出见秦伯而退其师,direct,亲至
E116,P_QINMU,受说与郑盟乃还,direct,亲至
E116,P_JINWEN,围郑之君（秦退晋亦去）,direct,相关
E117,P_JIANSHU,谏「劳师袭远」、哭师预言,direct,亲至
E117,P_QINMU,违谏出师东门之外,direct,亲至
E117,P_MENGMING,受命将师出东门,direct,亲至
E118,P_JINXIANGGONG,晋君墨衰绖败秦师于殽,direct,亲至
E118,P_XIANZHEN,中军将主战、怒释帅而唾,direct,亲至
E118,P_MENGMING,被俘之秦帅（后释归）,direct,亲至
E118,P_XIANGAO,矫郑君命犒师、纾郑难；矫命犒师于滑（非殽），使秦师知郑有备,direct,相关
E118,P_QINMU,违蹇叔遣师致败之君（不在战场）,indirect,相关
E119,P_QINMU,素服郊次、乡师而哭、不替孟明,direct,亲至
E119,P_MENGMING,归而蒙宥、复用之秦帅,direct,亲至
E120,P_QINMU,亲将济河焚舟、封殽尸,direct,亲至
E120,P_MENGMING,将秦师（用孟明）,direct,亲至
E120,P_JINXIANGGONG,晋不出战之君,indirect,相关
E121,P_QINMU,用由余谋、遂霸西戎,direct,亲至
E122,P_QINMU,卒、以子车三良为殉,direct,亲至
E068,P_CHUCHENG,楚方之君（未亲至召陵·屈完代对）,indirect,相关
E068,P_ZIWEN,时为楚令尹（未至召陵之场）,indirect,相关
E084,P_MUJI,秦穆公夫人·晋侯之姊，登台履薪请以死赎晋侯,direct,相关
E089,P_SONGXIANG,过宋以国礼赠马二十乘之宋君,direct,亲至
E091,P_ZIYU,请杀晋公子重耳（成王不许）,direct,亲至
E098,P_ZIYU,楚令尹将中军、败绩师宵遁,direct,亲至
E123,P_CHUZHUANG,即位三年不鸣而后奋发听政之楚君,direct,亲至
E124,P_CHUZHUANG,会秦巴之师灭庸之楚君,direct,亲至
E125,P_CHUZHUANG,观兵周疆而问鼎,direct,亲至
E125,P_WANGSUNMAN,劳楚子而对「在德不在鼎」,direct,亲至
E126,P_CHUZHUANG,平子越椒之乱、灭若敖氏,direct,亲至
E126,P_ZIYUEJIAO,作乱战于皋浒而族灭,direct,亲至
E126,P_ZIWEN,遗言预其灭若敖氏（已卒·追叙不在场）,indirect,相关
E127,P_CHUZHUANG,伐郑、盟辰陵服郑陈之楚君,direct,亲至
E128,P_CHUZHUANG,亲征邲、论止戈为武,direct,亲至
E128,P_SUNSHUAO,令尹主进「宁我薄人无人薄我」,direct,亲至
E128,P_WUCAN,主战而说庄王与晋战,direct,亲至
E128,P_ZICHONG,将左军,direct,亲至
E128,P_ZIFAN,将右军,direct,亲至
E128,P_XUNLINFU,晋中军将（主帅·败绩）,direct,亲至
E128,P_SHIHUI,晋上军将·谏而备独全军以退,direct,亲至
E128,P_XIANGU,晋中军佐·违命擅济致败,direct,亲至
E129,P_CHUZHUANG,围宋之楚君（投袂而起）,direct,亲至
E129,P_HUAYUAN,夜登子反之床告困而不屈,direct,亲至
E129,P_ZIFAN,围宋主将·被华元夜登其床,direct,亲至
E129,P_SHENZHOU,奉命使齐过宋不假道而被杀（围宋之因）,direct,亲至
E131,P_CHUZHUANG,用孙叔敖为相、听其政之楚君,direct,亲至
E131,P_SUNSHUAO,为令尹施教导民、国大治,direct,亲至
E132,P_CHUZHUANG,卒,direct,亲至
E133,P_CHUZHUANG,使士亹傅太子箴（委命·非亲执教）,direct,相关
E134,P_CHUCHENG,会于盂、执宋公以伐宋之楚君,direct,亲至
E134,P_SONGXIANG,会于盂被楚执之宋君,direct,亲至
E135,P_CHUCHENG,楚子及诸侯围宋之楚君,direct,亲至
E136,P_CHUCHENG,城濮战前入居于申、命子玉勿从晋师之楚君,direct,亲至
E136,P_ZIYU,受命去宋而违命请战（在宋前线·不在申）,direct,相关
E137,P_CHUCHENG,受郑伯始朝、亲赐之金之楚君,direct,亲至
E138,P_WEIZHUANG,娶齐东宫得臣之妹为夫人,direct,亲至
E138,P_ZHUANGJIANG,齐女嫁卫为夫人（美而无子）,direct,亲至
E139,P_ZHUANGJIANG,养戴妫之子完为己子,direct,亲至
E139,P_WEIHUAN,戴妫所生·庄姜子之（时尚幼）,direct,相关
E139,P_WEIZHUANG,娶陈戴妫生完,direct,相关
E140,P_ZHOUYU,嬖人子有宠好兵,direct,亲至
E140,P_ZHUANGJIANG,恶州吁,direct,亲至
E140,P_WEIZHUANG,有宠而弗禁（石碏谏不听）,direct,亲至
E141,P_ZHOUYU,弑桓公自立,direct,亲至
E141,P_WEIHUAN,立十六年为州吁所弑,direct,亲至
E141,P_ZHUANGJIANG,养子被弑（庄姜之痛）,indirect,相关
E142,P_WEIXUAN,为急子娶齐女而筑新台自纳之,direct,亲至
E142,P_XUANJIANG,齐女嫁卫·为宣公所纳,direct,亲至
E142,P_JIZI,所聘之齐女为父所夺,direct,相关
E143,P_JIZI,使如齐·盗待诸莘见杀,direct,亲至
E143,P_SHOUZI,窃旌先行代兄死,direct,亲至
E143,P_WEIHUI,与宣姜构急子·遣盗,direct,相关
E143,P_XUANJIANG,与朔构急子,indirect,相关
E144,P_WEIHUI,二公子立黔牟·奔齐,direct,亲至
E144,P_XUANJIANG,惠公母,indirect,相关
E145,P_ZHAOBO,齐人强其烝宣姜·生五子,direct,亲至
E145,P_XUANJIANG,为昭伯所烝·生戴文与许穆夫人,direct,亲至
E145,P_XUMU,昭伯宣姜所生之女（追叙）,indirect,相关
E145,P_WEIWEN,昭伯宣姜所生,indirect,相关
E146,P_CHUWEN,将楚师败蔡于莘·获蔡侯,direct,亲至
E146,P_CAIAI,蔡师败·被获于莘,direct,亲至
E146,P_XIGUI,将归过蔡见止（远因）,indirect,相关
E146,P_XIHOU,怒蔡侯弗宾·请楚,direct,相关
E147,P_CHUWEN,如息灭之·以息妫归,direct,亲至
E147,P_XIGUI,被纳归楚·「一妇事二夫」之答,direct,亲至
E147,P_XIHOU,设享招楚而息见灭,direct,亲至
E148,P_CHUWEN,以妫故入蔡,direct,亲至
E148,P_CAIAI,以莘怨绳息妫致楚入蔡（时在楚）,direct,相关
E148,P_XIGUI,楚以妫故（其言蔡）,indirect,相关
E149,P_XIGUI,生堵敖及成王,direct,亲至
E149,P_CHUCHENG,息妫所生（时初生）,indirect,相关
E149,P_CHUWEN,楚君·成王父,indirect,相关
E150,P_ZIYUAN,为馆于宫振万以蛊文夫人,direct,亲至
E150,P_XIGUI,闻振万而泣（文夫人）,direct,亲至
E151,P_JINXIAN,欲立骊姬为夫人·卜不吉筮吉从筮,direct,亲至
E151,P_LIJI,被立为夫人,direct,亲至
E152,P_QINMU,娶晋献公女为夫人,direct,亲至
E152,P_MUJI,晋女嫁秦为夫人,direct,亲至
E153,P_MUJI,登台履薪·请以死赎晋侯,direct,亲至
E153,P_JINHUI,秦所获之晋侯·将至（穆姬弟）,direct,相关
E153,P_QINMU,闻请乃改馆而礼晋侯,direct,相关
E092,P_MUJI,秦穆公夫人（后世或谓其劝纳重耳·经传无征·姑存异说）,indirect,相关
E155,P_GUANZHONG,奉公子纠奔鲁,direct,亲至
E155,P_SHAOHU,奉公子纠奔鲁,direct,亲至
E155,P_ZIJIU,出奔鲁,direct,亲至
E154,P_GUANZHONG,自鲁就囚、槛车东归,direct,亲至
E154,P_BAOSHUYA,受管仲（受之不系地，脱械在堂阜即 E046；如鲁无明文）,direct,相关
E044,P_GUANZHONG,随子纠居鲁（乾时鲁败，本人在阵无明文）,indirect,相关
E071,P_GUANZHONG,佐桓公主霸（葵丘会盟经无亲在明文）,direct,相关
E170,P_SONGXIANG,太子兹甫固请让国于其兄目夷,direct,亲至
E170,P_MUYI,受命为嗣而固辞、遂走而退,direct,亲至
E170,P_SONGHUAN,宋公疾、命子鱼为嗣,direct,亲至
E171,P_SONGXIANG,嗣立为宋君,direct,亲至
E171,P_MUYI,受命为左师以听政,direct,亲至
E171,P_SONGHUAN,春三月丁丑卒于宋,direct,亲至
E172,P_SONGXIANG,以诸侯伐齐、纳孝公之宋君（经书「宋公……伐齐」君将之辞；甗战经书「宋师」，判据见 docs/changes/r21_songxiang.md 三）,direct,亲至
E172,P_QIXIAOGONG,宋所纳而立之齐君（「立孝公而还」，其亲在甗之战阵无明文）,direct,相关
E173,P_SONGXIANG,亲盟于曹南、使邾文公用鄫子于次睢之社,direct,亲至
E173,P_MUYI,司马谏用人于社（谏对时地无明文）,direct,相关
E174,P_SONGXIANG,鹿上求诸侯于楚之宋君（经传书「宋人」、无宋公亲至明文）,direct,相关
E174,P_MUYI,谏「小国争盟，祸也」（谏对时地无明文）,direct,相关
E175,P_SONGXIANG,卒于宋，伤于泓故,direct,亲至
E071,P_SONGXIANG,居丧未葬而与葵丘之会，经书「宋子」,direct,亲至
E074,P_QIXIAOGONG,太子昭遭乱奔宋,direct,亲至
E111,P_MUYI,司马请击半渡、既败而论战,direct,亲至
E134,P_MUYI,谏「祸其在此乎、君欲已甚」（谏对时地无明文）,direct,相关
E176,P_CHENLING,与二卿戏于朝、告二子而弗禁其杀泄冶之陈君,direct,亲至
E176,P_KONGNING,请杀泄冶之陈卿,direct,亲至
E176,P_YIXINGFU,请杀泄冶之陈卿,direct,亲至
E176,P_XIEYE,谏「公卿宣淫，民无效焉」而见杀,direct,亲至
E176,P_XIAJI,《左传》记灵公与二卿与之有私（其本人在场无明文）,direct,相关
E177,P_XIAZHENGSHU,自其厩射杀陈灵公,direct,亲至
E177,P_CHENLING,饮酒于夏氏、出而见弑,direct,亲至
E177,P_KONGNING,与饮于夏氏、既弑而奔楚,direct,亲至
E177,P_YIXINGFU,与饮于夏氏、答「亦似君」、既弑而奔楚,direct,亲至
E177,P_XIAJI,事在夏氏之邑（其本人在场无明文）,direct,相关
E178,P_CHUZHUANG,伐陈入陈、杀夏徵舒、县陈而后复封之楚君,direct,亲至
E178,P_XIAZHENGSHU,为楚所杀、轘诸栗门,direct,亲至
E178,P_SHENSHUSHI,使齐反而谏「今县陈，贪其富也」（复命谏对之地无明文）,direct,相关
E178,P_KONGNING,为楚所纳还于陈,direct,亲至
E178,P_YIXINGFU,为楚所纳还于陈,direct,亲至
E178,P_XIAJI,楚以其子夏徵舒弑君故讨陈（其本人在场无明文）,direct,相关
E179,P_CHUZHUANG,议纳夏姬，经巫臣当面谏止而以予连尹襄老之楚君,direct,相关
E179,P_WUCHEN,两谏（当面谏止庄王、当面谏止子反）,direct,相关
E179,P_ZIFAN,欲取之，经巫臣当面谏止而止,direct,相关
E179,P_XIANGLAO,受王所予（其在场无明文）,direct,相关
E179,P_XIAJI,所议归属之人（其与议在场无明文）,direct,相关
E180,P_WUCHEN,遣人传辞「归，吾聘女」（使者代行）,direct,相关
E180,P_XIAJI,受传辞与召之人（其时所在无明文）,direct,相关
E180,P_XIANGLAO,已死于邲、其子黑要烝焉（追叙不在场）,indirect,相关
E181,P_XIAJI,自楚归郑（「王遣夏姬归」「将行，谓送者曰」）,direct,亲至
E181,P_CHUZHUANG,遣夏姬归郑之楚君（其不在郑）,direct,相关
E181,P_WUCHEN,聘诸郑（使者代行、其不在郑）,direct,相关
E182,P_WUCHEN,奉使聘齐、尽室以行、及郑以夏姬行而奔晋,direct,亲至
E182,P_XIAJI,自郑随巫臣奔晋,direct,亲至
E183,P_ZICHONG,杀巫臣之族、取子阎之室,direct,亲至
E183,P_ZIFAN,杀巫臣之族、取黑要与清尹之室,direct,亲至
E183,P_WUCHEN,族被杀于楚、自晋遗二子书（时在晋）,direct,相关
E183,P_XIAJI,巫臣之妻、其时在晋,direct,相关
E184,P_WUCHEN,使吴、教吴射御乘车战陈叛楚、寘其子狐庸为吴行人,direct,亲至
E184,P_SHOUMENG,说巫臣而受其教之吴君,direct,亲至
E184,P_ZICHONG,吴始伐楚、伐巢、伐徐而奔命（不在吴）,direct,相关
E184,P_ZIFAN,与子重一岁七奔命（不在吴）,direct,相关
E128,P_XIANGLAO,楚连尹、战死于邲不获其尸,direct,亲至
E133,P_SHENSHUSHI,答士亹问、论傅太子九法（问对时地无明文）,direct,相关
E043,P_BAOSHUYA,傅小白者（自莒同行先入无明文）,indirect,相关
E186,P_BAOSHUYA,辞宰让贤、荐管夷吾并献请诸鲁之计,direct,亲至
E186,P_QIHUAN,自莒反齐、使鲍叔为宰而卒从其言,direct,亲至
E186,P_GUANZHONG,所让所荐之人（时在鲁囚中）,indirect,相关
E093,P_JIEZHITUI,从亡在行、济河入晋（《史记》层：从在船中、笑子犯要市而自隐渡河）,direct,亲至
E095,P_JIETUIMU,两问其子而终与之偕隐,direct,亲至
E185,P_JIEZHITUI,所求不获者、绵上封田之所为（时已偕母隐去）,indirect,相关
E185,P_JINWEN,求之不获、以绵上为之田（亲至绵上无明文）,direct,相关
E187,P_GUANZHONG,对桓公问政，制国制鄙、作内政而寄军令,direct,亲至
E187,P_QIHUAN,亲逆管仲于郊、坐而问政而行其制,direct,亲至
E188,P_ZICHAN,独谏侵蔡之喜、预言晋楚交伐,direct,亲至
E189,P_ZICHAN,闻盗完守备、攻盗于北宫；请焚子孔之载书,direct,亲至
E190,P_ZICHAN,寓书于子西以告范宣子论重币（本人未随行至晋）,direct,相关
E191,P_ZICHAN,问为政于然明；以「政如农功」答子大叔,direct,亲至
E191,P_RANMING,对以「视民如子。见不仁者诛之，如鹰鹯之逐鸟雀也」,direct,亲至
E191,P_ZIDASHU,受子产语然明识人之言；问政于子产,direct,亲至
E192,P_ZICHAN,襚伯有、枕股而哭、敛殡而葬之,direct,亲至
E192,P_ZIPI,怒止驷氏攻子产：「杀有礼，祸莫大焉」,direct,亲至
E193,P_ZIPI,授政于子产；止其奔晋而逐丰卷；后委国政,direct,亲至
E193,P_ZICHAN,辞而后受政；使都鄙有章、田有封洫、庐井有伍,direct,亲至
E193,P_ZIDASHU,以「国皆其国也，奚独赂焉」问子产赂邑于伯石,direct,亲至
E194,P_ZICHAN,相郑伯如晋，使尽坏晋馆之垣而抗辩于士文伯,direct,亲至
E194,P_SHUXIANG,评曰「辞之不可以已也如是夫！子产有辞，诸侯赖之」,direct,相关
E195,P_ZICHAN,不毁乡校：「其所善者吾则行之，其所恶者吾则改之」,direct,亲至
E195,P_RANMING,问「毁乡校，何如」，闻答而服,direct,亲至
E195,P_KONGZI,《左传》系其评语：「人谓子产不仁，吾不信也」（追记之断）,indirect,相关
E196,P_ZICHAN,铸刑书以布法；复叔向书曰「吾以救世也」,direct,亲至
E196,P_SHUXIANG,自晋诒书责铸刑书：「民知有辟，则不忌于上」,direct,相关
E197,P_ZICHAN,两拒禳火之请，曰「天道远，人道迩」；火作而备守救灾,direct,亲至
E197,P_PIZAO,请用瓘斝玉瓒禳火，两言而两不见用,direct,亲至
E197,P_ZIDASHU,以「宝，以保民也」请用之，子产不可,direct,亲至
E198,P_ZICHAN,有疾，以宽猛之诲授政于子大叔,direct,亲至
E198,P_ZIDASHU,受遗言而为政；宽而多盗，悔而攻萑苻之盗,direct,亲至
E198,P_KONGZI,《左传》系其评语：「宽以济猛，猛以济宽，政是以和」,indirect,相关
E199,P_ZICHAN,卒于执政之位，凡二十二年,direct,亲至
E199,P_KONGZI,闻子产卒，出涕曰「古之遗爱也」（闻讣于鲁）,indirect,相关
E200,P_ZIFAN,楚司马将中军；战败后谷阳竖献饮而醉不能见；既归以亡君师自请死,direct,亲至
E200,P_ZICHONG,楚令尹将左军；战后责子反「初陨师徒者而亦闻之矣」,direct,亲至
E201,P_WEIJIANG,谏勿伐戎，进「和戎五利」之对；奉命盟诸戎,direct,亲至
E202,P_CUIZHU,称疾不视事而伺公于其室，遂弑之,direct,亲至
E202,P_QIZHUANG,问崔子之疾而入崔氏；登台请弗许，逾墙中股见弑,direct,亲至
E203,P_YANYING,立于崔氏之门外申不死不亡之义；入而枕尸股哭，三踊而出,direct,亲至
E203,P_CUIZHU,人劝杀晏婴，答以「民之望也，舍之得民」,direct,相关
E203,P_QIZHUANG,其尸在崔氏之室，为晏婴所哭（死者不作亲至论）,indirect,相关
E204,P_CUIZHU,立景公而自相之，与庆封盟国人于大宫,direct,亲至
E204,P_YANYING,不与崔庆之盟辞，仰天叹「婴所不唯忠于君、利社稷者是与」而歃,direct,亲至
E205,P_CUIZHU,杀直书之太史而不能夺其书,direct,相关
E205,P_QIZHUANG,太史所书「崔杼弑其君」之「君」即庄公光,indirect,相关
E206,P_XIANGXU,倡弭兵之谋，如晋如楚如齐告秦而四国皆许；既盟请赏而终辞邑,direct,亲至
E206,P_SHUXIANG,宋人享赵文子而为介；谓赵孟「子务德，无争先」，乃先楚人,direct,亲至
E207,P_YANYING,为父晏桓子服斩衰，食鬻居倚庐；家老谓非大夫之礼，答「唯卿为大夫」,direct,亲至
E208,P_YANYING,辞邶殿之邑六十，申「富如布帛之有幅」之幅利义,direct,亲至
E208,P_QIJING,分庆氏之邑，与晏婴邶殿其鄙六十；「公以为忠，故有宠」（赐邑之举有文而在场无文）,direct,相关
E209,P_YANYING,辞更宅；以「踊贵屦贱」对物价之问而谏刑；如晋归毁已成之新宅，复为里室,direct,亲至
E209,P_QIJING,欲更晏婴之宅而见辞，笑问贵贱得「踊贵屦贱」之对，「为是省于刑」,direct,亲至
E209,P_SHUXIANG,晏婴既告于君，「与叔向语而称之」——其语见 E210，本条其人不在齐,indirect,相关
E210,P_YANYING,如晋请继室，受礼与叔向宴语；答「此季世也……齐其为陈氏矣」,direct,亲至
E210,P_QIJING,使晏婴请继室于晋，己不行（使者代行）,indirect,相关
E211,P_QIJING,疾而闻请诛祝史，以告晏婴；既谏，使有司宽政、毁关、去禁、薄敛、已责,direct,亲至
E211,P_YANYING,谏诛祝史：「虽其善祝，岂能胜亿兆人之诅」「君若欲诛于祝史，脩德而后可」,direct,亲至
E212,P_YANYING,侍于遄台，答「据亦同也，焉得为和」，遂论「和如羹焉」,direct,亲至
E212,P_QIJING,至自田而谓「唯据与我和夫」，问和与同之异,direct,亲至
E213,P_QIJING,以彗星使禳之，闻谏乃止,direct,亲至
E213,P_YANYING,谏禳彗：「天道不謟，不贰其命」「君无秽德，又何禳焉」,direct,亲至
E214,P_QIJING,坐于路寝而叹「美哉室，其谁有此乎」；闻对而曰「吾今而后知礼之可以为国也」,direct,亲至
E214,P_YANYING,对以「其陈氏乎」「公厚敛焉，陈氏厚施焉」及「唯礼可以已之」,direct,亲至
E210,P_SHUXIANG,在晋与晏婴宴语；问「齐其何如」，继以「虽吾公室，今亦季世也」自道晋之衰,direct,亲至
E219,P_SHUXIANG,弟羊舌虎嬖于栾怀子而见杀，叔向连坐见囚；乐王鲋请为之言而弗应、出不拜，曰「必祁大夫」；既免，不告免焉而朝,direct,亲至
E219,P_QIXIDAFU,已告老，闻叔向见囚，乘馹见范宣子，举其「谋而鲜过、惠训不倦」为社稷之固而请宥之；既免，不见叔向而归,direct,亲至
E220,P_SHUXIANG,韩宣子忧贫而贺之：举栾武子之贫、郤昭子之富为对，断以「若不忧德之不建，而患货之不足，将吊不暇，何贺之有」,direct,亲至
E220,P_HANQI,以「有卿之名而无其实，无以从二三子」自陈其忧；闻叔向之对而拜稽首，曰「起也将亡，赖子存之」,direct,亲至
E221,P_SHUXIANG,羊舌氏之宗于是见灭，所杀者为其子杨食我；传于本条系「初，叔向欲娶于申公巫臣氏」一段追叙其娶与母谏,indirect,相关
E221,P_YANGSHIWO,党于祁盈助乱，夏六月与祁盈同见杀于晋，羊舌氏之宗遂亡，其田分为三县,direct,亲至
E081,P_MUJI,晋灭虞，执虞公及其大夫井伯以媵之于秦——秦晋媵事之经传明文在此；其人时在秦，不在虞,indirect,相关
E222,P_JIZHA,诸樊除丧将立之，引曹之子臧「能守节」为比而辞：「有國，非吾節也」；诸樊固立之，乃「棄其室而耕」,direct,亲至
E223,P_JIZHA,来聘于鲁，先戒叔孙穆子「不慎舉，何以堪之」，继请观于周乐，遍评十五国风、二雅三颂及六舞，末曰「觀止矣」；遂历聘齐郑卫晋，于晏平仲、子产、孙文子、叔向各有一语,direct,亲至
E224,P_HELU,时为吴公子光，谋于鱄设诸曰「我，王嗣也，吾欲求之」；伏甲于堀室而享王，伪足疾入于堀室,direct,亲至
E224,P_WULIAO,因楚丧而使二公子围潜、使季札聘于上国，国内空虚；赴公子光之享，虽被三重之卫而见弑于鱄设诸,direct,亲至
E224,P_ZHUANZHU,受公子光之命，寘剑于鱼中以进，抽剑刺王，鈹交于其胸,direct,亲至
E224,P_JIZHA,其时奉王僚之命聘于上国、遂聘于晋，传明书其不在吴；公子光谋弑之辞中所虑者正是「季子雖至，不吾廢也」,indirect,相关
E225,P_HELU,弑王僚而代立为吴王，以鱄设诸之子为卿,direct,亲至
E225,P_JIZHA,自上国还，至而曰「立者從之，先人之道也」，復命哭墓、復位而待,direct,亲至
E226,P_HELU,问伐楚之谋于伍员，自道「今余將自有之矣」；从其「亟肄以罷之，多方以誤之」之策，楚于是乎始病,direct,亲至
E227,P_HELU,传只书「伍員為吳行人以謀楚」而未书用之者，其为阖庐所用可由昭公三十年「闔廬從之」及本年伐楚之事推之，然经传无「阖庐使伍员为行人」之明文，故从严不作在场论,indirect,相关
E228,P_HELU,与蔡侯、唐侯伐楚，舍舟于淮汭而自豫章与楚夹汉；柏举之役不许夫概先击而其功卒成，五战及郢，庚辰入郢「以班處宮」,direct,亲至
E228,P_FUGAI,晨请先击子常之卒，阖庐弗许，乃以「臣義而行，不待命」径以其属五千先击而破楚师；及清发又以「困獸猶鬥」请半济而后击之,direct,亲至
E228,P_CAIZHAOHOU,经书「蔡侯以吳子及楚人戰于柏舉」，以蔡侯居首——本役以蔡为主唱；其怨起于前507 为令尹子常所留三年,direct,亲至
E228,P_NANGWA,为楚令尹而将楚师，弃沈尹戌夹击之谋，济汉列阵自小别至于大别，三战欲奔；柏举一战其卒先溃，遂出奔于郑,direct,亲至
E228,P_CHUZHAO,己卯取其妹季芊、畀我以出，涉雎济江入于云中，遇盗，奔郧、奔随，随人辞吴而全之；惟本条落点在柏举，昭王于柏举无在场之文，从严不作在场论,indirect,相关
E229,P_CHUZHAO,秦师救楚、吴子既归，「楚子入于郢」，赏鬬辛、王孙由于、申包胥诸人，申包胥逃赏,direct,亲至
E229,P_HELU,与自立之夫概战而胜之；吴师五败于秦楚之师，「吳子乃歸」；惟本条落点在郢，阖庐于本年之行止传只书其与夫概战而后归，未书其在郢，从严不作在场论,indirect,相关
E229,P_FUGAI,九月先归吴国而自立为王，与阖庐战而败，奔楚为堂谿氏；战地传不书，本条落点在郢，从严不作在场论,indirect,相关
E230,P_HELU,伐越，陈于槜李；越以罪人三行自刭乱其师，越子因而伐之，灵姑浮以戈击之，伤将指，取其一屨，还而卒于陉,direct,亲至
E230,P_GOUJIAN,御吴而陈于槜李，患吴之整，使死士再禽不动，乃使罪人三行属剑于颈而自刭；师属之目，因而伐之，大败吴师,direct,亲至
E241,P_FEIWUJI,为太子少师而无宠，欲谮诸王：先以「建可室矣」劝王自取所聘之秦女，继以「大城城父而寘大子焉」远之,direct,亲至
E241,P_CHUPING,使伍奢为太子师、费无极为少师；用无极之言自取秦女，又说而从其城城父之策,direct,亲至
E241,P_TAIZIJIAN,所聘之秦女为其父所取，又受策而出居城父；本条落点在楚廷，其人无在郢之明文,indirect,相关
E241,P_WUSHE,本年只见「使伍奢為之師」一语，为追叙其职而非本年之行动,indirect,相关
E242,P_CHUPING,信费无极「建與伍奢將以方城之外叛」之谗，执伍奢；使奋扬杀太子而奋扬遣之，召而赦之；以父质召伍奢二子，遂并杀奢与尚,direct,亲至
E242,P_FEIWUJI,进谗以成其事：既谗太子与伍奢，复献「盍以免其父召之」之计以致其二子,direct,亲至
E242,P_WUSHE,见执，对王曰「君一過多矣，何信於讒」；闻员不来，曰「楚君大夫其旰食乎」，与子尚同见杀,direct,亲至
E242,P_TAIZIJIAN,为谗所中，城父司马奋扬先遣之，三月奔宋；本条落点在郢，其人时在城父、继而出奔,indirect,相关
E242,P_WUYUAN,王以免父为辞召之而不往，谓「往而令讎不得報」之义由其兄尚代任；其时在外，无在郢之明文,indirect,相关
E243,P_WUYUAN,如吴，言伐楚之利于州于；闻公子光沮之，即知「彼將有他志」，乃退而求士，见鱄设诸而荐之，己耕于鄙,direct,亲至
E243,P_HELU,时为吴公子光，沮伍员伐楚之请曰「是宗為戮，而欲反其讎，不可從也」——其意不在楚而在王位,direct,亲至
E243,P_ZHUANZHU,为伍员所见而荐于公子光；传书其事系于「鄙」（郊野），非吴都，从严不作在场论,indirect,相关
E244,P_SHENBAOXU,如秦乞师，以「吳為封豕長蛇」陈利害；秦伯辞以就馆而不受，立依庭墙而哭，日夜不绝声、七日不饮，秦哀公为赋《无衣》，九顿首而坐,direct,亲至
E244,P_WUYUAN,传以「初」字追叙其与申包胥之约「我必復楚國」，为本条之所由起；其人时在吴军中，非本时本地之行动,indirect,相关
E244,P_CHUZHAO,昭王在随，申包胥乞师正为存其社稷；其人不在秦廷,indirect,相关
E226,P_WUYUAN,阖庐问伐楚之谋，对以「楚執政眾而乖，莫適任患」，献「亟肄以罷之，多方以誤之」之策，阖庐从之而楚始病,direct,亲至
E227,P_WUYUAN,为吴行人以谋楚——《左传·定公四年》明文，本库以此为伍员任职之系年（《史记》系于阖庐元年，早八年，见 Q349）,direct,亲至
E227,P_BOPI,伯州犁之孙，楚杀郤宛而伯氏之族出，遂为吴大宰以谋楚；与伍员同年同段并书,direct,亲至
E228,P_WUYUAN,《左传·定公四年》详叙柏举与入郢诸节而通篇无其名；其与本役之关联，经传所书者只在同年秋「伍員為吳行人以謀楚」（E227）。掘墓鞭尸之说出《史记》（Q377／Q378），《左传》无之，本库不据以补其在场,indirect,相关
E229,P_SHENBAOXU,「申包胥以秦師至」——秦子蒲、子虎帅车五百乘救楚，楚遂复国；昭王赏功而其辞曰「吾為君也，非為身也」，遂逃赏,direct,亲至
E245,P_FUCHA,报槜李之役而伐越，败越师于夫椒，遂入越；传只书「吳王夫差敗越于夫椒」，与「某人灭某」同为无在场之文者，依 §7 从严不作在场论,direct,相关
E245,P_GOUJIAN,为吴所败，以甲楯五千保于会稽；传书其保于会稽而不书其在夫椒之战地，从严不作在场论,direct,相关
E246,P_FUCHA,将许越成，伍员谏而弗听；三月越及吴平。传「吳子將許之，伍員曰……弗聽」，面对之谏，在场明文,direct,亲至
E246,P_WUYUAN,谏曰「樹德莫如滋，去疾莫如盡」，历陈少康中兴之事以为喻，谓越「與我同壤，而世為仇讎」，克而弗取则违天长寇；弗听，退而告人曰「越十年生聚，而十年教訓；二十年之外，吳其為沼乎」,direct,亲至
E246,P_BOPI,越大夫种因之以行成——传只书「因吳大宰嚭以行成」，为行成之介而无其在场之状，从严不作在场论,indirect,相关
E246,P_GOUJIAN,保于会稽，使大夫种因吴大宰嚭以行成；行成系遣使代行，其人在会稽，不在吴子之侧,indirect,相关
E247,P_FUCHA,帅师伐齐，「中軍從王」，艾陵之战「王卒助之，大敗齊師」；战前呼叔孙州仇而赐之甲剑鈹，曰「奉爾君事，敬無廢命」,direct,亲至
E247,P_GUOSHU,将齐中军战于艾陵，败胥门巢而为吴王卒所乘，齐师败绩，见获而死；鲁公使大史固归其元于齐，寘书于其上,direct,亲至
E248,P_WUYUAN,独惧越之朝吴，谏曰「越在我，心腹之疾也……越不為沼，吳其泯矣」；弗听。使于齐，属其子于鲍氏为王孙氏；反役而王赐属镂以死，将死曰「樹吾墓檟，檟可材也。吳其亡乎」,direct,亲至
E248,P_FUCHA,受越之朝与馈赂而喜，不听伍员之谏，闻其属子于齐而使赐属镂以死；传书「使賜之」，赐死系遣使代行，依 §7「使者代行」条从严不作在场论,direct,相关
E248,P_GOUJIAN,率其众以朝于吴，王及列士皆有馈赂，吴人皆喜而子胥独惧——传明书「越子率其眾以朝焉」，此为《左传》所记其入吴之唯一处,direct,亲至
E249,P_FUCHA,会单平公、晋定公于黄池；七月辛丑盟而与晋争先，曰「於周室，我為長」；司马寅视其色曰「今吳王有墨」，晋人乃姑待之,direct,亲至
E249,P_WANGSUNLUO,越入吴之报至，王合大夫而谋，雒先对曰「二者莫利……必會而先之」，复画夜陈慑晋之策；会毕，受命帅徒师焚宋北郛而过（皆见《国语·吴语》，《左传》无其名）,direct,亲至
E250,P_GOUJIAN,六月丙子伐吴，为二隧；乙酉战，丙戌复战，大败吴师而获其大子，丁亥入吴——传明书「越子至」,direct,亲至
E250,P_TAIZIYOU,与王子地、王孙弥庸、寿于姚自泓上观越师，止弥庸曰「戰而不克，將亡國，請待之」而不能止；丙戌复战，见获,direct,亲至
E250,P_FUCHA,其时在黄池之会，传书「吳人告敗于王，王惡其聞也，自剄七人於幕下」——所在为黄池，非吴都（本条落点），从严不作在场论,direct,相关
E251,P_FUCHA,御越师于笠泽，夹水而陈；越三军潜涉当吴中军而鼓之，吴师大乱而败,direct,亲至
E251,P_GOUJIAN,伐吴，为左右句卒，使夜或左或右鼓噪而进以分吴师，己以三军潜涉当其中军；《国语·吴语》并记其以私卒君子六千人为中军,direct,亲至
E252,P_FUCHA,在围城之中受楚隆之告，拜稽首曰「寡人不佞，不能事越，以為大夫憂」，与之一箪珠，使问赵孟曰「句踐將生憂寡人，寡人死之不得矣」——《左传》所记其生前之末一次言语,direct,亲至
E252,P_CHULONG,为赵孟之臣，请往践黄池之质：先造于越军请入视之，得许，乃告于吴王，自称「寡君之老無恤，使陪臣隆」,direct,亲至
E252,P_GOUJIAN,越围吴——传只书「越圍吳」，越子亲在围军中之文阙如（楚隆虽先造于越军而不书其见越子），从严不作在场论,direct,相关
E253,P_FUCHA,越灭吴，越人请使居甬东，辞曰「孤老矣，焉能事君」，乃缢；越人以归,direct,亲至
E253,P_GOUJIAN,灭吴——传书「越滅吳，請使吳王居甬東」，请者为越人，越子亲在之文阙如；《国语·吴语》记同事亦作「因使人告於吳王曰」（使者代行）。依 §7 两条通例从严不作在场论,direct,相关
E254,P_YUJI,观舟，为守舟之阍以刀所弑——阍者，吴伐楚所获之俘也,direct,亲至
E255,P_HELU,其时为吴公子光。楚人环堑以守所获之余皇，光请于其众曰「喪先王之乘舟，豈唯光之罪，眾亦有焉」，使长鬣者三人潜伏舟侧，夜以呼应之计乱楚师而取余皇以归,direct,亲至
E256,P_HELU,其时为吴公子光。献「七國同役而不同心，帥賤而不能整，無大威命，楚可敗也」之策，请以罪人先犯胡、沈与陈；战时「光帥右」,direct,亲至
E256,P_WULIAO,从公子光之策，以罪人三千先犯胡、沈与陈；战时「中軍從王」,direct,亲至
E257,P_HELU,执钟吾之君，遂伐徐，防山以水之；徐子章禹断发携夫人以逆，吴子唁而送之，使其迩臣从之,direct,亲至
E265,P_GOUJIAN,以甲楯五千保于会稽，号令三军求能助谋而退吴者，与之共知越国之政；得文种之对而执其手与之谋，遂使之行成于吴,direct,亲至
E265,P_WENZHONG,进对曰「今君王既棲於會稽之上，然後乃求謀臣，無乃後乎」，受命行成于吴，为越请「請句踐女女於王，大夫女女於大夫，士女女於士」以下之辞,direct,亲至
E265,P_FANLI,前此两谏勿伐吴而王弗听，「果興師而伐吳，戰於五湖，不勝，棲於會稽」；既栖，王召而问之，对以「持盈者與天，定傾者與人，節事者與地」，献卑辞尊礼之策,direct,亲至
E265,P_FUCHA,越所行成之对象；《左传》只书「遂入越」而不书吴子至会稽，「吳王追而圍之」出《史记》（S 层），依 §7 不据后出叙事补其在场,indirect,相关
E266,P_GOUJIAN,与范蠡入宦于吴，三年而吴人遣之（《国语·越语下》；《史记》则作范蠡与柘稽为质而勾践不与，两说互异）,direct,亲至
E266,P_FANLI,自陈「四封之外，敵國之制，立斷之事，種亦不如蠡也」，遂从王入宦于吴,direct,亲至
E266,P_WENZHONG,受命「守於國」——传文明书其不与行，presence 首用第三值「不在」（r28 裁定 c，史文明书其不在事发地）,indirect,不在
E267,P_GOUJIAN,越既灭吴，鲁始遣叔青使越，越使诸鞅报聘；传书两国使者往还而越子亲在之文阙如，依 §7「使者代行」条不作在场论,indirect,相关
E268,P_JIZHA,聘于齐，说晏平仲而戒之曰「子速納邑與政。無邑無政，乃免於難」,direct,亲至
E268,P_YANYING,受季札之戒，因陈桓子以纳政与邑，是以免于栾、高之难——传于其言之下即书其行与其效,direct,亲至
E269,P_JIZHA,聘于郑，见子产如旧相识，与之缟带而受其纻衣，戒以「鄭之執政侈，難將至矣，政必及子。子為政，慎之以禮」,direct,亲至
E269,P_ZICHAN,与季札一见如旧相识，献纻衣以报缟带；受「政必及子」「慎之以禮」之戒，其后果执郑政,direct,亲至
E270,P_JIZHA,适卫，说蘧瑗、史狗、史鰌、公子荆、公叔发、公子朝六人，曰「衞多君子，未有患也」；自卫如晋，将宿于戚而闻钟声，讥孙文子「君又在殯，而可以樂乎」，遂去之,direct,亲至
E270,P_QUBOYU,季札所说卫六君子之首（「說蘧瑗、史狗、史鰌、公子荊、公叔發、公子朝」）,direct,亲至
E271,P_JIZHA,适晋，说赵文子、韩宣子、魏献子，曰「晉國其萃於三族乎」；将行而戒叔向「吾子好直，必思自免於難」,direct,亲至
E271,P_SHUXIANG,受季札临行之戒「吾子勉之！君侈而多良，大夫皆富，政將在家。吾子好直，必思自免於難」,direct,亲至
E271,P_HANQI,时为韩宣子，与赵文子、魏献子同为季札所说，季札因有「晉國其萃於三族乎」之言,direct,亲至
E272,P_QINGJI,骤谏吴子「不改必亡」，弗听；出居于艾，遂适楚；闻越将伐吴，请归平越，归而欲除不忠者以说于越，为吴人所杀,direct,亲至
E272,P_FUCHA,所谏之吴子；传书「驟諫吳子……弗聽」而不书其地，杀之者传书「吳人」而非「吳子」，两重从严之下不作在场论、亦不以「吴人」径归之于王,indirect,相关
E245,P_FANLI,《国语·越语下》记其前此两谏勿兴师伐吴（「兵者，凶器也；戰者，逆德也」），王弗听而有本役之败；其人于战地之在场传与《国语》皆无文,indirect,相关
E246,P_WENZHONG,《左传》书「使大夫種因吳大宰嚭以行成」，《国语·越语上》载其行成之辞——为行成之使者而其在吴子之侧之状不书，从严不作在场论,indirect,相关
E250,P_FANLI,《国语·吴语》「越王句踐乃命范蠡、舌庸，率師沿海泝淮以絕吳路」——所率之师在江淮以绝吴归路，不在本条落点（吴都）,direct,相关
E253,P_FANLI,《国语·越语下》：吴使王孙雒行成，王欲许之，范蠡两谏而止，复代王应对其使者；「范蠡不報於王，擊鼓興師以隨使者，至於姑蘇之宮，不傷越民，遂滅吳」,direct,亲至
E253,P_WANGSUNLUO,《国语·越语下》：吴师自溃，吴王帅其贤良以上姑苏，使雒行成于越，与范蠡往复相辞（「子范子，先人有言曰：無助天為虐」），辞而反命；其人面见范蠡于军前，在场明文,direct,亲至
E273,P_QINMU,秦晋伐鄀围商密、囚申息二公以归之秦方（遣师·传书国不书君）,direct,相关
E273,P_JINWEN,秦晋伐鄀之晋方（遣师·传书国不书君）,direct,相关
E273,P_ZIYU,楚令尹追秦师弗及、遂围陈纳顿子,direct,相关
E274,P_KONGZI,为鲁公相（「孔丘相」），却莱人之兵、争载书之辞、止不果之享,direct,亲至
E274,P_QIJING,齐方之君，会鲁公于夹谷，从犁弥之谋而复遽辟之，归郓、讙、龟阴之田,direct,亲至
E274,P_LUDINGGONG,经传所书之会主：经「夏，公會齊侯于夾谷。公至自夾谷」，传「夏，公會齊侯于祝其，實夾谷」；孔丘以公退、齐侯将享公，皆以其人为所卫所享之主。r45 试点合入时其行未立，遂成「会主不在挂链中」之形，本批立行而回挂之（r44 裁定在案之回补义务）,direct,亲至
E275,P_LUZHAOGONG,纳公若、郈昭伯之谋而伐季氏，居于长府，杀公之于门而入之；季平子三请（待罪沂上、囚于费、以五乘亡）皆弗许，子家子谏而弗听；三家既合，与臧孙如墓谋，己亥孙于齐，次于阳州,direct,亲至
E275,P_QIJING,齐方之君。将唁公于平阴而公先至于野井，曰「寡人之罪也，使有司待於平陰，為近故也」；继许「自莒疆以西，請致千社」以待君命。**其人不在曲阜事发之地**，故从严标「相关」,indirect,相关
E276,P_ZHAOYANG,传所直书之行事者：「晉趙鞅、荀寅帥師城汝濱，遂賦晉國一鼓鐵，以鑄刑鼎，著范宣子所謂刑書焉」。**明书其在汝滨而铸鼎之地传无文**，本条落点在晋（L_XINTIAN），故从严标「相关」——行事之主未必亲至，判据在史文所书之地,direct,相关
E277,P_LUZHAOGONG,所葬者。其丧夏六月癸亥至自乾侯，秋七月癸巳葬于墓道之南，不入先君墓域。依 conventions §7 v1.22「死者不作亲至」通例，虽其柩在葬所，不构成在场意义之亲至，从严标「相关」／indirect,indirect,相关
E277,P_LUDINGGONG,继昭公而主鲁社稷者：六月戊辰即位，七月葬昭公。**经传于其人在葬所无明文**（经书「葬我君昭公」而不书公之与），故从严标「相关」,indirect,相关
E278,P_GONGSHANBUNIU,阳虎欲逐仲梁怀而告之，对曰「彼為君也，子何怨焉」，初不与其谋。传于同年别书「及費，子洩為費宰」一节，其「子洩」与本人是否一人系传文他篇（哀公八年）之内证所推，标 medium（见其人 notes）。**其人于稷门之盟无在场明文**，从严标「相关」,indirect,相关
E279,P_LUDINGGONG,被盟者，亦所盟之首：传「陽虎又盟公及三桓於周社」——盟之地在周社而公为盟之一方，合 conventions §7 所许之「盟」明文，标「亲至」,direct,亲至
E280,P_LUDINGGONG,为阳虎所劫以伐孟氏：传「陽虎劫公與武叔以伐孟氏」，明书其人在伐孟氏之役中，标「亲至」。其被劫非其所愿，然 presence 所答者是「身在何处」而非「出于何心」,direct,亲至
E280,P_GONGLIANCHUFU,成宰。先觉阳虎之谋而告孟孙（「季氏戒都車，何故？」「然則亂也，必及於子，先備諸」），与孟孙以壬辰为期；继「帥成人自上東門入，與陽氏戰于南門之內，弗勝；又戰于棘下，陽氏敗」——阳虎之败实由其手，明书其在曲阜城内之战地，标「亲至」,direct,亲至
E280,P_GONGSHANBUNIU,季寤、公鉏极、公山不狃皆不得志于季氏，与叔孙辄、叔仲志五人因阳虎，为阳虎欲去三桓之党。**传不书其与蒲圃之谋、棘下之战**，从严标「相关」,indirect,相关
E281,P_QIJING,齐方之君。阳虎奔齐请师以伐鲁，齐侯将许之，鲍文子谏「陽虎欲勤齊師也……親富不親仁，君焉用之」而止；乃执阳虎，将东之而反囚诸西鄙。**传不书其在执囚之地**，从严标「相关」,indirect,相关
E281,P_ZHAOYANG,阳虎亡命之所归：传「奔宋，遂奔晉，適趙氏」。传所书者是奔者至其门，非书赵鞅在何地，故从严标「相关」。传于其下系仲尼「趙氏其世有亂乎」一语（属评语账，本批不收）,indirect,相关
E282,P_LUDINGGONG,堕三都时之鲁君：费人袭鲁，「公與三子入于季氏之宮，登武子之臺」，费人攻之弗克而入及公侧；冬十二月「公圍成」，经复书「公至自圍成」。两处俱明书其在事发地，标「亲至」,direct,亲至
E282,P_GONGSHANBUNIU,堕费之对手方：「公山不狃、叔孫輒帥費人以襲魯」，攻武子之台而入及公侧，为仲尼所命之申句须、乐颀所败于姑蔑，遂与叔孙辄奔齐。明书其在曲阜之战地，标「亲至」,direct,亲至
E282,P_GONGLIANCHUFU,成宰。谏孟孙勿堕成：「墮成，齊人必至于北門。且成，孟氏之保障也，無成是無孟氏也。子偽不知，我將不墜」——三都所以堕其二而止者在此。**传不书其言于何地**，本条落点在曲阜，故从严标「相关」,direct,相关
E283,P_LUDINGGONG,受玉之主：「邾子執玉高，其容仰；**公受玉卑，其容俯**」——子贡即据此二君之容而断「二君者皆有死亡焉」「君為主，其先亡乎」。明书其人在朝礼之场，标「亲至」。是年夏五月公薨（E284），其言遂中,direct,亲至
E284,P_LUDINGGONG,所薨者：经「壬申，公薨于高寢」。依 conventions §7 presence 从严通例所许之「生卒于其地」明文，标「亲至」——其人于本条自始为行动主体（薨之为事，主体即其人），非以尸身入场，不属 v1.22「死者不作亲至」通例所指之情形,direct,亲至
E285,P_LUAIGONG,火所及之公宫之主：「季桓子至，**御公立于象魏之外**，命救火者：傷人則止，財可為也。命藏象魏，曰：舊章不可亡也」——明书其人为季桓子所御而立于象魏之外，在火所及之地，标「亲至」,direct,亲至
E286,P_CHUZHAO,所卒者，亦本条自始之行动主体：师于城父以救陈，卜战卜退俱不吉而曰「然則死也……其死讎乎」，命三公子为王，五辞而后许；「庚寅，昭王攻大冥，**卒于城父**」。先是有疾而不祭河，曰「三代命祀，祭不越望……河非所獲罪也」。合「生卒于其地」明文，标「亲至」,direct,亲至
E287,P_LUAIGONG,郊之战时之鲁君。冉求初请「二子從公禦諸竟」，季孙曰不能；继曰「若不可，則君無出」——**传不书公之出与不出**，「则君无出」是所献之策而非已然之记，故不作 conventions §6 v1.27「不在」（须史文正面明书其人身在别处），从严标「相关」,indirect,相关
E287,P_GUOSHU,齐方之将：「齊為鄎故，國書、高無平帥師伐我，及清」。**本条只书其帅师而无其在郊之明文**（传于郊战所书之齐方为陈瓘、陈庄诸人），依 §7「师行而君亲在无文」之从严通例标「相关」；同年五月艾陵之役（E247）经明书「獲齊國書」，故彼条标「亲至」。**同一人同一年两条而 presence 异，判据在史文所书之别，非在其人之分量**,indirect,相关
E288,P_LUAIGONG,用田赋时之鲁君。经「十有二年春，用田賦」、传「十二年春，王正月，用田賦」——**经传俱不书行之者之名**（其本源在哀公十一年季孙欲以田赋一节，属批乙）；所以挂之者只在其为在位之君，从严标「相关」,indirect,相关
E289,P_LUZHAOGONG,所卒者之夫：「昭夫人孟子卒。**昭公娶于吳，故不書姓**」——经之三不书（不书姓、不称夫人、不言葬小君）皆缘其娶同姓之讳。其人已先卒二十七年（前510），本条为追述其婚而及之，标「相关」／indirect,indirect,相关
E290,P_LUAIGONG,螽时之鲁君。经「冬，十有二月，螽」——**经传于其事无人之行动明文**（传所系者为季孙问、仲尼答一节，属批乙）；所以挂之者只在其为在位之君，从严标「相关」。本条挂链之薄已于事目 summary 与 CHANGES 登记,indirect,相关
E291,P_CHENHENG,作弑者：忌子我之得宠而骤顾诸朝；夏五月壬申以兄弟四乘如公，入而闭门，迁公于寝；子我出走而为陈氏所追杀。庚辰「陳恆執公于舒州」，六月甲午「齊陳恆弒其君壬于舒州」。明书其在公宫与舒州，标「亲至」,direct,亲至
E291,P_QIJIANGONG,见弑者，亦本条之行动主体之一：与妇人饮酒于檀台而成子迁诸寝，「公執戈將擊之」，为大史子余所止；见执于舒州而曰「吾早從鞅之言，不及此」；甲午见弑于舒州。合「生卒于其地」明文，标「亲至」,direct,亲至
E292,P_KUAIKUI,作难者：闰月与浑良夫蒙衣而乘，入孔氏之外圃，「大子與五人介，輿豭從之，迫孔悝於廁，強盟之，遂劫以登臺」；子路请燔台，「大子聞之懼，下石乞、盂黶敵子路」。孔悝遂立之为庄公。明书其在孔氏之台，标「亲至」,direct,亲至
E293,P_BAIGONGSHENG,作乱者：请伐郑复父雠不遂而自厉剑；吴人伐慎，败之而请以战备献，遂作乱。秋七月「殺子西、子期于朝，而劫惠王」，欲以子闾为王，不可而杀之，以王如高府；叶公入而国人攻之，「白公奔山而縊」。明书其在朝、在高府、在山，标「亲至」,direct,亲至
E293,P_YEGONG,定乱者：先谏子西勿召胜（「吾聞勝也詐而亂，無乃害乎」「復言非信也，期死非勇也，子必悔之」）而不见从；乱作，「葉公在蔡」而后入，「**葉公亦至，及北門**」，冕与免冕之间见民望所归，遇箴尹固而说之，「乃從葉公，使與國人以攻白公」。乱定兼令尹、司马二事而后让之，老于叶。明书其至北门、入郢，标「亲至」,direct,亲至
E293,P_TAIZIJIAN,本条之所由起，见于传首之追叙：「楚大子建之遇讒也，自城父奔宋……遂殺子木。**其子曰勝，在吳**，子西欲召之」——白公胜即其子，本条为库内 E242（费无极谗成、太子建奔宋）之收束续篇。其人已先卒（年月不书，见 P_TAIZIJIAN.notes），标「相关」／indirect,indirect,相关
E294,P_JILIANG,止随侯之追楚师，发「夫民，神之主也」之论——「隨侯將許之，季梁止之曰」「對曰：夫民，神之主也……君姑脩政而親兄弟之國，庶免於難」，随侯惧而修政，楚不敢伐（本人进言于随侯之前，在场明文）,direct,亲至
E294,P_SUISHAOSHI,受命董成，归而请追楚师——「隨人使少師董成」「王毀軍而納少師」「少師歸，請追楚師」；楚人之谋正以其人为着力处（「少師侈，請羸師以張之」「少師得其君」）,direct,亲至
E295,P_JILIANG,再谏而不从——「季梁請下之：弗許而後戰，所以怒我而怠寇也」；及望楚师，「季梁曰：楚人上左，君必左，無與王遇，且攻其右」，随侯弗从，战于速杞，随师败绩。【自限】秋「隨及楚平」一节传不书季梁，其亲至只及夏之战，不及秋之盟,direct,亲至
E295,P_SUISHAOSHI,主速战而沮季梁之请，身为随侯戎右而被获——「少師謂隨侯曰：必速戰，不然，將失楚師」「少師曰：不當王，非敵也。弗從」「隨侯逸，鬬丹獲其戎車，與其戎右少師」（在戎车上，明文）,direct,亲至
E206,P_KONGZI,传于宋人享赵文子之礼末系「仲尼使舉是禮也，以為多文辭」（`Q495`）——**其年前546，孔子时年六岁**，非当时之事，是《左传》成书时以其为礼之权衡而追叙之辞。其人于本年之享礼无在场之可言，从严标「相关」／`indirect`。本条是全帙孔子之名入传之第二早处（最早为襄公十年「生秦丕茲，事仲尼」，其时孔子未生，本批因骨架阙如未收）,indirect,相关
E221,P_KONGZI,评语账评-16（`Q516`「仲尼聞魏子之舉也，以為義」）所挂之骨架。**所评者是魏献子分祁氏、羊舌氏之田为十县而举其官**（`Q515`），即本事目所灭两族之田之所归——**灭其族在夏六月，分其田、举其官在秋，同章相接**，故判本事目为其内容最相关之既有骨架（§7 v1.16）。孔子于本条只是「聞」而评之，标「相关」／`indirect`。**本挂靠之判属须裁项，见 `CHANGES.md` §10 上报一**,indirect,相关
E276,P_KONGZI,评语账评-17（`Q517`「晉其亡乎！失其度矣」）所挂之骨架。所评即本事目之铸刑鼎。孔子于本条只是「聞」而评之，且其事在晋、其人在鲁，标「相关」／`indirect`,indirect,相关
E277,P_KONGZI,记事账记-7。传于葬昭公一节下书「**孔子之為司寇也，溝而合諸墓**」（库内 `Q462`，本批不重录）——是《左传》「**预叙**」之一式：传于甲年（定元，前509）预书乙年（孔子为司寇之年，在后）之事。其事既不在本年，其人于本年之葬礼自无在场之可言，从严标「相关」／`indirect`（预叙通例拟文见 `CHANGES.md` §6，随件供裁）。**批甲 `Q462` 注书「本库原文照录而不挂 `P_KONGZI`……其升格与其司寇一职之著录属批乙」，本条即其兑现**,indirect,相关
E281,P_KONGZI,评语账评-18（`Q518`「趙氏其世有亂乎」）所挂之骨架。所评者是阳虎之奔晋而适赵氏，传系此评于「適趙氏」之下。孔子于本条只是「聞」而评之，标「相关」／`indirect`。**批甲本事目 `P_ZHAOYANG` 挂链注已预告「属评语账，本批不收」，本条即其兑现**,indirect,相关
E282,P_KONGZI,记事账记-9。堕费之役，费人袭鲁而入及公侧，「**仲尼命申句須、樂頎下伐之，費人北**」（库内 `Q471`，本批不重录）——**全帙唯一一处孔子指挥军事行动之明文**。标「亲至」：其时「公與三子入于季氏之宮，登武子之臺」，而传书其命二人「**下**伐之」，「下」者自台而下，则命者与所命者同在台上——**此是史文用字自身之地理含义，非以身份推定在场**。批甲 `Q462` 注曾书「`Q471` 之『仲尼』系骨干事目引文中偶见其名，本库照录原文而俱不挂链……属批乙」，本条即其兑现,direct,亲至
E284,P_KONGZI,评语账评-19（`Q519`「賜不幸言而中，是使賜多言者也」）所挂之骨架。传于「公薨」之下系此评，而其所应之言在同年春子贡观邾隐公来朝之礼（库内 `E283`）——一评而系两目，本库骨架从传之所系（`E284`），其与 `E283` 之相系写在 `Q519` 注而不另挂一链。孔子于本条标「相关」／`indirect`,indirect,相关
E285,P_KONGZI,记事账记-10 与《国语》语-7。传明书「**孔子在陳**，聞火，曰：其桓、僖乎」（`Q505`），《国语·鲁语下》亦书「**仲尼在陳**，有隼集于陳侯之庭而死」（`Q506`）——**两书俱正面写出其人身在陈国，而本事目之火在鲁都**。依 conventions §6 v1.27，「不在」＝史文正面明书其人不在事发地（积极证据），与「相关」＝史文对其在场与否未置一词（消极证据）证据强度不同，本条正合前者，故取**「不在」**（本库第二处用此值，首用例 `E266`／`P_WENZHONG`）。**此值与 `docs/kaoding_kongzi.md` §1.2 记-10 所拟之「相关（在陈）」不同**——两值同为「非亲至」，从严一分未松，改的是证据强度之著录精度；理由与请裁见 `CHANGES.md` §10 上报三,indirect,不在
E286,P_KONGZI,评语账评-20（`Q520`「楚昭王知大道矣！其不失國也宜哉」）所挂之骨架。所评者是本事目之「初，昭王有疾……三代命祀，祭不越望……河非所獲罪也」（库内 `Q477`）。孔子于本条只是评之，且其事在楚、其人在鲁，标「相关」／`indirect`,indirect,相关
E287,P_KONGZI,评语账评-21（`Q521` 汪锜「能執干戈以衛社稷，可無殤也」）与评-22（`Q522` 冉有用矛「義也」）所挂之骨架，二评俱在郊战一章之末。孔子于本条只是评之，传不书其在郊、亦不书其在何处，标「相关」／`indirect`,indirect,相关
E289,P_KONGZI,记事账记-14。「**孔子與弔，適季氏。季氏不絻，放絰而拜**」（`Q507`）——**全帙孔子唯一之「行礼于人之丧」明文**：与吊、适季氏、放绖而拜，三者俱其亲身之行，且明书其所至之处（季氏），标「亲至」。本条是本批孔子七处「亲至」中最无争议者,direct,亲至
E290,P_KONGZI,记事账记-15。传于经「冬，十有二月，螽」之下系「**季孫問諸仲尼**，仲尼曰：丘聞之，火伏而後蟄者畢。今火猶西流，司厤過也」（`Q508`）——归此「异」于司历失闰，而不归于灾异之应。**`presence` 从严标「相关」，与 `docs/kaoding_kongzi.md` §1.2 记-15 所拟之「亲至」不同**：① 「問諸仲尼」只有「问」字而无「见」「訪」一类面见之明文，对照《国语·鲁语下》「季桓子穿井獲羊……**使問之仲尼**」可知「问之仲尼」正可以是遣使而问；② 2026-09-03 领队裁定「昭二十『相关』」所立之口径即「无面见明文不作亲至，不因语气亲近而松」，本条同型。理由与请裁见 `CHANGES.md` §10 上报四。**批甲 `Q483` 注已登记本事目之薄链（只挂在位之君一条），本条挂入后其链由 1 增至 2**,indirect,相关
E292,P_KONGZI,记事账记-18。「**孔子聞衛亂**，曰：柴也其來，由也死矣」（`Q512`）——传以两个人名作两句判断而不着一字之解。「闻」而已，传不书其时其人所在，故从严标「相关」／`indirect`；**不标「不在」**——「不在」须史文正面写出其身在何处（对照 `E285` 之「孔子在陳」），此处未写，即不代其写。子路（仲由）之人物行属批丙，本批不立行,indirect,相关
E296,P_KONGZI,记事账记-3。孟僖子将死，「吾聞將有達者曰**孔丘**，聖人之後也」「今其將在**孔丘**乎！我若獲沒，必屬說與何忌於**夫子**，使事之而學禮焉」，故孟懿子与南宫敬叔「**師事仲尼**」（`Q496`）；同章末系「仲尼曰：能補過者，君子也」一评（`Q497`）。**本条是《左传》「预叙」之显例**——传系其言于昭七（前535），而孟僖子实卒于昭公二十四年（前518），去本年十七年。孔子于本年之事无在场之明文（孟僖子之言是私属其大夫，非与孔子相与，且所属之事在其身后），从严标「相关」／`indirect`，不因其名两见于本章而升。时孔子年十七,indirect,相关
E297,P_KONGZI,记事账记-4。「**仲尼聞之，見於郯子而學之**。既而告人曰：吾聞之，天子失官，學在四夷，猶信」（`Q500`）——**《左传》全帙孔子亲身之行之首见**，时年二十七。「**見於**郯子」是面见之明文，标「亲至」；本库 `P_KONGZI.active_years_bce` 之起点（前525）即取于此（修-3）,direct,亲至
E297,P_LUZHAOGONG,郯子来朝之受朝者：经「秋，郯子來朝」，传「秋，郯子來朝，**公與之宴**」（`Q498`／`Q499`）——明书其与郯子共宴，合 §7 presence 通例「会、盟、战、朝」之在场明文，标「亲至」。本条是 `P_LUZHAOGONG` 于本库第三条挂链（另二条为 `E277` 葬昭公「相关」、`E289` 昭夫人孟子卒「相关」），亦是其唯一一条「亲至」,direct,亲至
E298,P_KONGZI,记事账记-11 与记-12 之并条（2026-09-03 领队裁定「哀十一并条『亲至』」在案）。「文子怒，欲攻之，**仲尼止之**」（`Q501`）；「孔文子之將攻大叔也，**訪於仲尼**。仲尼曰：胡簋之事，則嘗學之矣；甲兵之事，未之聞也。**退，命駕而行**……**文子遽止之**……魯人以幣召之，**乃歸**」（`Q502`）。标「亲至」——一往（訪於仲尼）一去（命駕而行）一挽（文子遽止之），面见之明文三处俱在。本条亦是全帙唯一之「孔子归鲁」明文，与唯一一次自道其学之所在,direct,亲至
E299,P_KONGZI,记事账记-13。「季孫欲以田賦，**使冉有訪諸仲尼**。仲尼曰：丘不識也。三發……仲尼不對，而**私於冉有曰**：君子之行也，度於禮……弗聽」（`Q503`）；《国语·鲁语下》记同事而作「季康子」（`Q504`）。标「亲至」——「訪」是就而问之，「私於冉有曰」是面对之语，在场明文俱全（照 §7 v1.19 判例）。季孙遣使而不亲往，其人属批丙，本批不立行、不挂链,direct,亲至
E300,P_KONGZI,记事账记-16。「叔孫氏之車子鉏商獲麟，以為不祥，以賜虞人。**仲尼觀之，曰：麟也。然後取之**」（`Q510`）。标**「相关」**——观、取二事俱其亲身之行，然「亲至」之据须落在**事发地之明文**，本条恰缺此件：其观之之地是否即本条落点大野（`L_DAYE`），传无文——麟既「以賜虞人」，则观之之处或在虞人所居，而虞人之居传亦不书。**行动明文而无地者不得当亲至，此判一体贯彻**（2026-09-08 领队裁定，不为本条开「行动可代地」之口）；「觀之」「取之」之行动实录仍全见于此、`E300.summary`、`Q510` 注、`L_DAYE.coord_basis` 四处，presence 之从严不没其行动之实,indirect,相关
E301,P_KONGZI,记事账记-17。「**孔丘三日齊，而請伐齊三**。公曰：魯為齊弱久矣……對曰：陳恆弒其君，民之不與者半……公曰：子告季孫。**孔子辭**，退而告人曰：吾以從大夫之後也，故不敢不言」（`Q511`）。标「亲至」——「公曰／對曰／公曰／孔子辭」四番往复，君臣面对之明文俱全。**「吾以從大夫之後也」是孔子在《左传》全帙中对自己身位的唯一一次自述**,direct,亲至
E301,P_LUAIGONG,孔丘所请之君：「**公曰：魯為齊弱久矣，子之伐之，將若之何？**」「**公曰：子告季孫。**」（`Q511`）——两番亲答，面对之明文俱全，标「亲至」。其答之实，是把国事推给私门（季孙），而孔子以「辭」应之——本条之枢在此,direct,亲至
E302,P_KONGZI,记事账记-19。经「夏，四月，己丑，孔丘卒」（`Q513`，**《春秋》经全帙书孔子之唯一一见**）；传备记哀公之诔与子贡之讥（`Q514`）。**`presence` 从严标「相关」／`indirect`，其据在经传书其卒而不书其卒之地**——§7 presence 通例许「生卒于其地」为亲至之明文，而「孔丘卒」四字无地；`E284`「公薨于**高寢**」、`E286`「卒于**城父**」则有，**判据之别只在这一个地名的有无**。（`docs/kaoding_kongzi.md` §1.2 记-19 原据 §7 v1.22「死者不作亲至」通例而得同一结论；本批改从「卒地无明文」立论——v1.22 所指者是死者以尸身入他事之场，而本条之卒者即本条自始之行动主体，援之不切。**结论未变而依据链换过一次，照 §7 v1.29 于此留痕**。）本条落点取 `L_QUFU`，据者是哀公诔之与经之系鲁，非其卒地之明文，故不因落点而升其 presence,indirect,相关
E302,P_LUAIGONG,为孔丘作诔者：「**公誄之曰**：旻天不弔，不憖遺一老……嗚呼哀哉！尼父！無自律」（`Q514`）。**传不书其诔于何地**，从严标「相关」／`indirect`——诔是辞而非行，无在场之明文。子贡当场判之「生不能用，死而誄之，非禮也；稱『一人』，非名也。君兩失之」，是本库所收对在位之君最重的一句当面之评；子贡之人物行属批丙，本批不立行,indirect,相关
E176,P_KONGZI,《左传》系其评语：「民之多辟，無自立辟，其洩冶之謂乎」（追记之断）,indirect,相关
E278,P_YANGHU,作事者。季平子卒，欲以璵璠敛而仲梁怀弗与，遂谋逐之；乙亥囚季桓子及公父文伯而逐仲梁怀，十月丁亥杀公何藐，「己丑，盟桓子于稷門之內」，庚寅大诅。**标「亲至」之据在「盟……于稷門之內」一句**——盟为 §7 通例明列之在场明文，稷门为鲁都城门（本事目落点 L_QUFU）。**一处自陈**：该句主语承前省（前句「陽虎囚季桓子」），非本句再书其名，此层已入 CHANGES §5.1 上报,direct,亲至
E279,P_YANGHU,作盟者：「陽虎又盟公及三桓於周社，盟國人于亳社，詛于五父之衢」（Q464）——主语与地俱本句之明文，周社、亳社、五父之衢皆在鲁都，合 §7 通例所许之「盟」，标「亲至」。所盟者上及国君、下及国人，是陪臣执国命之极致,direct,亲至
E280,P_YANGHU,谋主：季寤等五人因之，欲去三桓而己更孟氏；壬辰将享季氏于蒲圃而杀之，「陽虎前驅」，谋败而「陽虎劫公與武叔以伐孟氏」，战于南门之内、再战于棘下而阳氏败；「陽氏說甲如公宮，取寶玉、大弓以出，舍于五父之衢，寢而為食……虎曰：魯人聞余出，喜於徵死，何暇追余」（Q467）——**「舍于五父之衢」与其下之「虎曰」是其人在该地之明文**，标「亲至」,direct,亲至
E281,P_YANGHU,本目之主。「夏，陽虎歸寶玉、大弓」「六月，伐陽關。陽虎使焚萊門，師驚，犯之而出，奔齊」「齊侯執陽虎，將東之。陽虎願東，乃囚諸西鄙」「載蔥靈，寢於其中而逃……囚於齊，又以蔥靈逃，奔宋，遂奔晉，適趙氏」（Q469）——「奔」为 §7 通例明列之在场明文，且阳关、莱门、齐之西鄙、宋、晋赵氏俱有地之明文，标「亲至」。**本目 place_id 留空不碍其亲至**：留空之由是「行迹历四方，无单一事发地」（r50 裁七在案），非其地不明；库内同型先例见 E293（白公胜、叶公俱「亲至」）、E246（夫差、伍员俱「亲至」）,direct,亲至
E282,P_ZILU,堕三都之发起者：传本节首句明书「仲由為季氏宰，將墮三都」（Q471），发其事者是其人（时为季氏宰，有其位）。**presence 从严标「相关」**——「為季氏宰」是职任之明文、「將墮三都」是行动之明文，而**传不书其人在本目事发地（曲阜）之一字**；依 §7 v1.42 判例「『亲至』之据须落在事发地之明文，行动明文不足以代之」（首例 E300），不为本条开「行动可代地」之口。其发难之实全见于 summary 与 Q471，不因值改而没其事,direct,相关
E292,P_ZILU,死于本难者。栾宁使告之，「季子將入，遇子羔將出」，子羔曰「弗及，不踐其難」，对曰「食焉，不辟其難」；「子路入，及門」，请燔台，「大子聞之，懼，下石乞、盂黶敵子路，以戈擊之，斷纓。子路曰：君子死，冠不免。結纓而死」（Q486 及本批新增 Q524）——入其门、战其地、死其地三事俱明文，合 §7 通例所许之「战」与「生卒于其地」，标「亲至」,direct,亲至
E283,P_ZIGONG,观礼而断者：「邾隱公來朝，子貢觀焉……子貢曰：以禮觀之，二君者皆有死亡焉……君為主，其先亡乎」（Q473）。标「亲至」——朝礼在鲁廷（本目落点 L_QUFU），观其执玉受玉之容者必身在其场，合 §7 通例所许之「朝」；**与 E300「觀之」判「相关」之别**：彼之观麟之地传既不书（麟已赐虞人），此之朝礼之地即本目落点，两者不同型。本目 summary 原已明记「子贡……本批不立行、不挂链」，本批回挂即清此账,direct,亲至
E284,P_ZIGONG,本目所系评语之所指。传于「公薨于高寢」之下系仲尼之评「賜不幸言而中，是使賜多言者也」（Q519），所评者即其人同年春之言（E283）。**presence 从严标「相关」**——其名只见于评语之中，本人于公薨之事无行动、无在场之明文；directness 取 indirect,indirect,相关
E247,P_ZIGONG,阵前代对者：「將戰，吳子呼叔孫曰：而事何也……叔孫未能對，衛賜進曰：州仇奉甲從君而拜」（Q392，已在库）。标「亲至」——「進」是阵前趋前之行，事在艾陵之将战（本目落点 L_AILING），其人身在军中方能进而代对。**本目 summary 原已明记「卫赐（子贡）进曰……人物配额所限本件未立行」，本批回挂即清此账**,direct,亲至
E302,P_ZIGONG,当场判哀公之诔为非礼者：「子贛曰：君其不沒於魯乎……生不能用，死而誄之，非禮也；稱一人，非名也。君兩失之」（Q514）。**presence 从严标「相关」**——其言为辞而非行，**传不书其言于何地**；此判与本目既有之 P_LUAIGONG（「傳不書其誄於何地……誄是辭而非行，無在場之明文」）同一口径，两行相对而观其一致,indirect,相关
E287,P_RANYOU,季氏之宰、左师之帅。三献其策而卒定背城之战（Q479）；「冉求帥左師，管周父御，樊遲為右」，「冉有以武城人三百，為己徒卒，老幼守宮，次于雩門之外」；战于郊而「冉有用矛於齊師，故能入其軍」（Q522），孔子评曰「義也」；齐人遁而「冉有請從之三」，季孙弗许。标「亲至」——**「次于雩門之外」是地之明文**（雩门为鲁都城门，本目落点 L_QUFU），「用矛於齊師」是战之明文，二者俱足。本目 summary 原已明记「冉有、樊遲属配角批，本批俱不收、不立行」，本批回挂即清此账（樊迟仍不立，见 CHANGES §6）,direct,亲至
E299,P_RANYOU,受命而访者：「季孫欲以田賦，使冉有訪諸仲尼……仲尼不對，而私於冉有曰」（Q503）；《国语·鲁语下》同事作「季康子欲以田賦，使冉有訪諸仲尼。仲尼不對，私於冉有曰：求來……」（Q504）。标「亲至」——「訪」是就而问之、「私於冉有」是面语之，面见之明文俱全，与本目既有之 P_KONGZI 同一判据,direct,亲至
E299,P_JIKANGZI,发田赋之议者。**其名不出于《左传》而出于《国语·鲁语下》**：传作「季孫欲以田賦」（Q503），《国语》作「季康子欲以田賦」（Q504，已在库）——两书所记之问者异名，本目 summary 已依「并陈不裁」之精神两存。**presence 从严标「相关」**：「使冉有訪諸仲尼」是**使者代行**，依 §7 presence 从严通例明列之「使者代行」条不作在场论；两书俱不书其人在何地，亦不书其与仲尼相见,indirect,相关
E278,P_JIHUANZI,被囚被盟者：「乙亥，陽虎囚季桓子及公父文伯」「己丑，盟桓子于稷門之內」（Q463）。标「亲至」——被囚、被盟之地（稷门之内，鲁都城门）有本句之明文，合 §7 通例所许之「盟」。其继季平子为季氏宗主亦在本目之年（「既葬，桓子行東野」）,direct,亲至
E280,P_JIHUANZI,阳虎所将杀而竟免者：「陽虎前驅，林楚御桓子……將如蒲圃，桓子咋謂林楚曰：而先皆季氏之良也……桓子曰：何後之有？而能以我適孟氏乎……桓子曰：往也」，「林楚怒馬，及衢而騁」入于孟氏，其后「陽欲殺桓子，孟孫懼而歸之」（本批新增 Q526）。标「亲至」——其人在车上驰过衢而入孟氏，行止之地俱明文,direct,亲至
E282,P_JIHUANZI,堕费之主。《春秋·定公十二年》经明书「季孫斯、仲孫何忌帥師墮費」（Q470）。**presence 从严标「相关」**——帅师之明文而**无其亲在事发地之文**，依 §7「师行而君亲在无文」之通例；传之「公與三子入于季氏之宮，登武子之臺」之「三子」虽当含其人，而传未列其名，须凭推定，不作亲至之据。**此一处上报待裁**（CHANGES §7 上报四）；directness 取 direct（帅师堕费是其本人之行）,direct,相关
E285,P_JIHUANZI,火中命藏象魏者：「季桓子至，御公立于象魏之外，命救火者：傷人則止，財可為也。命藏象魏，曰：舊章不可亡也」（Q475，已在库）。标「亲至」——「至」与「象魏之外」俱本句之明文，与本目既有之 P_LUAIGONG（「為季桓子所御而立于象魏之外」）互为表里。**本目亦其卒之年**（是年秋七月丙子卒）,direct,亲至
E285,P_ZIFUJINGBO,火中命出礼书者：「子服景伯至，命宰人出禮書，以待命，命不共，有常刑」（Q475，已在库）。标「亲至」——「至」于火所及之公宫，与同目南宫敬叔、公父文伯、季桓子诸「至」同形。一场火中所先者是典册而非财货，本条是其四人之一,direct,亲至
E249,P_ZIFUJINGBO,折吴使而见囚者：「吳人將以公見晉侯，子服景伯對使者曰：王合諸侯，則伯帥侯牧以見於王……且執事以伯召諸侯，而以侯終之，何利之有焉？吳人乃止。既而悔之，將囚景伯……遂囚以還。及戶牖，謂大宰曰……大宰嚭言於王曰：無損於魯，而祗為名，不如歸之。乃歸景伯」（本批新增 Q525）。标「亲至」——其事在黄池之盟（本目落点 L_HUANGCHI），「將囚景伯」「遂囚以還」是见执于会所而随吴师去之明文，**见执于其地者必在其地**。本目 summary 原已明记「子服景伯……本件未立行」，本批回挂即清此账,direct,亲至
E294,P_CHUWU,本目之楚方之君，亦本目题中之人。「**楚武王侵隨**，使薳章求成焉，**軍於瑕以待之**」；鬬伯比献「少師侈，請羸師以張之」之谋，熊率且比难之，伯比申以「少師得其君」，「**王毀軍而納少師**」（`Q489`）——毁军与纳少师俱其亲身之行。**presence 从严标「相关」，其据在此**：本目落点为 `L_SUIGUO`（随），而传于其人所书之**有地之明文只「軍於瑕」一处，瑕非本目落点且其地望本库无从核**（`E294.summary` 自著「楚军所驻之瑕，地望本轮无从核，不立点、不代推」）；「侵隨」是行动之明文而非其人在随之明文，与库内 `E245`「吳王夫差敗越于夫椒」判「相关」同型。依 §7 v1.42 判例（「亲至」之据须落在事发地之明文，行动明文不足以代之）从严。**不因『本目以其人为题』径判亲至**（同裁九之判）。其毁军纳少师之实全见于 `summary` 与 `Q489`，不因值改而没其事,direct,相关
E295,P_CHUWU,本目之楚方之君。「夏，**楚子合諸侯于沈鹿**。黃、隨不會，使薳章讓黃。**楚子伐隨，軍於漢淮之間**」（`Q492`）；季梁谏随侯「**無與王遇**」，少师曰「**不當王**，非敵也」（`Q493`）；「秋，隨及楚平。**楚子將不許**。鬬伯比曰：天去其疾矣，隨未可克也。**乃盟而還**」（`Q494`）。**presence 从严标「相关」，其据在此**：本目落点为 `L_SUIGUO`（随），而传于其人所书之有地之明文有二——**沈鹿**（会诸侯）与**汉、淮之间**（军），**二地俱非本目落点，且沈鹿、速杞、汉淮之间三地之地望本库俱无从核**（`E295.summary` 自著）；「楚子伐隨」同 `E245` 之型；速杞之战传**不书楚子在战地**；秋之盟传**不书盟于何地**。**一处须记之勘正**：本轮任务书作「传书『楚子**親**伐隨』」，而底本（维基文库《春秋左氏傳·桓公》）实作「**楚子伐隨**」，**无「親」字**，`Q492` 库内引文亦无之——此字正是本判之枢，故不敢以任务书之文代底本之文，详见 `CHANGES.md` §4 上报一,direct,相关
