id,person_id,state,office,start_year_bce,end_year_bce,start_basis,end_basis,start_basis_type,end_basis_type,title_text,title_evidence,title_certainty,certainty,source_ids,verify_status
TEN001,P_XIANZHEN,晋,中军将,-632,-627,僖公二十八年（前632）二月「晉郤縠卒。原軫將中軍」,僖公三十三年（前627）八月「免冑入狄師，死焉」；同年「襄公以三命命先且居將中軍」,明文,明文,將中軍（僖公二十八年「原軫將中軍」）,將中軍,明文,high,Z050;Z056,电子本
TEN002,P_XIANQIEJU,晋,中军将,-627,-622,僖公三十三年（前627）「反自箕，襄公以三命命先且居將中軍」,推：传无「先且居卒」字面；文公五年（前622）「霍伯……皆卒」，霍伯即先且居系杜注之说；明文上限为文公六年（前621）夷之蒐「使狐射姑將中軍」。取前622（据杜注）,明文,推,將中軍（僖公三十三年；文公二年）,將中軍,明文,medium,Z056;Z134;Z059,电子本
TEN003,P_HUSHEGU,晋,中军将,-621,-621,文公六年（前621）春「晉蒐于夷……使狐射姑將中軍」,文公六年（前621）春「改蒐于董，易中軍」,明文,明文,將中軍（文公六年）,將中軍,明文,high,Z059,电子本
TEN004,P_ZHAODUN,晋,中军将,-621,-601,文公六年（前621）春「改蒐于董，易中軍……宣子於是乎始為國政」,推：传无赵盾卒或去职之文；经末见宣公六年（前603）「晉趙盾、衛孫免，侵陳」；明文上限宣公八年（前601）「郤缺為政」。取前601,明文,推,易中軍、始為國政（文公六年）；將中軍（文公七年、十二年）；為政（宣公元年）,將中軍,明文,medium,Z059;Z135;Z136,电子本
TEN005,P_XIQUE,晋,中军将,-601,-597,宣公八年（前601）「晉胥克有蠱疾，郤缺為政」,推：传无郤缺卒或去职之文；末见宣公十一年（前598）「晉郤成子求成于眾狄」；明文上限宣公十二年（前597）「荀林父將中軍」。取前597,明文,推,為政（宣公八年）,為政,反例已求·未见（域：前632–前560 全段；该段有「將中軍」之文可撞）,medium,Z136;Z064,电子本
TEN006,P_XUNLINFU,晋,中军将,-597,-593,宣公十二年（前597）六月「晉師救鄭，荀林父將中軍」（实任之起可早至前598——郤缺末见之年，传无荀林父受命之文）,推：传无荀林父去职之文；末见宣公十五年（前594）「晉荀林父敗赤狄于曲梁」；明文上限宣公十六年（前593）「命士會將中軍」。取前593,明文,推,將中軍（宣公十二年）,將中軍,明文,medium,Z064;Z066;Z137,电子本
TEN007,P_SHIHUI,晋,中军将,-593,-592,宣公十六年（前593）三月「以黻冕命士會將中軍，且為大傅」,宣公十七年（前592）「乃請老，郤獻子為政」,明文,明文,將中軍（宣公十六年）,將中軍,明文,high,Z137;Z138,电子本
TEN008,P_XIKE,晋,中军将,-592,-587,宣公十七年（前592）「乃請老，郤獻子為政」,推：传无郤克卒或去职之文；末见成公三年（前588）十二月「郤克趨進曰」；明文上限成公四年（前587）冬十一月「晉欒書將中軍」。取前587,明文,推,為政（宣公十七年）；將中軍（成公二年）,將中軍,明文,medium,Z138;Z076;Z139,电子本
TEN009,P_LUANSHU,晋,中军将,-587,-573,成公四年（前587）冬十一月「晉欒書將中軍，荀首佐之」,推（年无疑）：传无栾书卒或去职之文；末见成公十八年（前573）春正月「晉欒書、中行偃使程滑弒厲公」；同年冬十一月「韓獻子為政」。取前573,明文,推,將中軍（成公四年、十三年、十六年）,將中軍,明文,high,Z139;Z140,电子本
TEN010,P_HANJUE,晋,中军将,-573,-566,成公十八年（前573）冬十一月「韓獻子為政」,襄公七年（前566）冬十月「晉韓獻子告老」,明文,明文,為政（成公十八年）,為政,反例已求·未见（域：前632–前560 全段；该段有「將中軍」之文可撞）,high,Z140;Z141,电子本
TEN011,P_XUNYING,晋,中军将,-566,-560,推：其任之推，独立之源二支（同句同口之语不另计）——支一〔他国之称述〕：楚令尹子囊之口，楚廷谏议之事，《左传》襄公九年（前564）录之：「韓厥老矣，知罃稟焉以為政」，是对晋政之描述，非晋之职名；其同句之旁「范匄少於中行偃而上之，使佐中軍」与「以為政」同出子囊一口，不另计一支，并入支一。支二〔本国之自述〕：晋人士匄之口，晋绵上之蒐之事，《左传》襄公十三年（前560）录之：晋侯使士匄將中軍，辭曰「伯游長。昔臣習於知伯，是以佐之，非能賢也」（Q541）——晋人自述曾为知伯之佐，立荀罃居其上之实，而不给其职名。★ 其推之强弱：支二（本国、自述、独立于子囊之口）＞支一（他国之称述，其同句之旁亦同口）。二支俱无「將中軍」之职名，故 title_evidence 仍「推」。其起之年：韩厥于襄公七年（前566）冬告老，继任者当年无明文，至襄公九年始见支一之文；取前566（落在前566—前564）,襄公十三年（前560）「荀罃、士魴卒」,推,明文,无晋之职名明文（襄公九年「以為政」出楚子囊之口；同句「范匄少於中行偃而上之，使佐中軍」亦出其口；襄公十三年士匄自述「昔臣習於知伯，是以佐之」，有佐之实而无职名）,推,反例已求·未见（域：前632–前560 全段；该段有「將中軍」之文可撞）,medium,Z142;Z143;Z141,电子本
TEN012,P_XUNYAN,晋,中军将,-560,-554,襄公十三年（前560）「荀偃將中軍，士匄佐之」,襄公十九年（前554）「二月，甲寅，卒」,明文,明文,將中軍（襄公十三年）,將中軍,明文,high,Z143;Z144,电子本
TEN013,P_SHIGAI,晋,中军将,-554,-548,襄公十九年（前554）「范宣子為政」,推：襄公二十六年追书「於是范宣子卒……及趙文子為政」，卒在赵武为政前有明文；卒年系于「齊人城郟之歲」，本库未论定（前549 或前548）；继任明文襄公二十五年（前548）秋七月「趙文子為政」。取前548,明文,推,為政（襄公十九年、二十四年）；其前佐中軍（襄公九年、十三年）,為政,反例无从求·无判别力（域：前559–前509 全段；该段无「將中軍」之文可撞）,medium,Z144;Z142;Z145;Z082,电子本
TEN014,P_ZHAOWU,晋,中军将,-548,-541,襄公二十五年（前548）秋七月「趙文子為政」,昭公元年（前541）十二月「甲辰朔，烝于溫。庚戌，卒」,明文,明文,為政（襄公二十五年）,為政,反例无从求·无判别力（域：前559–前509 全段；该段无「將中軍」之文可撞）,high,Z082;Z146,电子本
TEN015,P_HANQI,晋,中军将,-540,-514,昭公二年（前540）春「晉侯使韓宣子來聘，且告為政」（实任之起或在前541 冬赵武卒后；襄公三十一年「韓宣子為政」系预叙，不作系年之据）,昭公二十八年（前514）秋「晉韓宣子卒，魏獻子為政」,明文,明文,為政（昭公二年「告為政」；昭公二十八年）,為政,反例无从求·无判别力（域：前559–前509 全段；该段无「將中軍」之文可撞）,high,Z147;Z078,电子本
TEN016,P_WEISHU,晋,中军将,-514,-509,昭公二十八年（前514）秋「魏獻子為政」,定公元年（前509）春正月「田於大陸，焚焉，還，卒於甯」,明文,明文,為政（昭公二十八年）,為政,反例无从求·无判别力（域：前559–前509 全段；该段无「將中軍」之文可撞）,high,Z078;Z121,电子本
