id,event_id,source_id,quote_original,modern_note,quote_type
Q001,E003,Z001,公子翬如齊逆女，九月，齊侯送姜氏于讙，公會齊侯于讙，夫人姜氏至自齊。,文姜入鲁的《春秋》经文；重在行礼、迎送与身份。,原文
Q002,E003,Z001,齊侯送姜氏，非禮也。,【传文书法评断层·非事实补充】《左传·桓公三年》传文直评：齐侯亲送女，非礼也。诸侯嫁女例由上卿送之、国君不自送，传以此定其非礼。此为经传对礼制之评断，非事目本身之补充。,评论
Q003,E004,Z002,九月，丁卯，子同生。,鲁庄公出生。,原文
Q004,E036,Z002,齊侯欲以文姜妻鄭大子忽，大子忽辭。人問其故，大子曰：人各有耦，齊大，非吾耦也。,郑太子忽拒婚文姜的核心语句。,原文
Q004A,E005A,Z017,曼伯為右拒，祭仲足為左拒，原繁、高渠彌以中軍奉公，為魚麗之陳。,郑太子忽与高渠弥同见于繻葛之战军阵。,原文
Q005,E039,Z003,宋人執鄭祭仲。突歸于鄭。鄭忽出奔衛。,忽第一次失位。,原文
Q006,E008,Z005,初，鄭伯將以高渠彌為卿，昭公惡之，固諫，不聽。昭公立，懼其殺己也。辛卯，弒昭公，而立公子亹。,郑昭公被弑的动因叙述。,原文
Q007,E009,Z006,申繻曰：女有家，男有室，無相瀆也，謂之有禮。易此必敗。,鲁桓公携文姜如齐前的礼法警告。,言论
Q008,E010,Z006,公會齊侯于濼，遂及文姜如齊。齊侯通焉，公謫之，以告。,《左传》关于齐襄公与文姜私通的直接记载。,原文
Q009,E010,Z006,夏，四月，丙子，享公。使公子彭生乘公，公薨于車。,鲁桓公死亡现场的简洁记载。,原文
Q010,E011,Z006,齊侯師于首止。子亹會之，高渠彌相。七月，戊戌，齊人殺子亹，而轘高渠彌。,齐襄公处置郑国内乱人物。,原文
Q011,E013,Z008,二年，冬，夫人姜氏會齊侯于禚，書姦也。,【传文书法评断层·非事实补充】《左传·庄公二年》传文释经之书法：经书「夫人姜氏會齊侯于禚」，传曰「書姦也」——谓《春秋》所以书此，正为著其奸。此为经传对书法用意的评断，非对事目细节之补充。,评论
Q012,E016,Z011,七年，春，夫人姜氏會齊侯于防。……冬，夫人姜氏會齊侯于穀。,文姜与齐襄公两次会见。,原文
Q013,E018,Z012,冬，十有一月，癸未，齊無知弒其君諸兒。,齐襄公之死的《春秋》经文。,原文
Q014,E018,S001,見彘，從者曰「彭生」。公怒，射之，彘人立而啼。,《史记》叙齐襄公死前猎豕见彭生怪异，文学性强。,后出叙事
Q015,E019,Z013,秋，七月，戊戌，夫人姜氏薨。,文姜去世。,原文
Q016,E020,Z014,癸丑，葬我小君文姜。,鲁以小君礼葬文姜。,原文
Q017,E013,P001,南山崔崔，雄狐綏綏。魯道有蕩，齊子由歸。既曰歸止，曷又懷止？,【P 层舆论材料·毛序异说·不作史实用】《齐风·南山》首章：南山高峻而雄狐求匹，鲁道平易而「齊子由歸」；末二句责其既已归鲁、何以又怀齐。毛序作「刺襄公也，鸟兽之行，淫乎其妹」，后世解者多兼以刺文姜，所指不一。诗不著年月事目，只可证当时齐鲁间有此舆论，不可据以补文姜行止之事实；本库文姜诸条系年一以《春秋》经为准，不取诗证。本条无年月自证，落点（E013 文姜会齐襄公于禚）系编者按诗句与事目的对应择定（r23 领队裁定），不表诗为该事之实录。,诗歌
Q018,E003,P002,敝笱在梁，其魚魴鰥。齊子歸止，其從如雲。,【P 层舆论材料·不作史实用】《齐风·敝笱》首章：以破敝之笱不能制鲂鳏之大鱼，喻鲁桓公不能防闲文姜；「齊子歸止，其從如雲」状其车从之盛。毛序谓「刺文姜也，齐人恶鲁桓公微弱，不能防闲文姜，使至淫乱」。诗为齐地舆论之声，不著年月，「其从如云」不可读作某一次往来的实录。本条无年月自证，落点（E003 文姜嫁鲁，齐侯亲送姜氏）系编者按诗句与事目的对应择定（r23 领队裁定），不表诗为该事之实录。,诗歌
Q019,E016,P003,載驅薄薄，簟茀朱鞹。魯道有蕩，齊子發夕。,【P 层舆论材料·不作史实用】《齐风·载驱》首章：车行薄薄有声，簟席为蔽、朱革为饰，鲁道平易而「齊子發夕」（连夜就道）。毛序谓齐人刺襄公「盛其车服，疾驱于通道大都」以就文姜。诗状车服之盛与往来之频，属齐地舆论，不可据以定某年某次之行程。本条无年月自证，落点（E016 文姜两会齐襄公于防、谷）系编者按诗句与事目的对应择定（r23 领队裁定），不表诗为该事之实录。,诗歌
Q020,E022,Z018,初，鄭武公娶于申，曰武姜。生莊公及共叔段。莊公寤生，驚姜氏，故名曰寤生，遂惡之。,出自《左传·隐公元年》追叙：庄公因难产受名寤生，母亲从此厌恶他。,原文
Q021,E024,Z018,命子封帥車二百乘以伐京。京叛大叔段。段入于鄢。公伐諸鄢。五月辛丑，大叔出奔共。,《左传·隐公元年》：庄公伐京，京人背叛段，段节节败退，最终出奔共国。,原文
Q022,E024,Z018,公入而賦：大隧之中，其樂也融融。姜出而賦：大隧之外，其樂也洩洩。遂為母子如初。,《左传·隐公元年》：掘地及泉后母子隧中相见，以赋诗完成和解。,原文
Q023,E026,Z019,鄭武公、莊公為平王卿士。王貳于虢。鄭伯怨王。王曰：無之。故周鄭交質。王子狐為質於鄭，鄭公子忽為質於周。,《左传·隐公三年》：周王与郑伯互换人质，天子之尊与诸侯并列，公子忽入质于周。,原文
Q024,E027,Z019,四月，鄭祭足帥師取溫之麥。秋，又取成周之禾。周鄭交惡。,《左传·隐公三年》：平王死后郑两次抢收王畿庄稼示威，周郑关系公开破裂。,原文
Q025,E028,Z016,書曰公矢魚于棠，非禮也，且言遠地也。,【传文书法评断层·非事实补充】《左传·隐公五年》传文释经之书法：经书「公矢魚于棠」，传释其所以书者，谓非礼，且以棠为远地而特著之。此为经传对书法用意的评断，非事目细节之补充；臧僖伯谏辞见本条事目 summary。,评论
Q026,E029,Z020,我周之東遷，晉、鄭焉依。善鄭以勸來者，猶懼不蔇，況不禮焉？鄭不來矣。,《左传·隐公六年》周桓公谏语：周室东迁全靠晋郑扶持，如今慢待郑伯，郑不会再来朝了。,言论
Q027,E034,Z017,祝聃射王中肩，王亦能軍。……公曰：君子不欲多上人，況敢陵天子乎？苟自救也，社稷無隕，多矣。,《左传·桓公五年》：祝聃射中桓王肩，庄公止追——只求自保社稷，不敢凌越天子。,原文
Q028,E021,G001,王室將卑，戎、狄必昌，不可偪也。……其濟、洛、河、潁之間乎！,《国语·郑语》史伯对郑桓公语：预言王室将衰，指点济洛河颍之间为可居之地。,言论
Q029,E023,G003,鄭在天子，兄弟也。鄭武、莊有大勳力于平、桓。,《国语·周语中》富辰谏周襄王时追述：郑武公、庄公对平王、桓王有大功勋。,言论
Q030,E037,Z003,夏，五月，癸未，鄭伯寤生卒。,《春秋》桓公十一年经文：郑庄公去世。,原文
Q031,E038,Z003,初，祭封人仲足有寵於莊公，莊公使為卿。為公娶鄧曼，生昭公，故祭仲立之。,《左传·桓公十一年》：祭仲之所以立昭公——他既是庄公宠臣，又是昭公生母邓曼婚事的经手人。,原文
Q032,E039,Z003,故誘祭仲而執之，曰：不立突，將死。亦執厲公而求賂焉。祭仲與宋人盟，以厲公歸而立之。,《左传·桓公十一年》：宋人以死胁迫祭仲改立公子突，昭公被迫出奔。,原文
Q033,E030,Z023,三月，鄭伯以璧假許田，為周公、祊故也。,《左传·桓公元年》：祊、许田之易在桓公元年以璧最终完成。,原文
Q034,E035,Z002,北戎伐齊，齊侯使乞師于鄭。鄭大子忽帥師救齊。六月，大敗戎師，獲其二帥大良、少良，甲首三百，以獻於齊。,《左传·桓公六年》：太子忽救齐大胜，斩获献功，军事声望达到顶点。,原文
Q035,E036,Z002,及其敗戎師也，齊侯又請妻之。固辭。人問其故。大子曰：無事於齊，吾猶不敢。今以君命奔齊之急，而受室以歸，是以師昏也。,《左传·桓公六年》：败戎之后齐侯再次请婚，忽以'借出兵换婚姻等于以军队做聘礼'为由再辞。,原文
Q036,E040,Z009,紀侯不能下齊，以與紀季。夏，紀侯大去其國，違齊難也。,《左传·庄公四年》：纪侯不肯屈服于齐，把国家托付纪季后永远离开本国，以避齐国之难；纪国实亡于齐襄公之世。,原文
Q037,E041,Z012,鮑叔牙曰：君使民慢，亂將作矣。奉公子小白出奔莒。,《左传·庄公八年》：鲍叔牙预判齐乱将起，先奉小白出奔莒。,原文
Q038,E043,Z024,九年春，雍廩殺無知。……夏，公伐齊，納子糾。桓公自莒先入。,《左传·庄公九年》：无知被杀后鲁国出兵送公子纠回国争位，小白抢先自莒入齐即位。,原文
Q039,E044,Z024,秋，師及齊師戰于乾時，我師敗績。公喪戎路，傳乘而歸。,《左传·庄公九年》：乾时之战鲁大败，庄公丢弃兵车换乘轻车逃归。,原文
Q040,E045,Z024,鮑叔帥師來言曰：子糾，親也，請君討之。管、召，讎也，請受而甘心焉。乃殺子糾于生竇。召忽死之。,《左传·庄公九年》：鲍叔牙代表齐国施压——子纠请鲁自行处置，管仲召忽是齐君之仇请交还；鲁杀子纠，召忽殉死。,原文
Q041,E046,Z024,管仲請囚，鮑叔受之，及堂阜而稅之。歸而以告曰：管夷吾治於高傒，使相可也。公從之。,《左传·庄公九年》：管仲请求被囚送齐，鲍叔在堂阜为他解械，随即向桓公荐其为相。,原文
Q042,E186,G002,桓公自莒反於齊，使鮑叔為宰。辭曰：臣，君之庸臣也。……若必治國家者，則其管夷吾乎。,《国语·齐语》开篇：鲍叔辞相让贤，断言治国家非管夷吾不可——齐语霸政问对的起点。（r22 落点归位：此段发生在桓公反齐之初的临淄，非堂阜，故由 E046 迁至 E186；省略号处所略之「五不若」见 Q212。）,原文
Q043,E047,Z025,夫戰，勇氣也。一鼓作氣，再而衰，三而竭。彼竭我盈，故克之。,《左传·庄公十年》曹刿战后释胜因：士气之消长决定攻守时机。,言论
Q044,E047,Z025,十年春，齊師伐我。公將戰，曹劌請見。其鄉人曰：肉食者謀之，又何間焉？劌曰：肉食者鄙，未能遠謀。,《左传·庄公十年》：平民曹刿主动求见问战，'肉食者鄙'成为对贵族政治的著名讥评。,原文
Q045,E050,Z026,十三年春，會于北杏，以平宋亂，遂人不至。,《左传·庄公十三年》：齐首次以主盟身份会诸侯平宋乱，遂国缺席。,原文
Q046,E052,Z026,冬，盟于柯，始及齊平也。,《左传·庄公十三年》：柯之盟，鲁与齐正式媾和。,原文
Q047,E052,S001,魯將盟，曹沬以匕首劫桓公於壇上，曰：反魯之侵地！桓公許之。已而曹沬去匕首，北面就臣位。,《史记·齐太公世家》：曹沫坛上劫盟求返侵地，桓公被劫而许；此为汉代叙事层，《左传》仅书盟于柯。,后出叙事
Q048,E053,Z028,十五年春，復會焉，齊始霸也。,《左传·庄公十五年》：鄄之复会，'齐始霸'三字为齐桓霸业系年之始。,原文
Q049,E054,Z007,元年春，不稱即位，文姜出故也。,【传文书法评断层·非事实补充】《左传·庄公元年》传文释经之书法：庄公即位而经不书「即位」，传释其故在文姜出奔在齐（母出，故不成其即位之礼）。此为经传对书法用意的评断，非事目细节之补充。,评论
Q050,E057,Z029,秋，哀姜至。公使宗婦覿，用幣，非禮也。,《左传·庄公二十四年》：哀姜入鲁，庄公让同姓大夫之妇以币帛相见，被讥非礼。,原文
Q051,E058,Z030,八月癸亥，公薨于路寢。子般即位，次于黨氏。,《左传·庄公三十二年》：庄公薨于正寝，子般即位，居丧于党氏。身后事变见子般之弑（E059）。,原文
Q052,E059,Z030,冬十月己未，共仲使圉人犖賊子般于黨氏。成季奔陳。,《左传·庄公三十二年》：庆父指使圉人荦在党氏弑杀子般，季友出奔陈国。,原文
Q053,E062,Z033,戎狄豺狼，不可厭也；諸夏親暱，不可棄也；宴安酖毒，不可懷也。,《左传·闵公元年》管仲谏救邢：戎狄如豺狼不可餍足，诸夏近亲不可抛弃，安逸如毒酒不可怀恋——'诸夏'共同体意识的经典表述。,言论
Q054,E063,Z034,衛懿公好鶴，鶴有乘軒者。將戰，國人受甲者皆曰：使鶴！鶴實有祿位，余焉能戰！,《左传·闵公二年》：卫懿公给鹤配大夫车驾，临战国人反讽'让鹤去打'，遂亡其国。,原文
Q055,E064,P005,載馳載驅，歸唁衛侯。驅馬悠悠，言至于漕。,【P 层舆论材料·不作史实用】《诗经·鄘风·载驰》首章：许穆夫人驰驱欲归唁卫侯，诗辞言其「至于漕」。《左传·闵公二年》（Q056）只书「許穆夫人賦載馳」而不书其身至漕；「言至于漕」是诗人之辞，不作在场明文用，本库据此于 E064 将许穆夫人 presence 从严标「相关」。,诗歌
Q056,E064,Z034,許穆夫人賦載馳。齊侯使公子無虧帥車三百乘、甲士三千人以戍曹。,《左传·闵公二年》：诗与史互证——夫人赋诗，齐侯出兵戍曹、厚馈卫君。,原文
Q057,E066,Z034,衛文公大布之衣，大帛之冠，務材訓農，通商惠工，敬教勸學，授方任能。,《左传·闵公二年》传末：卫文公粗衣俭冠、劝农通商，亡国之余的中兴之政。,原文
Q058,E068,Z037,君處北海，寡人處南海，唯是風馬牛不相及也。不虞君之涉吾地也，何故？,《左传·僖公四年》楚使对齐师：两国相去之远，如风马牛不相及——'风马牛'典出于此。,原文
Q059,E068,Z037,君若以德綏諸侯，誰敢不服？君若以力，楚國方城以為城，漢水以為池，雖眾，無所用之。,《左传·僖公四年》屈完对齐桓公：以德则服，以力则楚有方城汉水为凭。,言论
Q060,E071,Z039,天威不違顏咫尺，小白余敢貪天子之命無下拜？恐隕越于下，以遺天子羞。下拜登受。,《左传·僖公九年》：王命齐侯免于下拜受胙，桓公仍下拜登受——霸主对王权的姿态拿捏。,原文
Q061,E071,Z039,齊侯不務德而勤遠略，故北伐山戎，南伐楚，西為此會也。東略之不知，西則否矣。其在亂乎！,《左传·僖公九年》宰孔归途论齐侯：不修德而勤于远略，预言齐将有乱。,言论
Q062,E072,Z040,臣，賤有司也。有天子之二守國、高在。……陪臣敢辭。,《左传·僖公十二年》：管仲辞周王上卿之礼，自居陪臣，受下卿之礼而还。,言论
Q063,E073,S001,桓公問曰：群臣誰可相者？管仲曰：知臣莫如君。,《史记·齐太公世家》病榻问相一节的开端；论易牙、开方、竖刀不可近亦在此篇，属后出叙事层。,后出叙事
Q064,E074,Z041,冬十有二月乙亥，齊侯小白卒。,《春秋》僖公十七年经文：齐桓公之死。,原文
Q065,E074,Z041,易牙入，與寺人貂因內寵以殺群吏，而立公子無虧。孝公奔宋。,《左传·僖公十七年》：桓公尸骨未寒，近幸联手内宠杀群吏改立，太子出奔。,原文
Q066,E075,Z033,不去慶父，魯難未已。,《左传·闵公元年》仲孙湫省难归告：庆父不除，鲁国之难没完——后世成语所本。,言论
Q067,E187,G002,士農工商四民者，國之石民也，不可使雜處。,【《国语》记言层·制度总述·系年不自证】《国语·齐语》管仲对桓公问政之辞：士农工商四民为「国之石民」（如柱石之民），当各就其业、不使杂处——四民分业定居论，齐国治理体系的基石表述。本条与 Q068／Q170／Q171 同出《齐语》桓公问政一段，r23 由 E046（堂阜脱囚·堂阜）归位至 E187（管仲为政·临淄）。,言论
Q068,E187,G002,作內政而寄軍令焉。,【《国语》记言层·制度总述·系年不自证】《国语·齐语》：「作內政而寄軍令」——寓兵于政、军政合一之总纲，其编户细则见 Q170。本条与 Q067／Q170／Q171 同出《齐语》桓公问政一段，r23 由 E046（堂阜脱囚·堂阜）归位至 E187（管仲为政·临淄）。,言论
Q069,E067,Z042,齊侯與蔡姬乘舟于囿，蕩公。公懼，變色；禁之，不可。公怒，歸之，未之絕也。蔡人嫁之。,《左传·僖公三年》：一场船上的玩笑引发的婚姻决裂，成为次年伐蔡的引线。,原文
Q070,E061,Z032,冬，遇于魯濟，謀山戎也，以其病燕故也。,《左传·庄公三十年》：齐鲁君主在鲁济非正式会晤，共谋伐山戎救燕。,原文
Q071,E070,Z043,盟于洮，謀王室也。,《左传·僖公八年》：洮之盟安定周襄王之位。,原文
Q072,E065,Z035,邢遷于夷儀，諸侯城之，救患也。凡侯伯救患、分災、討罪，禮也。,《左传·僖公元年》：迁邢筑城被传文定性为'侯伯之礼'——霸主职责的正面定义。,原文
Q073,E076,Z052,又娶二女於戎，大戎狐姬生重耳，小戎子生夷吾。晉伐驪戎，驪戎男女以驪姬，歸生奚齊，其娣生卓子。驪姬嬖，欲立其子。,《左传·庄公二十八年》：晋献公娶二戎女生重耳、夷吾，伐骊戎得骊姬生奚齐、卓子；骊姬受宠而图谋改立己子，骊姬之乱张本。,原文
Q074,E077,Z033,士蒍曰：大子不得立矣。分之都城，而位以卿，先為之極，又焉得立？不如逃之，無使罪至。為吳大伯，不亦可乎？猶有令名，與其及也。,《左传·闵公元年》：士蒍见申生虽为太子而受城位卿如已极，判其不得立，劝其效吴太伯出让以保令名。,原文
Q075,E078,Z034,大子帥師，公衣之偏衣，佩之金玦。,《左传·闵公二年》：申生帅师伐皋落氏，献公使其穿左右异色之偏衣、佩决断之金玦，识者已窥疏弃之意。,原文
Q076,E079,Z037,或謂大子：子辭，君必辯焉。大子曰：君非姬氏，居不安，食不飽。我辭，姬必有罪。君老矣，吾又不樂。,《左传·僖公四年》：有人劝申生自辩，申生以父赖骊姬起居饮食为念，不忍辩罪于骊姬使父不安，遂不辩。,原文
Q077,E079,G005,優施乃歌曰：暇豫之吾吾，不如鳥烏。人皆集于苑，己獨集于枯。,《国语·晋语二》：优施以歌暗喻里克——众鸟皆集茂苑、独你栖于枯枝，诱其中立不救太子，助骊姬去申生之谋。,原文
Q078,E080,Z038,重耳曰：君父之命不校。乃徇曰：校者，吾讎也。踰垣而走。披斬其袪，遂出奔翟。,《左传·僖公五年》：献公使寺人披伐蒲，重耳以君父之命不可抗拒，不抵抗而逾墙逃走，披斩下其袖口，重耳遂奔狄。,原文
Q079,E081,Z038,諺所謂輔車相依，脣亡齒寒者，其虞、虢之謂也。,《左传·僖公五年》：宫之奇谏虞公勿假道于晋——虞虢如颊骨与牙床、唇与齿相依存，虢亡虞必随之，虞公不听。,原文
Q080,E082,Z039,冬十月，里克殺奚齊于次。荀息將死之，人曰：不如立卓子而輔之。荀息立公子卓以葬。十一月，里克殺公子卓于朝，荀息死之。,《左传·僖公九年》：献公卒后里克连弑奚齐、卓子二孺子，受献公顾命的荀息立卓子不成，终以身殉其言。,原文
Q081,E083,Z044,公使謂之曰：微子則不及此。雖然，子弒二君與一大夫，為子君者，不亦難乎？對曰：不有廢也，君何以興？欲加之罪，其無辭乎？臣聞命矣。伏劍而死。,《左传·僖公十年》：惠公忌里克拥立之功而赐死，里克以欲加之罪何患无辞自明其冤，伏剑自杀。,原文
Q082,E084,Z045,壬戌，戰于韓原，晉戎馬還濘而止。……秦獲晉侯以歸，晉大夫反首拔舍從之。,《左传·僖公十五年》：韩原之战晋惠公戎马陷入泥淖不能进，秦遂俘晋侯以归，晋大夫披发露宿相随。,原文
Q083,E085,Z046,晉大子圉為質於秦，將逃歸，謂嬴氏曰：與子歸乎？……遂逃歸。,《左传·僖公二十二年》：晋太子圉质于秦，欲逃归而问怀嬴同行否；怀嬴不从亦不泄，圉遂弃之逃归。,原文
Q084,E086,G007,過衛，衛文公有邢、狄之虞，不能禮焉。,《国语·晋语四》：重耳过卫，卫文公正忧邢、狄之患，未能以礼相待——流亡受冷遇之始。,原文
Q085,E086,Z047,出於五鹿，乞食於野人，野人與之塊。公子怒，欲鞭之。子犯曰：天賜也。稽首受而載之。,《左传·僖公二十三年》：重耳过五鹿向野人乞食，野人给他土块，重耳欲鞭之，子犯以土块为得土受国之天赐劝其拜受。,原文
Q086,E087,G007,遂如齊，齊桓公妻之，甚善焉，有馬二十乘，將死於齊而已矣。,《国语·晋语四》：重耳至齐，齐桓公以女妻之、待遇优厚，重耳安乐至欲终老于齐，去志尽消。,原文
Q087,E087,Z047,姜曰：行也！懷與安，實敗名。公子不可。姜與子犯謀，醉而遣之。醒，以戈逐子犯。,《左传·僖公二十三年》：齐姜勉重耳速行，谓贪恋安逸实败功名；重耳不肯，姜与子犯灌醉载其上路，重耳醒后持戈追逐子犯。,原文
Q088,E088,G007,公子過曹，曹共公聞其駢脅，欲觀其狀，設微薄而觀之。僖負羈之妻言於負羈曰：吾觀晉公子之從者，皆國相也。……乃饋盤飧，寘璧焉，公子受飧反璧。,《国语·晋语四》：曹共公欲窥重耳骈胁之异相而无礼；僖负羁从妻言，馈食并暗置玉璧其下，重耳受食而退还玉璧，示不受非礼之惠。,原文
Q089,E089,G007,遂如宋，宋襄公贈之以馬二十乘。,《国语·晋语四》：重耳至宋，宋襄公（时新败于泓）敬其贤，赠马二十乘（八十匹）以厚待之。,原文
Q090,E090,Z047,叔詹諫曰：臣聞天之所啟，人弗及也。晉公子有三焉，天其或者將建諸？……晉、鄭同儕，其過子弟固將禮焉，況天之所啟乎？,《左传·僖公二十三年》：郑大夫叔詹谏郑文公礼待重耳，举其三善断言天将立之，况晋郑同列本当以礼相待，郑伯不听。,原文
Q091,E091,G007,若以君之靈，得復晉國，晉、楚治兵，以會于中原，其避君三舍。,《国语·晋语四》：楚成王问重耳何以为报，重耳答若得赖君之力返晋、他日晋楚交兵于中原，愿退避三舍（九十里）以报今日之礼。,原文
Q092,E092,G007,秦伯歸女五人，懷嬴與焉。公子使奉匜沃盥，既而揮之。嬴怒曰：秦、晉匹也，何以卑我！公子懼，降服而囚。,《国语·晋语四》：秦穆公以五女妻重耳，含秦宗女怀嬴；怀嬴捧匜为重耳浇水盥洗，重耳盥毕挥手令其去，怀嬴怒责秦晋匹敌何以轻我，重耳惧而脱衣自囚谢罪。,原文
Q093,E092,G007,他日，公享之。子犯曰：吾不如衰之文也，請使衰從。公子賦《河水》，公賦《六月》。趙衰曰：重耳拜賜！公子降，拜，稽首。,《国语·晋语四》：秦伯设享礼，子犯自谦不如赵衰娴于辞令而让其相礼；重耳赋《河水》表归附、秦伯赋《六月》许辅其返国，赵衰唱赞重耳当拜谢厚赐，重耳降阶下拜稽首。,原文
Q094,E093,G007,及河，子犯授公子載璧，曰：臣負羈絏從君巡于天下，臣之罪甚多矣，臣猶知之，而況君乎？請由此亡。公子曰：所不與舅氏同心者，有如白水！沈璧以質。,《国语·晋语四》：将济河返晋，子犯献璧请辞（试探重耳），自陈随行获罪甚多请从此别去；重耳指白水为誓必与舅氏同心，投璧于河以明志。,原文
Q095,E094,Z048,二月……晉侯入于曲沃。……戊申，使殺懷公于高梁。,《左传·僖公二十四年》：二月重耳入曲沃朝武宫即位，戊申日使人杀出奔之怀公圉于高梁，晋国内乱始定。,原文
Q096,E095,Z048,晉侯賞從亡者，介之推不言祿，祿亦弗及。……其母曰：能如是乎？與女偕隱。遂隱而死。,《左传·僖公二十四年》：文公赏从亡诸臣，介之推不邀功言禄、赏亦未及；其母认可其志愿与之偕隐，遂隐而终。（r22 校订两处：一、引文末句「晉侯求之不獲，以綿上為之田」随封田事迁至 E185 之 Q225，本条止于「遂隱而死」，避免同文重出；二、原作「與汝偕隱」，据《左传》原文改「與女偕隱」——省略号处所略之推言与母子问对见 Q223、Q224。）,原文
Q097,E096,Z049,狐偃言於晉侯曰：求諸侯，莫如勤王。諸侯信之，且大義也。繼文之業，而信宣於諸侯，今為可矣。,《左传·僖公二十五年》：狐偃劝文公勤王——欲取信服诸侯莫如尊奉周王，既为大义又能承文侯之业、宣信于诸侯，正当其时。,原文
Q098,E097,Z049,公曰：信，國之寶也，民之所庇也。得原失信，何以庇之？所亡滋多。退一舍而原降。,《左传·僖公二十五年》：围原限粮三日，原将降而文公仍如约退兵，谓信是立国之宝、庇民之本，得城失信所失更多；退兵一舍而原邑感其信自降。,原文
Q099,E098,Z050,子犯曰：師直為壯，曲為老，豈在久乎？微楚之惠不及此，退三舍辟之，所以報也。,《左传·僖公二十八年》：城濮战前晋退三舍，子犯释疑——理直则气壮、理曲则气衰不在兵久，且无楚昔日之惠无以至此，退避正是报德而使曲在楚。,原文
Q100,E098,Z050,先軫曰：子與之。定人之謂禮。楚一言而定三國，我一言而亡之，我則無禮，何以戰？,《左传·僖公二十八年》：先轸主张答应楚使复曹卫、安宋之请，安定他国即为礼；若我一言而亡三国则我方无礼、师出无名，故当以谋取曲在楚。,原文
Q101,E099,Z050,王命尹氏及王子虎、內史叔興父策命晉侯為侯伯……曰：王謂叔父，敬服王命，以綏四國，糾逖王慝。晉侯三辭，從命。,《左传·僖公二十八年》：践土之盟周王遣使策命晋文公为诸侯之长（侯伯），命其敬奉王命、安定四方、纠察远逐王室奸慝；晋侯三让而后受命，霸业得王命正名。,原文
Q102,E100,Z051,冬，晉文公卒。庚辰，將殯于曲沃。出絳，柩有聲如牛。卜偃使大夫拜，曰：君命大事，將有西師過軼我，擊之，必大捷焉。,《左传·僖公三十二年》：文公卒将殡曲沃，出绛都时柩中有声如牛鸣，卜偃令大夫下拜，托言先君以军国大事相命——将有西方之师越境而过、击之必大捷，预示次年殽之战。,原文
Q103,E101,Z004,祭仲專，鄭伯患之，使其壻雍糾殺之。將享諸郊。雍姬知之，謂其母曰：父與夫孰親？其母曰：人盡夫也，父一而已，胡可比也？遂告祭仲曰：雍氏舍其室而將享子於郊，吾惑之，以告。祭仲殺雍糾，尸諸周氏之汪。公載以出，曰：謀及婦人，宜其死也。,《左传·桓公十五年》：厉公患祭仲专权，使其婿雍纠图杀之，将设享于郊行事。雍姬察觉，问母亲父与夫谁更亲，母答「天下男子皆可为夫，父亲却只有一个」，遂告父。祭仲杀雍纠、陈尸于周氏之池；厉公载尸出奔，叹「密谋而让妇人知道，死得应该」。,原文
Q104,E103,Z019,冬，齊、鄭盟于石門，尋盧之盟也。,《左传·隐公三年》：冬，齐、郑两国盟于石门，重申（寻）此前卢地之盟的旧好——齐郑同盟得固。,原文
Q105,E104,Z053,冬十有二月丁巳，齊侯祿父卒。,《春秋·桓公十四年》经文：冬十二月丁巳日，齐侯禄父（僖公）去世。经文书名「禄父」，为齐僖公之名从经作「禄父」之明证。,原文
Q106,E105,Z020,夏，盟于艾，始平于齊也。,《左传·隐公六年》：夏，鲁与齐盟于艾，鲁自此始与齐修好（始平于齐）。,原文
Q107,E106,Z018,初，鄭武公娶于申，曰武姜。,《左传·隐公元年》追叙：当初郑武公娶申国之女，是为武姜（申姜姓，故称姜）。,原文
Q108,E107,Z018,祭仲曰：都城過百雉，國之害也。先王之制：大都不過參國之一……今京不度，非制也，君將不堪。公曰：姜氏欲之，焉辟害？對曰：姜氏何厭之有！不如早為之所……蔓草猶不可除，況君之寵弟乎？公曰：多行不義必自斃，子姑待之。,《左传·隐公元年》：祭仲谏都城逾百雉即三百丈为国之祸，先王之制大都不过国都三分之一，京城逾制庄公将不能制。庄公推说姜氏所欲难避其害；祭仲反诘姜氏之欲何时能满足、不如早作处置，蔓草尚不可除况宠弟。庄公答「多行不义必自毙，你姑且等着」——养其恶而俟其亡。,原文
Q109,E043,S001,管仲別將兵遮莒道，射中小白帶鉤。小白詳死，管仲使人馳報魯。魯以故緩，後宋。,《史记·齐太公世家》：管仲另率兵拦截自莒归齐之道，射中小白带钩；小白佯装中箭而死，管仲遣人驰报鲁国，鲁遂缓送子纠而落于宋（小白）之后——「射钩」佯死之典，属汉代史迁综合叙事之后出层。,后出叙事
Q110,E186,G002,桓公曰：管夷吾親射寡人中鉤，是以濱於死。鮑叔對曰：夫為其君動也；君若宥而反之，夫猶是也。,《国语·齐语》：桓公言管仲曾亲射己中带钩、几乎致死；鲍叔答「那是各为其主而已，君若赦而召回，他也会同样为君尽力」——桓公释「射钩」之怨而用管仲，此为其游说之枢。国语此语为「射钩」之怨最早成文之处，属早期叙事／游说层。（r22 落点归位：与 Q042 同属齐语辞宰一段对话，由 E046 迁至 E186。）,原文
Q111,E108,S006,成王惲元年，初即位，布德施惠，結舊好於諸侯。使人獻天子，天子賜胙，曰：鎮爾南方夷越之亂，無侵中國。於是楚地千里。,《史记·楚世家》：楚成王即位之初政——布德施惠、结好诸侯，周天子赐胙命镇抚南方夷越、无侵中国，楚地千里。「弑堵敖代立」（本篇上文）属史记叙事层（后出），左传无成王即位明文；系年前672弑／前671改元有异说，故reliability medium。,后出叙事
Q112,E109,Z052,秋，子元以車六百乘伐鄭，入于桔柣之門。……眾車入自純門，及逵市。縣門不發。楚言而出。子元曰：鄭有人焉。諸侯救鄭，楚師夜遁。,《左传·庄公二十八年》：令尹子元以六百乘伐郑，入桔柣之门至逵市，郑县门不发（示无备诱敌），子元疑「郑有人焉」，诸侯救郑，楚师夜遁。楚令尹线开端。,原文
Q113,E110,Z042,冬，楚人伐鄭，鄭伯欲成。孔叔不可，曰：齊方勤我，棄德不祥。,《左传·僖公三年》：楚连年伐郑（僖元、二、三年皆书「楚人伐郑」），郑文公欲与楚成，孔叔谏「齐方勤我、弃德不祥」——楚之压郑，正齐桓次年侵蔡伐楚、召陵之盟（E068）之直接张本。,原文
Q114,E111,Z046,冬，十有一月，己巳，朔，宋公及楚人戰于泓。宋人既成列，楚人未既濟。司馬曰：彼眾我寡，及其未既濟也，請擊之。公曰：不可。既濟而未成列，又以告。公曰：未可。既陳而後擊之，宋師敗績。公傷股，門官殲焉。,《左传·僖公二十二年》：泓之战宋襄公两拒「半渡而击」「未成列而击」之请，待楚成列而后战，宋师大败、公伤股。楚胜泓水，北向争霸之势益张。,原文
Q115,E111,Z046,君子不重傷，不禽二毛。古之為軍也，不以阻隘也。寡人雖亡國之餘，不鼓不成列。,《左传·僖公二十二年》宋襄公自释：不重伤已伤者、不擒白发者、不凭险隘、不击未成列之敌——「不鼓不成列」之仁义为后世聚讼；司马子鱼讥其不知战。,言论
Q116,E112,Z050,楚殺其大夫得臣。……〔子玉〕及連穀而死。晉侯聞之而後喜可知也，曰：莫余毒也已！蒍呂臣實為令尹，奉己而已，不在民矣。,《左传·僖公二十八年》（经书「楚杀其大夫得臣」，子玉实自杀于归途连谷）：城濮败后楚成王使责，子玉自杀；晋文公闻之乃喜「莫余毒也已」，可见忌其能。子玉之死，楚令尹线一大顿挫。,原文
Q117,E113,Z057,商臣以宮甲圍成王。王請食熊蹯而死，弗聽。丁未，王縊。,《左传·文公元年》：太子商臣以宫甲围楚成王，王请食熊蹯（熊掌·意在拖延待援）然后就死，商臣不许；丁未成王自缢。「熊蹯」为左传明文（high），非后出层；商臣立，是为楚穆王。,原文
Q118,E113,Z057,諡之曰靈，不瞑；曰成，乃瞑。,《左传·文公元年》：商臣议父谥「灵」（乱而不损曰灵、恶谥）尸不瞑目，改谥「成」（安民立政曰成）乃瞑——弑父者犹以谥争，其事凛然。,原文
Q119,E114,S005,秦繆公聞百里傒賢……乃使人謂楚曰：吾媵臣百里傒在焉，請以五羖羊皮贖之。……百里傒讓曰：臣不及臣友蹇叔，蹇叔賢而世莫知。……於是繆公使人厚幣迎蹇叔，以為上大夫。,《史记·秦本纪》：「五羖大夫」赎归、百里奚举蹇叔为史记叙事层（后出）；《左传·僖公十三年》仅见「谓百里」（在秦议政）、「百里孟明视」（其子）之实，来归本末不见经传，故reliability medium、分层标注。,后出叙事
Q120,E115,Z054,秦於是乎輸粟于晉，自雍及絳相繼，命之曰汎舟之役。,《左传·僖公十三年》：晋惠公背赂后晋饥乞籴，秦纳百里奚之议输粟济晋，运舟自雍（秦都）及绛（晋都）相继不绝，谓之「泛舟之役」——秦之厚德，反衬次年晋闭籴致韩原之战（E084）。,原文
Q121,E115,Z054,天災流行，國家代有，救災恤鄰，道也。行道有福。,《左传·僖公十三年》百里奚（对秦伯）：天灾各国轮番皆有，救灾恤邻乃正道、行道者得福——秦输粟之义据。,言论
Q122,E116,Z055,夜縋而出，見秦伯曰：秦、晉圍鄭，鄭既知亡矣。……越國以鄙遠，君知其難也，焉用亡鄭以陪鄰？鄰之厚，君之薄也。……朝濟而夕設版焉，君之所知也。……秦伯說，與鄭人盟……乃還。,《左传·僖公三十年》：烛之武夜缒出见秦穆公，陈「亡郑陪邻、邻厚君薄」及晋「朝济夕设版」不可信，秦伯说而与郑盟、乃还，晋亦去之。秦晋同盟现裂，为崤之战（E118）伏线。,原文
Q123,E117,Z051,蹇叔曰：勞師以襲遠，非所聞也。……公辭焉。……蹇叔哭之曰：孟子！吾見師之出而不見其入也。公使謂之曰：爾何知！中壽，爾墓之木拱矣！,《左传·僖公三十二年》：杞子请秦潜师袭郑，穆公违蹇叔「劳师袭远」之谏而出师，蹇叔哭师预言「见出不见入」，穆公斥「尔何知、中寿尔墓之木拱矣」——刚愎自用，崤败之因已伏。,原文
Q124,E118,Z056,鄭商人弦高將市於周，遇之，以乘韋先，牛十二犒師……〔秦〕滅滑而還。……夏四月辛巳，晉人及姜戎敗秦師于殽，獲百里孟明視、西乞術、白乙丙以歸。,《左传·僖公三十三年》：郑商人弦高矫命以牛十二犒秦师（使秦知郑有备），秦灭滑而还；晋及姜戎败秦师于殽，俘孟明视、西乞术、白乙丙三帅。崤之战「三处出处」之一（左传经传）。,原文
Q125,E118,Z056,先軫曰：秦違蹇叔，而以貪勤民，天奉我也。奉不可失，敵不可縱。縱敵患生，違天不祥。必伐秦師！,《左传·僖公三十三年》：中军将先轸主战——秦违蹇叔、以贪勤民，天以敌授我，纵敌生患、违天不祥，必伐秦师；后文嬴请释三帅，先轸怒「堕军实而长寇雠」不顾而唾。,言论
Q126,E118,S005,三十三年春，秦兵遂東，過周北門。……鄭賈人弦高……以十二牛勞秦師。……晉發兵遮秦兵於殽，擊之，大破秦軍，無一人得脫者。虜秦三將以歸。,《史记·秦本纪》（秦方视角）：崤之战三处出处之一。「无一人得脱」「虏三将」叙事戏剧化，属后出层；与左传僖33、史记晋世家参看。,后出叙事
Q127,E118,S004,襄公元年春……晉襄公墨衰絰。四月，敗秦師于殽，虜秦三將孟明視、西乞術、白乙丙以歸。……文嬴請三將……先軫怒，不顧而唾。,《史记·晋世家》（晋方视角）：崤之战三处出处之一。「墨衰絰」（染黑丧服督战）细节史记层；文嬴（怀嬴）请释三帅、先轸怒唾与左传僖33相合。,后出叙事
Q128,E119,Z056,秦伯素服郊次，鄉師而哭曰：孤違蹇叔，以辱二三子，孤之罪也。不替孟明。孤之過也，大夫何罪？且吾不以一眚掩大德。,《左传·僖公三十三年》：崤败三帅归，穆公素服郊迎、乡师而哭，自引违蹇叔之罪、不替孟明、不以一眚掩大德——《尚书·秦誓》「孤违蹇叔」之悔过同此口径（秦誓属尚书，本库来源前缀未含，故以左传载其辞）。,原文
Q129,E120,Z058,秦伯伐晉，濟河焚舟，取王官及郊。晉人不出，遂自茅津濟，封殽尸而還。遂霸西戎，用孟明也。,《左传·文公三年》：崤败三年后秦伯伐晋、济河焚舟示必死，取王官及郊，晋不出战；乃自茅津渡河、收葬崤役秦军尸骨（封殽尸）而还，雪崤之耻，遂霸西戎——传归功于复用孟明。,原文
Q130,E121,S005,秦用由余謀伐戎王，益國十二，開地千里，遂霸西戎。天子使召公過賀繆公以金鼓。,《史记·秦本纪》：由余观秦、穆公用其谋「益国十二、开地千里」为史记叙事层（后出），系年约前623（缪公三十七年）；左传「遂霸西戎」仅系于文3「用孟明」。二说并存，reliability medium。,后出叙事
Q131,E122,Z059,秦伯任好卒，以子車氏之三子奄息、仲行、鍼虎為殉，皆秦之良也。國人哀之，為之賦《黃鳥》。君子曰：秦穆之不為盟主也宜哉！死而棄民。,《左传·文公六年》：秦穆公卒，以子车氏三良（奄息、仲行、鍼虎）为殉，国人哀之赋《黄鸟》；君子讥「死而弃民」，故秦终不为盟主。三良殉葬为春秋人殉之著例。,原文
Q132,E122,P006,交交黃鳥，止于棘。誰從穆公？子車奄息。維此奄息，百夫之特。臨其穴，惴惴其慄。彼蒼者天，殲我良人！如可贖兮，人百其身！,【P 层舆论材料·不作史实用】《诗经·秦风·黄鸟》首章：以黄鸟止棘起兴，哀子车奄息殉穆公，「如可贖兮，人百其身」见国人之痛。与《左传·文公六年》（Q131）同证三良殉葬之实；然殉者名氏之外的情状（临穴、惴慄、国人之呼天）出于诗人之辞，不可据以补事目细节。,诗歌
Q133,E117,Y001,秦伯將襲鄭，百里子與蹇叔子諫曰：千里而襲人，未有不亡者也。秦伯怒曰：若爾之年者，宰上之木拱矣，爾曷知！……百里子與蹇叔子隨其後而哭之。秦伯怒曰：爾曷為哭吾師？對曰：臣非敢哭君師，哭臣之子也。,【传解异文层·与经传并置对读·不作骨架】《公羊传·僖公三十三年》：公羊将谏与哭系于僖三十三年经下追叙，与《左传·僖公三十二年》（Z051）异——左传作蹇叔哭师于东门、「中壽，爾墓之木拱矣」，公羊作百里子与蹇叔子送其子而哭、「宰上之木拱矣」；且公羊所哭者为「臣之子」（二子各有子从军），左传则蹇叔哭师本身。人物与地（殽之嵚岩）两传互发明，细节相异宜分层：本库编年骨架取左传（E117 系僖公三十二年），公羊异文只作对读，不据以改易事目与系年。,经义异闻
Q134,E118,Y001,晉人與姜戎要之殽而擊之，匹馬隻輪無反者。,【传解夸饰之辞·不作战果实录】《公羊传·僖公三十三年》：崤之战秦师「匹馬隻輪無反者」（连一马一轮亦无生还）。与《左传·僖公三十三年》（Z056「获三帅」）、《史记·晋世家》（S004「虏三将」）、《史记·秦本纪》（S005「无一人得脱」）同证秦师惨败；然「匹马只轮」为义理渲染而非实录——左传明书三帅被俘、其后释归，秦军非尽殁，本库不据此条定秦师存亡之数。此为崤之战第四处出处（左传经传＋史记二篇＋公羊传）；《穀梁传》僖公三十三年亦有「匹馬倚輪無反者」之同类异文，L 前缀已随 r22 之 L001 实际启用，该条本批仍未单列。,经义异闻
Q135,E123,S006,有鳥在於阜，三年不蜚不鳴，是何鳥也？莊王曰：三年不蜚，蜚將沖天；三年不鳴，鳴將驚人。……於是乃罷淫樂，聽政，所誅者數百人，所進者數百人……國人大說。,《史记·楚世家》（后出叙事层·汉综合叙事）：伍举以隐语进谏、庄王「一鸣惊人」之答，后罢乐听政、赏罚数百而国大治。**左传无「三年不鸣」明文**，此故事仅见史记与诸子（韩非子喻老 Q136）——即位系年前613属高、故事层medium。本条为全库「说部／后出层」示范样本，与问鼎（E125·左传high）对照。,后出叙事
Q136,E123,T001,楚莊王蒞政三年，無令發，無政為也。右司馬御座而與王隱曰：有鳥止南方之阜，三年不翅，不飛不鳴，嘿然無聲，此為何名？王曰：三年不翅，將以長羽翼；不飛不鳴，將以觀民則。雖無飛，飛必沖天；雖無鳴，鳴必驚人。,【诸子寓言层·不入编年·左传无此文】《韩非子·喻老》：「一鸣惊人」之右司马隐语版，与《史记·楚世家》（Q135）互为发明而人物、细节各异（史记作伍举／苏从谏，韩非作右司马）。法家借说部以证心术，本条只作 E123 楚庄王即位骨架之说部旁证，不据以补事目，系年亦不由此出；依裁定4「T 层不单独立事件」挂靠而不另立。,经义异闻
Q137,E124,Z060,楚大饑……庸人帥群蠻以叛楚，麇人率百濮聚於選，將伐楚。……〔楚〕遂滅庸。,《左传·文公十六年》：楚遭大饥、群蛮百濮乘乱叛楚，庄王不迁不避、会秦巴之师灭庸，稳定西境。楚北进之基由此奠，high。,原文
Q138,E125,Z061,楚子問鼎之大小輕重焉。對曰：在德不在鼎。……德之休明，雖小，重也。其姦回昏亂，雖大，輕也。……周德雖衰，天命未改。鼎之輕重，未可問也。,《左传·宣公三年》：楚庄王观兵周疆问九鼎轻重，王孙满对「在德不在鼎」「天命未改、鼎之轻重未可问」。**左传明文high**——与「一鸣惊人」（说部Q135/Q136）恰成分层对照：此条经传直书、可作骨架，故为全库分层方法论示范样本之正例。,原文
Q139,E126,Z062,子文曰：必殺之！是子也，熊虎之狀而豺狼之聲，弗殺，必滅若敖氏矣。……及將死，聚其族曰：椒也知政，乃速行矣，無及於難。且泣曰：鬼猶求食，若敖氏之鬼，不其餒而！,《左传·宣公四年》：令尹子文预言子越椒必灭若敖氏、临终遗言「若敖氏之鬼不其馁而」（恐族灭无人血食）；宣四子越椒果乱，庄王灭若敖氏。子文遗言high明文；子文卒于前637（round13 P_ZIWEN），此为追叙。,原文
Q140,E128,Z064,潘黨曰：君盍築武軍而收晉尸以為京觀？……楚子曰：非爾所知也。夫文，止戈為武。……武有七德……夫武，禁暴、戢兵、保大、定功、安民、和眾、豐財者也。,《左传·宣公十二年》：邲之战楚胜，潘党请收晋尸筑京观以耀武，庄王辞以「止戈为武」「武有七德」——不以杀伐为武、不为京观。左传high，庄王论武之德，霸者气象。,原文
Q141,E128,Z064,彘子曰：不可。……成師以出，聞敵彊而退，非夫也。命為軍帥，而卒以非夫，唯羣子能，我弗為也。以中軍佐濟。,《左传·宣公十二年》：晋中军佐先縠（彘子）违主帅荀林父之命、擅以中军佐济河，谓「闻敌强而退非夫也」，晋师因之进退失据而败于邲——刚愎违命致败之典，与士会之料敌先备相形。,言论
Q142,E129,Z066,華元夜入楚師，登子反之床，起之曰：寡君使元以病告，曰：敝邑易子而食，析骸以爨。雖然，城下之盟，有以國斃，不能從也。去我三十里，唯命是聽。,《左传·宣公十五年》：楚围宋九月，华元夜入登子反之床，以「易子而食、析骸以爨」告困而不屈（「城下之盟有以国毙不能从」），楚退三十里、宋楚平、华元为质。弱国重臣之风骨，high。,原文
Q143,E132,Z067,楚子旅卒。,《春秋·宣公十八年》经文：楚庄王卒。经书名「旅」，为庄王名从经作「旅」（一作侣）之明证；在位二十三年而霸中原。,原文
Q144,E128,T002,楚莊王賜群臣酒……日暮酒酣，燈燭滅，乃有人引美人之衣者，美人援絕其冠纓，告王曰……王……命曰：今日與寡人飲，不絕冠纓者不歡。群臣百有餘人皆絕去其冠纓，而後上火。居三年，晉與楚戰，有一臣常在前……卒得勝之。,【秦汉说部层·不入编年·挂靠而不单立事件】《说苑·复恩》（西汉刘向编）：「绝缨之宴」庄王掩人之过、命群臣尽绝冠缨以全引衣者；说苑续云「居三年，晉與楚戰」绝缨者力战报德——所指晋楚大战当邲之战（前597），故本条依裁定4「T 层不单独立事件、只作经传骨架旁证」挂 E128。《左传》《国语》俱无此文，只作庄王「容过得士」之德性旁证，不入编年史实。,经义异闻
Q145,E131,S007,孫叔敖者，楚之處士也。……三月為楚相，施教導民，上下和合，世俗盛美，政緩禁止，吏無姦邪，盜賊不起。……秋冬則勸民山採，春夏以水，各得其所便，民皆樂其生。,《史记·循吏列传》（循吏层·汉综合叙事，medium）：孙叔敖列循吏之首，三月为相而楚大治、施教导民、因时导利。与左传「孙叔敖为令尹、邲战主进」（Q146 骨架层high）分注：治绩细节属循吏层、须与左传编年互证。,后出叙事
Q146,E128,Z064,孫叔敖曰：進之！寧我薄人，無人薄我。……遂疾進師，車馳卒奔，乘晉軍。,《左传·宣公十二年》：邲之战孙叔敖为令尹主进「宁我薄人、无人薄我」，楚师疾进破晋。孙叔敖为令尹将师之左传骨架（high），与史记循吏治绩层（Q145）分注互证。,原文
Q147,E133,G008,教之春秋，而為之聳善而抑惡焉，以戒勸其心；……教之詩，而為之導廣顯德，以耀明其志；……教之禮，使知上下之則。,《国语·楚语上》：庄王使士亹傅太子箴，士亹问傅太子之道于申叔时，申叔时列「春秋、世、诗、礼、乐、令、语、故志、训典」九法以成太子之德。庄王重继嗣之教之政；国语记言层medium。,言论
Q148,E134,Z068,秋，宋公、楚子、陳侯、蔡侯、鄭伯、許男、曹伯會于盂，執宋公以伐宋。,《春秋·僖公二十一年》经文：秋，诸侯会于盂，楚执宋公以伐宋。经明书「楚子……会于盂」，楚成王亲会之证。,原文
Q149,E134,Z068,秋，諸侯會宋公于盂。子魚曰：禍其在此乎！君欲已甚，其何以堪之？於是楚執宋公以伐宋。冬，會于薄以釋之。,《左传·僖公二十一年》：子鱼预言宋襄争盟取祸「祸其在此乎、君欲已甚」；楚于盂执宋公以伐宋，冬会于薄乃释之。,言论
Q150,E135,Z069,楚子將圍宋，使子文治兵於睽，終朝而畢，不戮一人。子玉復治兵於蒍，終日而畢，鞭七人，貫三人耳。……冬，楚子及諸侯圍宋。宋公孫固如晉告急。,《左传·僖公二十七年》：楚子将围宋、子文子玉先后治兵；冬楚子及诸侯围宋，宋公孙固赴晋告急——城濮之战张本。传书「楚子」（经作「楚人」），成王亲围宋都。,原文
Q151,E136,Z050,楚子入居于申，使申叔去穀，使子玉去宋，曰：無從晉師。晉侯在外十九年矣，而果得晉國，險阻艱難，備嘗之矣；民之情偽，盡知之矣。天假之年，而除其害。天之所置，其可廢乎？,《左传·僖公二十八年》：城濮战前楚成王入居于申、命子玉去宋勿从晋师，历数晋文公在外十九年备尝艰难、天所置不可废，诫子玉勿战。成王亲退居于申。,原文
Q152,E137,Z070,鄭伯始朝于楚。楚子賜之金，既而悔之，與之盟，曰：無以鑄兵。故以鑄三鐘。,《左传·僖公十八年》：郑文公首朝楚成王，楚子赐之金又悔（恐郑以之铸兵），与之盟「无以铸兵」，郑遂以铸三钟。郑首附楚之明文。,原文
Q153,E138,P007,手如柔荑，膚如凝脂，領如蝤蠐，齒如瓠犀，螓首蛾眉。巧笑倩兮，美目盼兮。,【P 层舆论材料·不作史实用】《卫风·硕人》咏庄姜出嫁之盛容。属舆论／文学层，传统以为美庄姜，非史实骨架。,诗歌
Q154,E141,Z071,衛州吁弒桓公而立。……石碏使告于陳……陳人執之而請蒞于衛。……衛人使右宰醜蒞殺州吁于濮，石碏使其宰獳羊肩蒞殺石厚于陳。,《左传·隐公四年》：州吁弑桓公自立，石碏借陈执州吁，杀之于濮、杀石厚于陈——君子谓「大义灭亲」。,原文
Q155,E141,P008,燕燕于飛，差池其羽。之子于歸，遠送于野。瞻望弗及，泣涕如雨。,【P 层舆论材料·毛序异说·不作史实用】《邶风·燕燕》首章：毛序谓卫庄姜送归妾（戴妫大归于陈）。属传统阐释异说，另有他说，非史实。,诗歌
Q156,E142,P009,新臺有泚，河水瀰瀰。燕婉之求，籧篨不鮮。,【P 层舆论材料·不作史实用】《邶风·新台》首章：新台鲜明而临于河上，河水弥漫；本求燕婉之好，所遇乃籧篨（不能俯之丑者）。毛序谓「刺卫宣公也，纳伋之妻，作新台于河上而要之」。诗与《左传·桓公十六年》（Q157）合于「新台」之名、「河上」之地，然人物年月不出诗中，属卫地舆论回声，不作事实细节之补。,诗歌
Q157,E142,Z072,初，衛宣公烝於夷姜，生急子，屬諸右公子。為之娶於齊，而美，公取之，生壽及朔，屬壽於左公子。,《左传·桓公十六年》追叙：宣公烝夷姜生急子，为急子娶齐女而自取之（宣姜），生寿及朔。,原文
Q158,E143,P010,二子乘舟，汎汎其景。願言思子，中心養養。,【P 层舆论材料·毛序异说·不作史实用】《邶风·二子乘舟》首章：二子乘舟远去，泛泛见其影；愿言思之而中心忧忧。毛序谓「思伋、寿也，卫宣公之二子争相为死，国人伤而思之」。诗中不著二子之名，其系于急子、寿子出自毛序之传统阐释，别家亦有异解；本库事实骨架取《左传·桓公十六年》（Q159），本条只作舆论层并置。,诗歌
Q159,E143,Z072,壽子告之，使行。不可，曰：「棄父之命，惡用子矣！有無父之國則可也。」……壽子載其旌以先，盜殺之。急子至，曰：「我之求也。此何罪？請殺我乎！」又殺之。,《左传·桓公十六年》：寿子窃旌代兄先死，急子继至亦见杀——寿朔之难。,原文
Q160,E145,Z034,初，惠公之即位也少，齊人使昭伯烝於宣姜，不可，強之。生齊子、戴公、文公、宋桓夫人、許穆夫人。,《左传·闵公二年》追叙：齐人强昭伯烝宣姜，生五子——戴公、文公与许穆夫人皆出于此。,原文
Q161,E146,Z025,蔡哀侯娶於陳，息侯亦娶於陳。息媯將歸，過蔡，蔡侯曰「吾姨也」，止而見之，弗賓。息侯聞之，怒……楚子……敗蔡師于莘，以蔡侯獻舞歸。,《左传·庄公十年》：息妫过蔡见止弗宾，息侯借楚，莘之役楚败蔡获蔡哀侯。,原文
Q162,E147,Z027,蔡哀侯為莘故，繩息媯以語楚子。楚子如息，以食入享，遂滅息。以息媯歸，生堵敖及成王焉，未言。楚子問之，對曰：「吾一婦人而事二夫，縱弗能死，其又奚言？」,《左传·庄公十四年》：楚灭息以息妫归、生二子而三年不言，「一妇事二夫」之答——本批之魂，左传明文。,原文
Q163,E148,Z027,秋七月，楚入蔡。君子曰：「《商書》所謂『惡之易也，如火之燎于原，不可鄉邇，其猶可撲滅』者，其如蔡哀侯乎！」,《左传·庄公十四年》：楚以妫故入蔡，君子追论蔡哀侯自取其祸。,原文
Q164,E150,Z052,楚令尹子元欲蠱文夫人，為館於其宮而振萬焉。夫人聞之，泣曰：「先君以是舞也，習戎備也。今令尹不尋諸仇讎，而於未亡人之側，不亦異乎！」,《左传·庄公二十八年》：子元振万于宫欲蛊文夫人（息妫），夫人泣责——遂有伐郑之举（E109）。,原文
Q165,E151,Z037,初，晉獻公欲以驪姬為夫人，卜之，不吉；筮之，吉。公曰：「從筮。」卜人曰：「筮短龜長，不如從長。」……弗聽，立之。,《左传·僖公四年》追叙：立骊姬为夫人卜筮相争，献公从筮而立之，谮乱之伏。,原文
Q166,E151,G004,獻公卜伐驪戎，史蘇占之，曰：「勝而不吉。」……公曰：「何謂也？」對曰：「……䧢之以驪姬，是有畜牝。」……驪姬既嬖。,《国语·晋语一》：史苏占伐骊戎「胜而不吉」，预言骊姬乱晋——与左传骊姬之乱互发明。,原文
Q167,E082,S004,獻公卒……里克……殺奚齊……又殺悼子（卓子）……乃殺驪姬，鞭而殺之。,《史记·晋世家》：献公卒后里克弑奚齐、卓子，并鞭杀骊姬。左传无骊姬死之明文，此属后出叙事层，分层存录；骊姬既为谮主亦为被鞭杀之承受者，不作女祸论断。,后出叙事
Q168,E153,Z045,穆姬聞晉侯將至，以太子罃、弘與女簡璧登臺而履薪焉，使以免服衰絰逆，且告曰：「上天降災，使我兩君匪以玉帛相見，而以興戎。……若晉君朝以入，則婢子夕以死；夕以入，則朝以死。唯君裁之！」,《左传·僖公十五年》：穆姬登台履薪、率子女衰绖，以死请赎晋惠公，秦穆公乃改馆而礼之——本批最强单场，亲至明文。,原文
Q169,E152,S005,晉獻公……以百里傒為秦穆姬媵於秦。百里傒亡秦走宛，楚鄙人執之。穆公聞百里傒賢，欲重贖之……以五羖羊皮贖之，授之國政，號曰五羖大夫。,《史记·秦本纪》：百里奚以穆姬媵臣入秦、亡走见执、穆公五羖赎相。媵臣情节属后出叙事层，分层标注。,后出叙事
Q170,E187,G002,五家為軌，軌為之長；十軌為里，里有司；四里為連，連為之長；十連為鄉，鄉有良人焉；以為軍令。,【《国语》记言层·制度总述·系年不自证】《国语·齐语》「作內政而寄軍令」之制国细则——五家为轨、十轨为里、四里为连、十连为乡，轨里连乡四级编户即军令之伍、小戎、卒、旅所本，寓兵于政的具体落实（Q068 之目）。本条与 Q067／Q068／Q171 同出《齐语》桓公问政一段，r23 由 E046（堂阜脱囚·堂阜）归位至 E187（管仲为政·临淄）。,言论
Q171,E187,G002,叁其國而伍其鄙。,【《国语》记言层·制度总述·系年不自证】《国语·齐语》管仲定民居、成民事之总纲：「叁其國而伍其鄙」——叁分国都为二十一乡（工商之乡六、士乡十五）、伍分鄙野而立五属，国野分治、四民各安其业，齐国军政体制之纲领。本条与 Q067／Q068／Q170 同出《齐语》桓公问政一段，r23 由 E046（堂阜脱囚·堂阜）归位至 E187（管仲为政·临淄）。,言论
Q172,E046,S008,吾始困時，嘗與鮑叔賈，分財利多自與，鮑叔不以我為貪，知我貧也。……生我者父母，知我者鮑子也。,《史记·管晏列传》管仲自述早年与鲍叔交谊：分财多取、谋事更困、三仕三逐、三战三走，鲍叔皆不以为贪愚怯而知其境遇——「管鲍之交」「知我者鲍子」典出于此。属汉代后出叙事层，先秦经传无此自述文（S 层分注）。,后出叙事
Q173,E046,T003,或問管仲。曰：人也。奪伯氏駢邑三百，飯疏食，沒齒無怨言。,【诸子语录评价层·非编年记事】《论语·宪问》孔子评管仲：夺大夫伯氏骈邑三百户，伯氏终身粗食而无一句怨言——赞管仲执政用刑得当、令被夺者心服。系年无考，作评价层旁证挂靠管仲相齐条（先秦诸子语录层，非编年记事；T 层分注）。,经义异闻
Q174,E068,T003,微管仲，吾其被髮左衽矣。,【诸子语录评价层·非编年记事】《论语·宪问》孔子论管仲攘夷之功：若无管仲尊王攘夷、遏楚北进，中原将沦为披发左衽之俗——正就召陵伐楚一类攘夷事而发，作评价层旁证挂靠召陵之盟（先秦诸子语录层）。,经义异闻
Q175,E071,T003,桓公九合諸侯，不以兵車，管仲之力也。如其仁，如其仁。,【诸子语录评价层·非编年记事】《论语·宪问》孔子许管仲之仁功：辅桓公屡合诸侯而不假兵车之力、一匡天下——「九合诸侯」之评正合葵丘霸业之顶，作评价层旁证挂靠葵丘之会（先秦诸子语录层）。,经义异闻
Q176,E071,T003,管仲之器小哉！……管氏而知禮，孰不知禮？,【诸子语录评价层·非编年记事】《论语·八佾》孔子讥管仲：有三归、官事不摄，树塞门、设反坫，僭拟诸侯之礼，故曰器小、不知礼——与宪问许其功者褒贬相济，见孔子评管仲之两面。挂靠葵丘霸业之顶（僭越之讥的语境背景；先秦诸子语录层）。,经义异闻
Q177,E155,Z012,亂作，管夷吾、召忽奉公子糾來奔。,《左传·庄公八年》：乱起后管仲、召忽奉公子纠来奔（奔鲁）。,原文
Q200,E170,Z043,宋公疾，大子茲父固請曰：目夷長且仁，君其立之。公命子魚。子魚辭曰：能以國讓，仁孰大焉？臣不及也，且又不順。遂走而退。,今译：宋桓公病，太子兹甫坚请说「目夷年长而且仁，君还是立他吧」；桓公便命子鱼（目夷）为嗣。子鱼推辞说「能把国家让出来，还有比这更大的仁吗？臣不及他；何况这样又不合次序」，于是快步退下。「不顺」谓庶不当立、越嫡非序。,原文
Q201,E170,S009,桓公病，太子茲甫讓其庶兄目夷為嗣。桓公義太子意，竟不聽。,《史记》此节明书目夷为「庶兄」，《左传》僖公八年仅书其「长且仁」；又叙桓公「竟不听」，与《左传》「公命子鱼」（桓公一度许之、由子鱼固辞）不同，属汉代后出叙事层的整合改写。分层并录以供对读，不与经传混同。,后出叙事
Q202,E171,Z039,宋襄公即位，以公子目夷為仁，使為左師以聽政，於是宋治。故魚氏世為左師。,今译：宋襄公即位，认为公子目夷仁，让他做左师执政，于是宋国大治；所以（目夷之后）鱼氏世代为左师。《史记·宋微子世家》此事作「以其庶兄目夷为相」，官称与传文「左师」异，属后出叙事层。,原文
Q203,E071,Z039,九年春，宋桓公卒，未葬而襄公會諸侯，故曰子。凡在喪，王曰小童，公侯曰子。,今译：僖公九年春，宋桓公卒，尚未安葬而襄公已会诸侯，所以经文称他「宋子」；凡在丧中，天子称「小童」，公侯称「子」。此为宋襄公亲与葵丘之会的经文硬证，本库据此为 E071 挂链 presence=亲至。,原文
Q204,E172,Z070,十有八年春王正月，宋公、曹伯、衛人、邾人伐齊。夏，師救齊。五月戊寅，宋師及齊師戰于甗，齊師敗績。狄救齊。秋八月丁亥，葬齊桓公。,《春秋》僖公十八年经。春书「宋公」列名伐齐，乃君将之辞；而五月甗之战书「宋師」不书「宋公」——两处书法之张力与本库 presence 判据见 docs/changes/r21_songxiang.md 三。「夏，師救齊」之「師」为鲁师。,原文
Q205,E172,Z070,十八年春，宋襄公以諸侯伐齊。三月，齊人殺無虧。……齊人將立孝公，不勝四公子之徒，遂與宋人戰。夏五月，宋敗齊師于甗，立孝公而還。,今译：僖公十八年春，宋襄公率诸侯伐齐；三月，齐人杀了僭立的公子无亏。齐人要立孝公，敌不过四公子的党徒，就与宋人交战；夏五月，宋军在甗打败齐师，立孝公而后班师。省略号处为「郑伯始朝于楚」一节，已别出为 E137。,原文
Q206,E173,Z073,夏六月，宋公、曹人、邾人盟于曹南。鄫子會盟于邾。己酉，邾人執鄫子用之。,《春秋》僖公十九年经。「用之」谓用为牺牲以祭。经书「宋公」亲盟于曹南；执用鄫子则书「邾人」，事在邾而非宋公亲莅，本库 presence 据此分判。,原文
Q207,E173,Z073,夏，宋公使邾文公用鄫子于次睢之社，欲以屬東夷。,今译：夏，宋襄公让邾文公把鄫子用作牺牲祭于次睢之社，想借此使东夷归附。次睢之社在睢水之次（今苏北一带），东夷所共祠。本库依经传明文如实著录，取编年口吻、不作细节铺陈。,原文
Q208,E173,Z073,司馬子魚曰：古者六畜不相為用，小事不用大牲，而況敢用人乎？祭祀以為人也。民，神之主也。用人，其誰饗之？齊桓公存三亡國以屬諸侯，義士猶曰薄德。今一會而虐二國之君，又用諸淫昏之鬼，將以求霸，不亦難乎？得死為幸！,今译：司马子鱼说：古时六畜不相为用（祭某牲不以其同类），小祀不用大牲，何况敢用人？祭祀本是为了人；民是神的主人，用人为牲，谁会来享？齐桓公存三个亡国以联属诸侯，义士尚且说他德薄；如今一次会盟就残虐两国之君（春执滕宣公、夏用鄫子），又拿来祭淫昏之鬼，还想以此求霸，不也难吗？能得善终就算幸运了。与用鄫子事同条并录，作道德对位。,言论
Q209,E174,Z068,二十一年春，宋人為鹿上之盟，以求諸侯於楚，楚人許之。公子目夷曰：小國爭盟，禍也。宋其亡乎，幸而後敗。,今译：僖公二十一年春，宋人举行鹿上之盟，向楚求取（楚所属的）诸侯，楚人答应了。公子目夷说：小国争当盟主，是祸；宋大概要亡了吧，能只是败一场已算侥幸。经、传皆书「宋人」而不书「宋公」，故本库宋襄公于本条 presence 从严标「相关」。,原文
Q210,E175,Z047,二十三年春，齊侯伐宋，圍緡，以討其不與盟于齊也。夏五月，宋襄公卒，傷於泓故也。,今译：僖公二十三年春，齐侯伐宋、围缗，以讨伐宋不参与在齐国的那次盟会；夏五月，宋襄公去世，是因为泓之战所受的伤。《春秋》同年经作「夏五月庚寅，宋公茲父卒」。,原文
Q211,E111,Z046,子魚曰：君未知戰。勍敵之人，隘而不列，天贊我也。阻而鼓之，不亦可乎？猶有懼焉。且今之勍者，皆吾敵也，雖及胡耇，獲則取之，何有於二毛？明恥教戰，求殺敵也。傷未及死，如何勿重？若愛重傷，則如勿傷；愛其二毛，則如服焉。三軍以利用也，金鼓以聲氣也。利而用之，阻隘可也；聲盛致志，鼓儳可也。,今译：子鱼说：君不懂战。强敌陷于险隘而未成列，是天助我；乘其受阻而击鼓进攻，有什么不可？（即便如此）尚且怕不能胜。今日之强者都是我的敌人，即使遇上老者，擒获就该取之，管什么头发花白？申明耻辱、教以战斗，为的就是杀敌；伤而未死，为何不再击？若怜惜再伤他，当初就不该伤他；怜惜花白头发，不如向他降服。三军凭有利而用，金鼓以声势鼓气；有利而用，据险隘也可以；声势盛以致其志，击未成列之敌也可以。与既有 Q115 宋襄公「不鼓不成列」一段对读，为春秋兵礼之变的两面。,言论
Q178,E176,Z074,陳靈公與孔寧、儀行父通於夏姬，皆衷其衵服，以戲于朝。洩冶諫曰：公卿宣淫，民無效焉，且聞不令。君其納之。公曰：吾能改矣。公告二子。二子請殺之，公弗禁，遂殺洩冶。,今译：陈灵公与孔宁、仪行父三人皆与夏姬有私，都贴身穿着她的衵服在朝堂上戏谑。泄冶谏道「公卿宣扬淫风，民众无从取法，而且名声不好，君还是把它收起来吧」；灵公说「我能改」，却把话告诉了二人，二人请求杀泄冶，灵公不加禁止，于是杀了泄冶。同年《春秋》经书「陳殺其大夫洩冶」。「衵服」谓贴身之衣；「君其納之」旧注谓收藏其衵服勿以示人（一说谓纳谏改行，存异说）。原文用字照录于本栏，事件 summary 不复述。,原文
Q179,E176,Z074,孔子曰：《詩》云：民之多辟，無自立辟，其洩冶之謂乎。,【后人评断层·非事实补充】《左传》宣公九年传末所记孔子评语：《诗》说「民众多邪僻的时候，不要独自立起法度（以身犯难）」，说的就是泄冶吧。所引出《诗·大雅·板》。此为后人对泄冶之评断（言论层），非编年记事，亦非对本条事实之补充。,言论
Q180,E176,P011,胡為乎株林？從夏南。匪適株林，從夏南。駕我乘馬，說于株野。乘我乘駒，朝食于株。,【P 层舆论材料·不作史实用】《诗·陈风·株林》全篇。毛诗序：「《株林》，刺靈公也。淫乎夏姬，驅馳而往，朝夕不休息焉」——序为汉儒传统阐释层。本诗是当时或稍后陈地的舆论回声，非编年记事：其可证者为「株」「株林」「株野」之地名与时人之议论，不可据以补事实细节，故本库只作 passage 挂靠 E176，不入 events.source_ids。「夏南」即夏徵舒之字（见《左传》成公二年「戮夏南」）。,诗歌
Q181,E177,Z075,癸巳，陳夏徵舒弒其君平國。,《春秋》宣公十年经。经文序次为「五月，公至自齊。癸巳，陳夏徵舒弒其君平國。六月，宋師伐滕」，故本库系于是年夏五月。经书「弒其君」并著弑者之名，以徵舒为陈之臣。,原文
Q182,E177,Z075,陳靈公與孔寧、儀行父飲酒於夏氏。公謂行父曰：徵舒似女。對曰：亦似君。徵舒病之。公出，自其廄射而殺之。二子奔楚。,今译：陈灵公与孔宁、仪行父在夏氏饮酒。灵公对仪行父说「徵舒像你」，答说「也像君」。徵舒以此为耻。灵公出门，徵舒从他的马厩射杀了他；二人奔楚。传书「飲酒於夏氏」而未著地名，本库落点取株林，依据与降级理由见 places.L_ZHULIN。夏姬本人在场无明文，presence 从严标「相关」。,原文
Q183,E177,S010,靈公與其大夫孔寧、儀行父皆通於夏姬，衷其衣以戲於朝。泄冶諫曰：君臣淫亂，民何效焉？靈公以告二子，二子請殺泄冶，公弗禁，遂殺泄冶。十五年，靈公與二子飲於夏氏。公戲二子曰：徵舒似汝。二子曰：亦似公。徵舒怒。靈公罷酒出，徵舒伏弩廏門射殺靈公。孔寧、儀行父皆奔楚，靈公太子午奔晉。,《史记·陈杞世家》汉代后出叙事层：大体同《左传》宣公九年、十年两条而合叙于一处。异同两点——泄冶谏辞作「君臣淫亂，民何效焉」（传作「公卿宣淫，民無效焉」）；末增「靈公太子午奔晉」一节，可与《左传》宣公十一年「陳侯在晉」互证（太子午即陈成公）。分层并录以供对读，不与经传混同。,后出叙事
Q184,E178,Z063,冬，十月，楚人殺陳夏徵舒。丁亥，楚子入陳。納公孫寧、儀行父于陳。,《春秋》宣公十一年经。「楚子入陳」为楚庄王亲至之经文明证（本库 E178 presence=亲至之判据）；「納公孫寧、儀行父于陳」，传曰「書有禮也」。孔宁经作「公孫寧」，公孙之称示其为陈公之孙。,原文
Q185,E178,Z063,楚子為陳夏氏亂故，伐陳。謂陳人：無動，將討于少西氏。遂入陳，殺夏徵舒，轘諸栗門。因縣陳，陳侯在晉。,今译：楚庄王因陈夏氏之乱而伐陈，告陈人「不要动，我只讨伐少西氏」；于是入陈，杀夏徵舒，车裂其尸于栗门；因而把陈改置为楚之县，其时陈侯在晋。「少西氏」，杜预注谓少西为夏徵舒之祖、夏氏所自出；「轘」，车裂。本库依经传明文如实著录，取编年口吻、不作细节铺陈。,原文
Q186,E178,Z063,申叔時使於齊，反，復命而退。王使讓之曰：夏徵舒為不道，弒其君，寡人以諸侯討而戮之，諸侯縣公皆慶寡人，女獨不慶寡人，何故？對曰：猶可辭乎？王曰：可哉。曰：夏徵舒弒其君，其罪大矣，討而戮之，君之義也。抑人亦有言曰：牽牛以蹊人之田，而奪之牛。牽牛以蹊者，信有罪矣；而奪之牛，罰已重矣。諸侯之從也，曰討有罪也。今縣陳，貪其富也。以討召諸侯，而以貪歸之，無乃不可乎？王曰：善哉，吾未之聞也。反之，可乎？對曰：吾儕小人所謂取諸其懷而與之也。乃復封陳。,今译：申叔时出使齐国回来，复命完毕便退下。庄王派人责备他「夏徵舒不道而弑其君，寡人率诸侯讨而戮之，诸侯与县公都来庆贺寡人，唯独你不庆贺，为什么」；答「还可以申辩吗」，王说「可以」。于是说「夏徵舒弑君，罪确实大；讨而戮之，是君的道义。不过人也有话说：牵牛践踏了别人的田，田主就夺走他的牛——牵牛踏田固然有罪，夺其牛则罚得太重了。诸侯所以跟从，是说讨伐有罪的人；如今把陈改为县，是贪其富。以讨罪召诸侯而以贪归之，恐怕不可以吧」。王说「说得好，我没听过这话。把它还回去，可以吗」；答「这正是我们小人所说的『从怀里取出来还给人』（言其易）」。于是复封陈。本段为楚庄王线「不贪其富」名段，与 E178 之「县陈」互为一条之两面。,言论
Q187,E179,Z076,楚之討陳夏氏也，莊王欲納夏姬。申公巫臣曰：不可。君召諸侯，以討罪也；今納夏姬，貪其色也。貪色為淫，淫為大罰。周書曰：明德慎罰。文王所以造周也。明德，務崇之之謂也；慎罰，務去之之謂也。若興諸侯，以取大罰，非慎之也。君其圖之。王乃止。,今译：楚讨陈夏氏的时候，庄王想纳夏姬。申公巫臣说「不可。君召集诸侯，是为讨罪；如今纳夏姬，是贪其色。贪色为淫，淫为招致大罚之由。《周书》说『明德慎罚』，文王以此造周——明德，是务求推崇它；慎罚，是务求去除它。若兴诸侯之师而自取大罚，就不是慎罚了。君还是考虑一下」。王于是作罢。本条为《左传》成公二年之追叙，系年据「楚之討陳夏氏也」定于前598 讨陈之时，无月日明文，事件 reliability 从严标 medium。,原文
Q188,E179,Z076,子反欲取之。巫臣曰：是不祥人也。是夭子蠻，殺御叔，弒靈侯，戮夏南，出孔、儀，喪陳國，何不祥如是？人生實難，其有不獲死乎？天下多美婦人，何必是？子反乃止。王以予連尹襄老。,【归罪话术层·非事实判断】此为巫臣止子反娶之之游说辞，把子蛮之夭、御叔之死、陈灵公之弑、夏徵舒之戮、孔宁仪行父之出奔、陈国之一度亡，六事一并归因于一人，属说服性话术与文本立场，不可当作事实判断读；本库照录引文而不采其评。两点自证其为说辞：其一，所列诸事各有其人其事之因（弑君者夏徵舒、戮夏南与县陈者楚庄王、出孔仪者其自奔），传文本身俱有明载；其二，巫臣其后自聘夏姬并携之奔晋（E181、E182），言与行相违，《左传》并录二事而不为之讳。「子蠻」所指有异说（杜预注以为夏姬前夫，一说即其兄子貉），本库不裁定。末句「王以予連尹襄老」为夏姬归襄老之明文。,言论
Q189,E128,Z076,襄老死於邲，不獲其尸。,《左传》成公二年追叙邲之战（前597，本库 E128）中楚连尹襄老战死、尸不得归一节。出处为成公二年之追叙而非宣公十二年本条，故标明追叙来源。襄老之尸其后成为晋楚郑三方交涉之资，亦为夏姬得归郑之由（E181）。本条为既有邲之战事件补挂之旁证。,原文
Q190,E180,Z076,其子黑要烝焉。巫臣使道焉，曰：歸，吾聘女。又使自鄭召之，曰：尸可得也，必來逆之。,今译：襄老之子黑要与夏姬有私。巫臣派人向她传话说「回郑国去，我聘娶你」；又让人从郑国召她，说「尸可以得到，你一定要回来迎接」。「烝」为古称下与上淫之词，照录原文用字，summary 不复述。巫臣系遣人传辞（使者代行），presence 从严标「相关」；本条系年之推定见 events.E180。,原文
Q191,E181,Z076,姬以告王，王問諸屈巫。對曰：其信。知罃之父，成公之嬖也，而中行伯之季弟也，新佐中軍，而善鄭皇戌，甚愛此子。其必因鄭而歸王子與襄老之尸以求之。鄭人懼於邲之役而欲求媚於晉，其必許之。王遣夏姬歸。將行，謂送者曰：不得尸，吾不反矣。巫臣聘諸鄭，鄭伯許之。,今译：夏姬把迎尸之说告诉楚王，王问屈巫（巫臣）。答说「可信。知罃之父荀首是晋成公的宠臣、中行伯的幼弟，新任中军佐，又与郑皇戌交好，很爱这个儿子，必定通过郑国送回楚王子与襄老之尸以换回他；郑人惧于邲之役而欲取媚于晋，必定答应」。王于是遣夏姬归郑；临行，她对送行的人说「得不到尸，我就不回来了」。巫臣其后聘之于郑，郑伯许之。「不得尸，吾不反矣」为《左传》所记夏姬唯一一句直接引语。「歸」谓归其母家之国郑。,原文
Q192,E182,Z076,及共王即位，將為陽橋之役，使屈巫聘於齊，且告師期，巫臣盡室以行。申叔跪從其父將適郢，遇之，曰：異哉，夫子有三軍之懼，而又有桑中之喜，宜將竊妻以逃者也。及鄭，使介反幣，而以夏姬行。將奔齊，齊師新敗，曰：吾不處不勝之國。遂奔晉，而因郤至，以臣於晉。晉人使為邢大夫。,今译：到楚共王即位，将有阳桥之役，派屈巫（巫臣）聘于齐并通告出师日期，巫臣带着全家上路。申叔跪随其父将往郢，路上遇见他，说「奇怪啊，此公身负三军之惧，却又有《桑中》之喜，看样子是要携人之妻而逃的」。到郑国，巫臣让副使把聘币送回，而与夏姬同行；本欲奔齐，因齐师新败，说「我不居于不能取胜之国」，于是奔晋，凭郤至之介而臣于晋，晋人使他做邢大夫。二人俱有奔晋明文（「以夏姬行」「遂奔晉」），presence 均标「亲至」。「邢」为晋邑，与既有 L_XING（邢国）非一地。《桑中》为《诗·鄘风》篇名，申叔跪以之为讥，属时人话术。,原文
Q193,E182,Z078,其母曰：子靈之妻，殺三夫、一君、一子，而亡一國、兩卿矣，可無懲乎？吾聞之：甚美必有甚惡。是鄭穆少妃姚子之子，子貉之妹也。,【归罪话术层·非事实判断】《左传》昭公二十八年，叔向欲娶于申公巫臣氏（巫臣与夏姬之女），其母止之之辞。事在前514，去夏姬之世逾七十年，属后世追评：所谓「杀三夫、一君、一子，亡一国、两卿」，把陈灵公之弑（弑者夏徵舒）、夏徵舒之戮与陈之一度县楚（皆楚庄王之政）、子重子反之族杀（成公七年）等各有其因之事归于一人之身，是文本立场与时人话术，非事实判断；本库照录而不采其评。同段末句「是鄭穆少妃姚子之子，子貉之妹也」则为夏姬出身之经传明文——郑穆公与少妃姚子之女、子貉（郑灵公）之妹，reliability high，与前半之评断分属两层，不得混读。,言论
Q194,E183,Z077,及共王即位，子重、子反殺巫臣之族子閻、子蕩，及清尹弗忌，及襄老之子黑要，而分其室。子重取子閻之室，使沈尹與王子罷分子蕩之室，子反取黑要與清尹之室。,今译：到共王即位以后，子重、子反杀了巫臣的族人子阎、子荡，以及清尹弗忌、襄老之子黑要，瓜分他们的家产：子重取子阎之室，让沈尹与王子罢分子荡之室，子反取黑要与清尹之室。传文以「及共王即位」发端而系于成公七年，事在巫臣奔晋（前589）之后、通吴（前584）之前，确年无明文，系年处置见 events.E183。黑要即夏姬于楚时襄老之子，本轮未单立人物行。,原文
Q195,E183,Z077,巫臣自晉遺二子書曰：爾以讒慝貪惏事君，而多殺不辜，余必使爾罷於奔命以死。,今译：巫臣从晋国给子重、子反送去一封书信说「你们以谗邪贪婪事奉国君，滥杀无辜；我一定要让你们疲于奔命而死」。「罷」读疲。此为巫臣之言（言论层），其后通吴教战即践此语（E184），《左传》以书辞与其效前后相属，为春秋私怨牵动国势之著例。,言论
Q196,E184,Z077,巫臣請使於吳，晉侯許之。吳子壽夢說之。乃通吳于晉，以兩之一卒適吳，舍偏兩之一焉。與其射御，教吳乘車，教之戰陳，教之叛楚。寘其子狐庸焉，使為行人於吳。吳始伐楚、伐巢、伐徐，子重奔命。馬陵之會，吳入州來，子重自鄭奔命。子重、子反於是乎一歲七奔命。蠻夷屬於楚者，吳盡取之，是以始大，通吳於上國。,今译：巫臣请求出使吴国，晋侯答应了。吴子寿梦悦其人，于是使吴与晋通好；巫臣以一卒战车之半适吴，留下其中一偏的车与徒，教吴人射御、教之乘车、教之列阵、教之叛楚；又把儿子狐庸留在吴国，任行人之职。吴于是开始伐楚、伐巢、伐徐，子重奔命应付；马陵之会时吴入州来，子重自郑奔命——子重、子反一年之内七次奔命。属于楚的蛮夷之地为吴尽取，吴由此始大，得与中原上国相通。【吴国登场】本条为吴国进入本库编年之首条：吴之车战、阵法与叛楚之谋皆自巫臣之教而起，为春秋后期吴楚争衡之发端。「兩之一卒」「偏兩之一」为古车战编制，说有异，从杜预注之通说；「寘」同置。,原文
Q212,E186,G002,臣之所不若夷吾者五：寬惠柔民，弗若也；治國家不失其柄，弗若也；忠信可結于百姓，弗若也；制禮義可法于四方，弗若也；執枹鼓立于軍門，使百姓皆加勇焉，弗若也。,《国语·齐语》鲍叔辞宰时自陈五不若：宽厚惠民、执国柄而不失、忠信足以取信百姓、制礼义可为四方法式、临阵执枹鼓而能倍士气——五事俱自认不如管夷吾。此即既有 Q042（同段前半「臣，君之庸臣也……其管夷吾乎」）省略号处所略之文，本条补足。,原文
Q213,E186,G002,桓公曰：施伯，魯君之謀臣也，夫知吾將用之，必不予我矣。若之何？鮑子對曰：使人請諸魯，曰：寡君有不令之臣在君之國，欲以戮之于群臣，故請之。則予我矣。桓公使請諸魯，如鮑叔之言。,《国语·齐语》鲍叔献取管仲之计：鲁有谋臣施伯，若使鲁知齐将大用管仲则必不放人，故托辞为寡君有不令之臣在贵国、欲取回而戮之于群臣，鲁乃予之。此即 E154「鲁囚管仲、槛车归齐」之由来，亦见鲍叔让贤非徒空言、并谋其成。,原文
Q214,E046,S008,鮑叔既進管仲，以身下之。子孫世祿於齊，有封邑者十餘世，常為名大夫。天下不多管仲之賢而多鮑叔能知人也。,《史记·管晏列传》传中评语：鲍叔举管仲而甘居其下，鲍氏子孙世代食禄于齐、有封邑者十余世常为名大夫；天下不称管仲之贤而称鲍叔之能知人。属无系年评价材料，依 conventions §7 不单立事件，就近挂靠管仲相齐骨架条（与既有 Q172 管鲍分财同例）。,后出叙事
Q215,E073,T005,管仲對曰：不可。夷吾善鮑叔牙，鮑叔牙之為人也：清廉潔直，視不己若者，不比於人；一聞人之過，終身不忘。,【诸子说理层·非编年记事】《吕氏春秋·贵公》：桓公病榻问相，欲以鲍叔牙继任，管仲以为不可——鲍叔清廉洁直，不与不如己者为伍，闻人一过终身不忘，故不宜执政，转荐隰朋。先秦诸子说理层，《左传》无病榻论相之文；《管子·戒》《庄子·徐无鬼》有同类异文（措辞各异），本条只取吕览一家。此非贬鲍叔，正与《左传》庄九「鲍叔帅师来言」之刚直、《国语》辞宰让贤之自知同一面相。,经义异闻
Q216,E047,Z025,乃入見，問何以戰。公曰：衣食所安，弗敢專也，必以分人。對曰：小惠未遍，民弗從也。公曰：犧牲玉帛，弗敢加也，必以信。對曰：小信未孚，神弗福也。公曰：小大之獄，雖不能察，必以情。對曰：忠之屬也，可以一戰。戰則請從。,《左传·庄公十年》曹刿入见问何以战：分衣食予人是小惠而不遍及、祭牲玉帛不敢虚加是小信而未足以孚神，唯大小狱讼必以其情断之乃忠之属、可以一战。本库既有 Q044 收其请见之由、Q043 收其战后释胜因，独缺此问对一节，本条补齐。,原文
Q217,E047,Z025,公與之乘。戰于長勺，公將鼓之，劌曰：未可。齊人三鼓，劌曰：可矣。齊師敗績。公將馳之。劌曰：未可。下視其轍，登軾而望之，曰：可矣。遂逐齊師。,《左传·庄公十年》长勺战场记事：曹刿与庄公同乘，两度止其躁进——待齐人三鼓而后鼓，齐师败绩后又先下车视其车辙、登轼远望而后追。三鼓与辙迹皆《左传》明文（round22 裁定 3 徽记取材依据即在此条与 Q218）。,原文
Q218,E047,Z025,夫大國難測也，懼有伏焉。吾視其轍亂，望其旗靡，故逐之。,《左传·庄公十年》曹刿释追击之由：大国用兵难以测度、恐有伏兵诱我，故必先验其车辙散乱、旗帜倒偃确知其真溃而后逐。「辙乱旗靡」为《左传》明文，与既有 Q043「一鼓作气」同为其战术判断之两半——前论气之消长、此论迹之真伪。,言论
Q219,E056,Z031,二十三年夏，公如齊觀社，非禮也。曹劌諫曰：不可。夫禮，所以整民也。故會以訓上下之則，制財用之節；朝以正班爵之義，帥長幼之序；征伐以討其不然。諸侯有王，王有巡守，以大習之。非是，君不舉矣。君舉必書，書而不法，後嗣何觀？,《左传·庄公二十三年》曹刿谏观社：礼是整齐民众的凭借——会所以训上下之则、节财用，朝所以正班爵之义、序长幼，征伐所以讨不循此者；诸侯朝王、王行巡守则大习其礼。不属这几类的事，国君不轻举；国君举动必书于史，所书不合法度则后代看什么。E056 原无原文摘录，本条补齐。,原文
Q220,E052,Y002,莊公升壇，曹子手劍而從之。管子進曰：君何求乎？曹子曰：城壞壓竟，君不圖與？管子曰：然則君將何求？曹子曰：愿請汶陽之田。管子顧曰：君許諾。桓公曰：諾。曹子請盟，桓公下與之盟。已盟，曹子摽劍而去之。,《公羊传·庄公十三年》柯之盟：庄公登坛而曹子按剑相从，管仲问其所欲，曹子以齐兵毁城压境为言、请返汶阳之田，桓公许诺乃下坛与盟，盟毕曹子掷剑而退。公羊称其人为「曹子」，不作刿亦不作沫——是劫盟叙事今见最早出处，早于《史记》，仍属传解层非当代记事，与《左传》庄十三只书「冬，盟于柯，始及齐平也」须分层并置。,后出叙事
Q221,E052,L001,冬，公會齊侯，盟於柯。曹劌之盟也，信齊侯也。,《穀梁传·庄公十三年》：柯之盟穀梁径称之为「曹刿之盟」，谓此盟之可信在于齐侯守信。穀梁全不载劫盟情节，却以「曹刿」之名系于柯盟——这是三传内部支持「长勺之曹刿即柯盟之人（《史记》作曹沫、《公羊》作曹子）」的直接证据，为曹刿/曹沫同一人说的关键异文线索。L 前缀（穀梁传）自本条首次实际启用。,原文
Q222,E093,S004,是時介子推從，在船中，乃笑曰：天實開公子，而子犯以為己功而要市於君，固足羞也。吾不忍與同位。乃自隱渡河。,《史记·晋世家》：河上子犯授璧请去、重耳投璧为盟之际，介子推在船中笑其贪天之功而要挟其君，耻与之同列，遂自隐而渡河。此为介之推在流亡终局的唯一在场明文；《左传》僖公二十四年记及河授璧全程不及其人，故属后出叙事层，与《左传》僖二十四「二三子以为己力，不亦诬乎」之推言方向一致而更具情节。,后出叙事
Q223,E095,Z048,推曰：獻公之子九人，唯君在矣。惠、懷無親，外內棄之。天未絕晉，必將有主。主晉祀者，非君而誰？天實置之，而二三子以為己力，不亦誣乎，竊人之財，猶謂之盜，況貪天之功，以為己力乎，下義其罪，上賞其姦，上下相蒙，難與處矣。,《左传·僖公二十四年》介之推自陈不言禄之由：献公九子唯重耳独存，惠公、怀公无亲而内外弃之，天未绝晋必将有主，主晋祀者非重耳而谁——此天所置，而从亡者以为己力，是诬；窃人之财尚谓之盗，何况贪天之功以为己力。在下者以其罪为义、在上者赏其奸，上下相蒙，故难与共处。既有 Q096 以省略号略去此节，本条补足。,言论
Q224,E095,Z048,其母曰：盍亦求之，以死誰懟？對曰：尤而效之，罪又甚焉。且出怨言，不食其食。其母曰：亦使知之，若何？對曰：言，身之文也。身將隱，焉用文之，是求顯也。,《左传·僖公二十四年》介之推母子问对：母劝其亦往求禄、否则抱憾而死又能怨谁；推答既责其非而又效其行则罪更甚，且既已出怨言便不再食其禄。母再问何不使君知之，推答言语是身的文饰，身既将隐又何须文饰——文饰即是求显。母乃曰「能如是乎？与女偕隐」。既有 Q096 只收母言末句，本条补足前半问对。,言论
Q225,E185,Z048,晉侯求之不獲，以綿上為之田，曰，以志吾過，且旌善人。,《左传·僖公二十四年》介之推章传末：文公遍求介之推不得，遂以绵上之地作他的封田，说是用来记录我的过失、并且表彰善人。此为「绵上为田」的唯一经传明文；《左传》介之推一章至此而止——焚山、寒食俱无一字。,原文
Q226,E185,S004,介子推從者憐之，乃懸書宮門曰：龍欲上天，五蛇為輔。龍已升雲，四蛇各入其宇，一蛇獨怨，終不見處所。……於是文公環綿上山中而封之，以為介推田，號曰介山。,《史记·晋世家》：介子推的从者怜其无禄，悬书于宫门作龙蛇之歌——龙将上天有五蛇为辅，龙既升云则四蛇各得其所，独一蛇有怨而无处安身；文公见书乃求之，遂环绵上山中封为介推之田、号曰介山。龙蛇之歌与「介山」之号皆《史记》层，《左传》无之（《吕氏春秋·介立》《说苑·复恩》另有异文，本库只取史记一家不并录）。省略号处为文公见书求之一节，本条只截首尾以避转述失真。,后出叙事
Q227,E095,T004,介子推至忠也，自割其股以食文公，文公後背之，子推怒而去，抱木而燔死。,【诸子寓言层·与《左传》互斥·不作史实用】《庄子·杂篇·盗跖》盗跖历数「世之所谓贤士」而斥之，举介子推为例：割股以食文公，文公后来背弃他，子推怒而离去、抱树焚身而死。此为介之推焚死之说今见最早出处，出于战国末道家后学的说理寓言，非当代记事；且其情节（割股、文公背之、怒而去、燔死）与《左传》僖二十四所记（不言禄、耻贪天之功、母子偕隐、文公求之不获而以绵上为田）方向相反，绝不可与经传并置。寒食禁火与介之推挂钩更在其后（今见较早者为《后汉书·周举传》所记太原旧俗与桓谭《新论》一类议论，皆汉魏以后之事），本库不为焚山/寒食立事件、不入编年骨架，仅以本条作分层说明。,经义异闻
Q228,E002,Z015,羽父請殺桓公，將以求大宰。公曰：為其少故也，吾將授之矣。使營菟裘，吾將老焉。羽父懼，反譖公于桓公而請弒之。……十一月，公祭鍾巫，齊于社圃，館于寪氏。壬辰，羽父使賊弒公于寪氏，立桓公。,《左传·隐公十一年》：羽父请杀桓公以求太宰之位，隐公答以「因为他年少（我才摄位），我正打算把国政交还给他」，并已使人营治菟裘之邑、将往彼终老。羽父惧其谋泄，反过来向桓公进谗而请弑隐公。十一月隐公祭钟巫之神，斋于社圃、馆于寪氏，壬辰日羽父使贼弑公于寪氏而立桓公。省略号处为隐公早年战于狐壤被囚、祷于尹氏之主钟巫而得归一节，为其祭钟巫之由。E002 原无原文摘录，本条补齐。,原文
Q229,E002,Z015,不書葬，不成喪也。,【传文书法评断层·非事实补充】《左传·隐公十一年》传末：《春秋》不书隐公之葬，是因为丧礼未依常制完成（弑君而立，不成其丧）。此为经传对隐公之死的定性之笔，非事目本身，故与 Q228 分条并置。,评论
Q230,E007,Z004,五月，鄭伯突出奔蔡。鄭世子忽復歸于鄭。,《春秋·桓公十五年》经文：五月，郑伯突（厉公）出奔蔡；郑世子忽复归于郑。经于忽仍称「世子」而不称君，示其前此之立不由正终、复归乃还其世子之位——书法之别，本库不据以改易事目。E007 原无原文摘录，本条补齐。,原文
Q231,E007,Z004,夏，厲公出奔蔡。六月乙亥，昭公入。,《左传·桓公十五年》：夏，厉公出奔蔡；六月乙亥，昭公（忽）入于郑。出奔与复归相隔一月，传文简至八字。其前因（厉公患祭仲专、使雍纠图杀之而事败）已别出为 E101、见 Q103，本条止取出奔复归之结果。,原文
Q232,E012,Z007,三月，夫人孫于齊。,《春秋·庄公元年》经文：三月，夫人（文姜）孙于齐。「孫」读逊，谓避位出奔而讳言之。经于本年三月书此，本库 E012 系年（前693）即据此条。E012 原无原文摘录，本条补齐。,原文
Q233,E012,Z007,不稱姜氏，絕不為親，禮也。,【传文书法评断层·非事实补充】《左传·庄公元年》传文释经之书法：经书「夫人孫于齊」而不称「姜氏」，是绝之而不复以亲属之礼待之，传以为合于礼。此为经传对文姜出齐一事的定性之笔，非事目本身，故与 Q232 分条并置。,评论
Q234,E187,G002,比至，三釁三浴之。桓公親逆之於郊，而與之坐而問焉。,《国语·齐语》：管仲自鲁至齐，桓公以三衅三浴之礼待之（衅，以香涂身；浴，沐浴——待大宾之礼），亲自出迎于郊，与之对坐而问政。此为 E187 桓公、管仲二人 presence=亲至 的在场明文，亦为其后制国制鄙诸对（Q067／Q068／Q170／Q171）之问答场景。《左传》庄公九年无此文。,原文
Q235,E131,Z064,蒍敖為宰，擇楚國之令典。……百官象物而動，軍政不戒而備，能用典矣。,【《左传》记言层·他国之评·非楚政实录】《左传·宣公十二年》晋大夫士会论楚政之辞：蒍敖（孙叔敖）为令尹，拣择楚国旧有之令典而行之；百官各视其所象之物而动，军政不待申戒而自备，可谓能用典。此为敌国大夫对孙叔敖为政的评述，非楚国政令原文，亦不系于前601本年（士会之言在邲战前夕，前597），故只作 E131「为相与治绩」之左传层佐证。r23 顺带补配：原挂本条的 Q146 为邲之战战场记事，已迁 E128，本条接其左传层之位。,言论
Q236,E188,Z079,鄭人皆喜，唯子產不順，曰：「小國無文德而有武功，禍莫大焉。楚人來討，能勿從乎？從之，晉師必至。晉、楚伐鄭，自今鄭國不四五年，弗得寧矣。」子國怒之，曰：「爾何知？國有大命，而有正卿。童子言焉，將為戮矣。」,《左传·襄公八年》：郑子国、子耳侵蔡获蔡司马公子燮，国人皆喜，独子产不以为然，谓小国无文德而恃武功，楚必来讨，从楚则晋师又至，郑数年不得安。其父子国时为司马，斥其为「童子」而言国事，将取戮。此为子产见于《左传》之首条，本库子产线自此起。是年冬楚子囊伐郑，讨其侵蔡，郑遂从楚，其言得验。,原文
Q237,E189,Z080,子產聞盜，為門者，庀群司，閉府庫，慎閉藏，完守備，成列而後出，兵車十七乘，尸而攻盜於北宮，子蟜帥國人助之，殺尉止、子師僕，盜眾盡死。,《左传·襄公十年》西宫之难：尉止等五族晨攻执政于西宫之朝，杀子驷、子国、子耳（子国即子产之父），劫郑伯于北宫。子产闻变，先设门者、部署群司、闭府库、谨守藏、完备守御，列阵而后出，以兵车十七乘收尸并进攻北宫之盗；子蟜率国人助之，尉止、子师仆被杀，盗众尽死。传于此详列其临乱处置之序，与前文子西「不儆而出」之仓卒相形。,原文
Q238,E189,Z080,眾怒難犯，專欲難成，合二難以安國，危之道也。不如焚書以安眾。子得所欲，眾亦得安，不亦可乎？專欲無成，犯眾興禍，子必從之！,【《左传》记言层·当事人之谏辞，非载书本文】乱定之后，子孔当国，为载书以定位序、责群臣听政，大夫诸司门子弗顺，子孔将诛之；子产止而请焚其书之辞。以「众怒」「专欲」两难并举，谓合二难以求安国乃取危之道。子孔从之，焚书于仓门之外，众乃定。载书原文《左传》未录，本条所引为子产谏辞。,言论
Q239,E190,Z081,僑聞君子長國家者，非無賄之患，而無令名之難。……夫令名，德之輿也；德，國家之基也。有基無壞，無亦是務乎？……象有齒以焚其身，賄也。,【《左传》记言层·书辞择要，中略处以省略号标出】《左传·襄公二十四年》子产寓书于子西以告晋范宣子之辞：为国者所患不在无财货，而在无美名；美名是德的载车，德是国家的根基，有根基方不倾坏。末以象因有齿而致杀身为喻，谓财货足以焚身。宣子说，乃轻币。全书甚长，本条只取其纲，删节处以省略号示之，非原文相连。,言论
Q240,E191,Z082,子產始知然明，問為政焉。對曰：「視民如子。見不仁者誅之，如鷹鸇之逐鳥雀也。」子產喜，以語子大叔，且曰：「他日吾見蔑之面而已，今吾見其心矣。」,《左传·襄公二十五年》：子产初识然明，向其请教为政；然明答以视民如子、诛不仁如鹰鹯之逐鸟雀。子产喜，转告子大叔，谓从前只见然明之面（貌不扬），今日方见其心。问答之向为子产问、然明答——任务书作「然明问政」，本库依史文著录。「蔑」为然明之名，本库据此填其 ming。,原文
Q241,E191,Z082,政如農功，日夜思之，思其始而成其終，朝夕而行之，行無越思，如農之有畔，其過鮮矣。,【《左传》记言层·为政方法之答语，非政令条文】同段子大叔问政于子产之答：为政如农事，日夜思虑，谋其始而竟其终；朝夕践行而所行不越所思，如农人耕作不出田界，则过失少。与前条然明之答（视民如子、诛不仁）并置，一言其心、一言其法。,言论
Q242,E192,Z083,伯有死於羊肆，子產襚之，枕之股而哭之，斂而殯諸伯有之臣在市側者，既而葬諸斗城。,《左传·襄公三十年》：良霄（伯有）与驷氏相攻，死于羊肆（市中屠羊之处）。子产为之赠衣（襚），以己股承其首而哭，敛而殡于伯有家臣在市侧之居，其后葬于斗城。伯有为乱人而子产礼其死，故下文驷氏欲攻子产、子皮以「杀有礼，祸莫大焉」止之。,原文
Q243,E192,Z083,禮，國之幹也，殺有禮，禍莫大焉。,【《左传》记言层·止攻之辞】驷氏欲攻子产，子皮怒而止之之辞：礼是国的躯干，杀有礼之人，祸患莫大于此。子皮以此护子产于乱后，与其后授政（E193）相承——本库据此立子产—子皮关系（R245／R246）。,言论
Q244,E193,Z083,鄭子皮授子產政，辭曰：「國小而偪，族大寵多，不可為也。」子皮曰：「虎帥以聽，誰敢犯子？子善相之。國無小，小能事大，國乃寬。」,《左传·襄公三十年》：子皮以国政授子产，子产辞以国小而迫于大国、公族强盛而宠幸者众，不可为；子皮答以己（虎，即子皮之名）率众听命，谁敢犯之，勉其善辅国政——国无所谓小，小国能事大国则可宽。本条为子产执政之始，亦为其 active_years 起算与「郑罕虎」即子皮之名证。,原文
Q245,E193,Z083,子產使都鄙有章，上下有服，田有封洫，廬井有伍。大人之忠儉者，從而與之；泰侈者，因而斃之。,《左传·襄公三十年》：子产为政之制——都邑与鄙野各有等次，上下之服各有制度，田亩有封界沟洫，庐舍井田编为伍籍；卿大夫之忠俭者从而亲附之，骄奢者因其罪而去之。此为本库「政制」类事目之内容主体（分类见 conventions v1.21 §3）。,原文
Q246,E193,Z083,從政一年，輿人誦之曰：「取我衣冠而褚之，取我田疇而伍之。孰殺子產，吾其與之。」及三年，又誦之曰：「我有子弟，子產誨之；我有田疇，子產殖之。子產而死，誰其嗣之？」,《左传·襄公三十年》：子产执政一年，众人歌之曰——夺我衣冠而藏之，取我田畴而编伍，谁杀子产，我便助他；至三年，又歌曰——我有子弟，子产教之；我有田畴，子产使之丰殖；子产若死，谁能继之。毁誉之转，为其新政成效之直接记录。按：舆人之诵为《左传》记事本文所载郑国国人歌谣，非《诗经》所收，quote_type 从其载体作「原文」而不入「诗歌」档。,原文
Q247,E193,Z084,子產曰：「不可。人之愛人，求利之也。今吾子愛人則以政，猶未能操刀而使割也，其傷實多。……僑聞學而後入政，未聞以政學者也。」……子皮曰：「善哉！虎不敏。……自今請雖吾家，聽子而行。」子皮以為忠，故委政焉，子產是以能為鄭國。,【《左传》记言层·系年前542、择要摘录，中略以省略号标出】本段系于鲁襄公三十一年，晚 E193 一年：子皮欲使年少之尹何治邑，子产谏之——爱人当求利之，今以政事付所爱，如未能操刀而使之割，所伤必多；又谓闻学而后从政，未闻以从政为学。子皮服而请自今虽己家之事亦听子产而行，传终之曰「子皮以为忠，故委政焉，子产是以能为郑国」。此语为子皮委政一线之收束，故挂 E193 与授政并置对读，不另立事目；系年之实见本条及 E193 summary。,言论
Q248,E194,Z084,公薨之月，子產相鄭伯以如晉，晉侯以我喪故，未之見也。子產使盡壞其館之垣，而納車馬焉。,《左传·襄公三十一年》：鲁襄公薨之月（六月），子产为郑伯之相如晋，晋侯以鲁有丧故未接见，子产遂使人尽毁宾馆之垣墙，纳入车马。「我」为《左传》以鲁为本位之自称，指鲁国之丧。本条为子产 presence=亲至 之在场明文，亦为其后抗辩（Q249）之事由。,原文
Q249,E194,Z084,僑聞文公之為盟主也，宮室卑庳，無觀臺榭，以崇大諸侯之館……賓至如歸，無寧菑患，不畏寇盜，而亦不患燥濕。今銅鞮之宮數里，而諸侯舍於隸人，門不容車，而不可踰越；盜賊公行，而夭厲不戒……若又勿壞，是無所藏幣以重罪也。,【《左传》记言层·外交抗辩之辞，择要摘录】子产对晋士文伯之责的核心一段：昔晋文公为盟主时自居卑小宫室而崇大诸侯之馆，宾至如归、无患灾寇；今晋君铜鞮别宫绵延数里，而诸侯之使反舍于隶人之屋，门不容车、墙不可越，盗贼公行而疾疫不戒——若不毁垣，则贡币无处收藏，反重郑之罪。赵文子闻而服曰「我实不德」，使士文伯谢不敏，晋乃筑诸侯之馆。全辞甚长，本条择要，中略处以省略号示之。,言论
Q250,E194,Z084,辭之不可以已也如是夫！子產有辭，諸侯賴之，若之何其釋辭也？,【《左传》记言层·晋大夫之评断，非事目本身】叔向就坏晋馆垣一事所下之评：辞令之不可废弃有如此者——子产善为辞令，诸侯赖之，何可弃辞不用。此为《左传》以他国贤大夫之口给出的定性之笔，与前两条记事、抗辩分条并置；叔向之在场无明文，其 presence 从严标「相关」。,评论
Q251,E195,Z084,鄭人游于鄉校，以論執政。然明謂子產曰：「毀鄉校，何如？」子產曰：「何為？夫人朝夕退而游焉，以議執政之善否。其所善者，吾則行之；其所惡者，吾則改之，是吾師也，若之何毀之？……然猶防川，大決所犯，傷人必多，吾不克救也。不如小決使道，不如吾聞而藥之也。」,《左传·襄公三十一年》：郑人聚于乡校（乡间学舍）议论执政，然明请毁之，子产不许——人于朝夕退居时聚而议政之善否，善者行之、恶者改之，正是我的老师，何为毁之？又以防川为喻：以威压怨如筑堤壅水，大决之时伤人必多，不如小决使之疏导，不如听其言以为药石。中略处以省略号示之。然明服曰「蔑也今而后知吾子之信可事也」。,原文
Q252,E195,Z084,仲尼聞是語也，曰：「以是觀之，人謂子產不仁，吾不信也。」,【《左传》系于事末之评断层·追记之辞，非当时之言】《左传》于不毁乡校一节末系仲尼之评：由此观之，人说子产不仁，我不信。按孔子生于前551，本条所系之年（前542）其时年仅十岁，此评当为《左传》成书时追记，非当时所发之言，故 presence 标「相关」、directness 标 indirect。本条与 Q251 记事分条并置，不与经传记事混书。孔子入库口径见 round23 领队裁定 3。,评论
Q253,E196,Z085,三月，鄭人鑄刑書。,《左传·昭公六年》：三月，郑人铸刑书——将刑法条文铸于金属之器以公之于众。传文仅此六字，而中国成文法之公布自此始；其余篇幅皆为叔向之责书与子产之复书（Q254／Q255）。本库依此立「政制」类事目 E196。,原文
Q254,E196,Z085,始吾有虞於子，今則已矣。昔先王議事以制，不為刑辟，懼民之有爭心也……民知有辟，則不忌於上，並有爭心，以徵於書，而徼幸以成之，弗可為矣。夏有亂政，而作《禹刑》；商有亂政，而作《湯刑》；周有亂政，而作《九刑》。三辟之興，皆叔世也。今吾子相鄭國，作封洫，立謗政，制參辟，鑄刑書，將以靖民，不亦難乎？……肸聞之：『國將亡，必多制』，其此之謂乎！,【《左传》记言层·书辞择要，反对方之论，中略以省略号标出】叔向自晋致子产书：先王临事议罪而不预设刑条，正恐民生争心；民一旦知有明文之法，则不畏在上者，人人援书以争、心存侥幸，政不可为。又举夏之《禹刑》、商之《汤刑》、周之《九刑》皆作于衰世，责子产作封洫、立谤政、制刑辟、铸刑书以靖民之难成，终引成语「国将亡，必多制」为诫。「肸」为叔向自称，本库据此填其 ming。全书甚长，本条择要，删节处以省略号示之。此为反对成文法一方最完整的一篇论说，与子产复书（Q255）对读。,言论
Q255,E196,Z085,若吾子之言，僑不才，不能及子孫，吾以救世也。既不承命，敢忘大惠？,【《左传》记言层·当事人复书，非政令文本】子产复叔向书：如您所言，侨（子产自名）不才，顾不及子孙之世，所为者救当世而已；虽不能奉命而止，岂敢忘君之厚意。不辩其理而自陈其时——本库以此与 Q254 并置，为春秋士大夫相责相敬之典，亦为成文法之争的双方原辞。,言论
Q256,E196,Z085,火見，鄭其火乎！火未出而作火，以鑄刑器，藏爭辟焉。火如象之，不火何為？,【《左传》记言层·占验之辞，本库不据以为因果】晋士文伯就铸刑书所发之占：大火星（心宿）见时郑当有火灾——火星未出而用火铸刑器，藏争讼之法于其中，火若应象而动，安得不火。其言与前524 郑大火（E197）相应，《左传》并录占与验，本库如实著录而不以占辞为事件因果，火灾之著录依 E197 之记事本身。,言论
Q257,E197,Z086,鄭裨灶言於子產曰：「宋、衛、陳、鄭將同日火。若我用瓘斝玉瓚，鄭必不火。」子產弗與。,《左传·昭公十七年》：是年冬有星孛于大辰，郑裨灶据以言于子产——宋、卫、陈、郑将于同日遭火，若以瓘斝玉瓒（玉制礼器）付我行禳，郑必不火。子产不与其器。本条系于前525 冬，早 E197 事目一年，作为次年火作与再请禳（Q258）之前事并置；E197 之 source_ids 因此兼列 Z086。裨灶「言于子产」为面相进言之明文，本库据以定其 presence。,原文
Q258,E197,Z087,裨灶曰：「不用吾言，鄭又將火。」鄭人請用之，子產不可。子大叔曰：「寶，以保民也。若有火，國幾亡。可以救亡，子何愛焉？」子產曰：「天道遠，人道邇，非所及也，何以知之？灶焉知天道？是亦多言矣，豈不或信？」遂不與，亦不復火。,《左传·昭公十八年》：四国同日火后，裨灶谓不用其言郑将再火，国人请从之，子产不许。子大叔以宝器本为保民、可以救亡为请，子产答曰——天道悠远，人道切近，非人所能及，何由知之？裨灶岂能知天道？其言既多，安得不偶中。遂不与其器，而郑亦不复火。「是亦多言矣，岂不或信」一句是本库所收对占验之术最直接的方法论判断：言多则偶中，偶中不足为据。,原文
Q259,E197,Z087,火作，子產辭晉公子、公孫于東門，使司寇出新客，禁舊客勿出於宮……使祝史徙主祏於周廟，告於先君，使府人、庫人各儆其事……書焚室而寬其征，與之材。三日哭，國不市，使行人告於諸侯。,《左传·昭公十八年》：火作之日子产之处置——于东门辞谢晋之公子公孙（免其涉险亦防其乘乱），使司寇送出新来宾客、禁旧客勿出馆宫；使祝史迁宗庙神主之石函于周庙并告于先君，使府人库人各戒其守；登记被焚之室而宽免其赋、给予材木；举国哭三日、罢市，遣行人遍告诸侯。中略处以省略号示之。与拒禳一节（Q258）对读：不与瓘斝而备守救灾，即「人道迩」之实事。,原文
Q260,E198,Z088,鄭子產有疾，謂子大叔曰：「我死，子必為政。唯有德者能以寬服民，其次莫如猛。夫火烈，民望而畏之，故鮮死焉；水懦弱，民狎而翫之，則多死焉，故寬難。」疾數月而卒。,《左传·昭公二十年》：子产病中告子大叔——我死后你必执政。惟有德者能以宽服民，其次莫如用猛。火性猛烈，民望而畏之，故死于火者少；水性懦弱，民狎近轻玩，故溺死者多；是以行宽为难。病数月而卒。此为子产遗言，亦为《左传》宽猛相济之论所本（Q261）。,原文
Q261,E198,Z088,善哉！政寬則民慢，慢則糾之以猛；猛則民殘，殘則施之以寬。寬以濟猛，猛以濟寬，政是以和。,【《左传》系于事末之评断层·就子大叔行事而发】仲尼评子大叔宽而后猛之政：政宽则民慢，民慢则纠之以猛；政猛则民残，民残则施之以宽；宽猛互济，政乃和平。本条所系之年（前522）孔子年三十，然史文未书其与闻郑政，评语属《左传》所记评断而非在场之言，presence 标「相关」、directness 标 indirect。与遗言（Q260）分条并置，不与记事混书。,评论
Q262,E199,Z088,及子產卒，仲尼聞之，出涕曰：「古之遺愛也。」,《左传·昭公二十年》：子产卒，仲尼闻讣而流涕，称其为「古之遗爱」——古代遗留下来的仁爱之人。此为孔子首次以《左传》明文入本库之条（配角著录，round23 领队裁定 3）；其时孔子年三十，闻讣于鲁而非在郑，presence 标「相关」、directness 标 indirect。本条与 Q252、Q261 三处合观，即《左传》所记仲尼论子产之全部。,原文
Q263,E200,Z089,甲午晦，晉侯及楚子、鄭伯戰于鄢陵。楚子、鄭師敗績。楚殺其大夫公子側。,《春秋》成公十六年经文。六月甲午晦（月终之日），晋厉公与楚共王、郑成公战于鄢陵，楚、郑之师败绩；经又书「楚杀其大夫公子侧」——公子侧即司马子反，其死之实见 Q267。经文以一战一败一杀三句系此年之大事，本库据以立 E200 事目。,原文
Q264,E200,Z089,文子曰：「吾先君之亟戰也，有故。秦、狄、齊、楚皆彊，不盡力，子孫將弱。今三彊服矣，敵楚而已。唯聖人能外內無患。自非聖人，外寧必有內憂。盍釋楚以為外懼乎？」,【《左传》记言层·战前异议之辞，非事目本身】晋范文子（士燮）不欲战之言：先君屡战有其缘故——秦、狄、齐、楚俱强，不尽力则子孙削弱；今三强已服，所敌唯楚。唯圣人能内外皆无患，非圣人则外境安宁必生内忧，何不留下楚国作为外部的警惧。其议不用，栾武子（栾书）以「不可以当吾世而失诸侯，必伐郑」主战，乃兴师。本条与其后楚败晋胜而晋卒有内难之事互观，为《左传》记言之远虑一类。,言论
Q265,E200,Z089,呂錡夢射月，中之，退入於泥。占之，曰：「姬姓，日也；異姓，月也，必楚王也。射而中之，退入於泥，亦必死矣。」及戰，射共王，中目。王召養由基，與之兩矢，使射呂錡，中項，伏弢。以一矢復命。,《左传》成公十六年：晋吕锜梦射月而中之，退入泥中；占者谓姬姓为日、异姓为月，所射必楚王，然退入于泥，射者亦必死。及战，吕锜射共王中其目；共王召神射养由基，与之两矢，使射吕锜，中颈而伏于弓袋（死）；养由基以其一矢复命。按：梦占之辞《左传》与事验并录，本库如实著录而不据以为因果，事之著录只依其记事本身（同 Q256 士文伯占辞之处置）。,原文
Q266,E200,Z089,穀陽豎獻飲於子反，子反醉而不能見。王曰：「天敗楚也夫！余不可以待。」乃宵遁。,《左传》成公十六年：楚师既败，共王欲待明日复战，其臣谷阳竖进酒于司马子反，子反醉而不能应召见；王曰「天败楚也夫！余不可以待」，遂于夜中引师退走。按：ctext 电子本此处标点缺失作「王曰：天敗楚也夫！余不可以待，乃宵遁」，本库依通行本补足标点，用字一字未改。,原文
Q267,E200,Z089,王使謂子反曰：「先大夫之覆師徒者，君不在。子無以為過，不穀之罪也。」子反再拜稽首曰：「君賜臣死，死且不朽。臣之卒實奔，臣之罪也。」子重復謂子反曰：「初隕師徒者，而亦聞之矣。盍圖之？」對曰：「雖微先大夫有之，大夫命側，側敢不義？側亡君師，敢忘其死？」王使止之，弗及而卒。,《左传》成公十六年：师还，共王使人告子反——昔年子玉覆师之时君不在军，今日之败在寡人，子不必自以为罪。子反再拜稽首谢，而曰君赐臣死则死且不朽，臣之卒实奔，是臣之罪。令尹子重复使人责之：昔日陨师者如何自处，你也听说过了，何不图之。子反答以纵无先大夫之成例，大夫既以此命侧（子反自名），侧岂敢不义？侧亡君之师，岂敢忘一死。王使人止之，未及而子反已卒。经书「楚杀其大夫公子侧」（Q263）即指此。按：ctext 电子本此处断作「子無以為，過不穀之罪也」，本库依通行本断作「子無以為過，不穀之罪也」，属标点之别，用字一字未改。,原文
Q268,E201,Z090,無終子嘉父使孟樂如晉，因魏莊子納虎豹之皮，以請和諸戎。晉侯曰：「戎狄無親而貪，不如伐之。」魏絳曰：「諸侯新服，陳新來和，將觀於我。我德則睦，否則攜貳。勞師於戎，而楚伐陳，必弗能救，是棄陳也，諸華必叛。戎，禽獸也。獲戎失華，無乃不可乎？」,《左传》襄公四年：山戎无终之君嘉父遣孟乐使晋，经由魏庄子进献虎豹之皮，以请与诸戎讲和。晋悼公主张伐戎，魏绛谏之——诸侯方新归服、陈国新来讲和，皆观望于晋：晋有德则和睦，否则离心；若劳师于戎而楚乘机伐陈，晋必不能救，是弃陈，中原诸国将因此叛晋。戎不过禽兽，得戎而失诸华，恐不可行。按：本段先书「因魏莊子納虎豹之皮」、下即书「魏絳曰」，一事两称，为「魏庄子即魏绛」之经传本文内证，本库据以定 P_WEIJIANG 之氏与谥，不待注家（合 conventions v1.21 判例）。,原文
Q269,E201,Z090,和戎有五利焉：戎狄荐居，貴貨易土，土可賈焉，一也；邊鄙不聳，民狎其野，穡人成功，二也；戎狄事晉，四鄰振動，諸侯威懷，三也；以德綏戎，師徒不動，甲兵不頓，四也；鑒于后羿，而用德度，遠至邇安，五也。君其圖之。,【《左传》记言层·对策之辞，非盟约条文】魏绛既引《夏训》有穷后羿恃射而不修民事之事为戒，遂进和戎之五利：一、戎狄逐水草而居、贵货财而轻土地，其土可以货易；二、边境不复惊扰，民安其野，农人得以成功；三、戎狄事晋则四邻震动，诸侯畏威而怀德；四、以德安戎则不必动师、甲兵不至损敝；五、以后羿为鉴而用德为度，则远者来、近者安。晋侯说，使魏绛盟诸戎。异文备考：「師徒不動」一句，ctext 与维基文库两电子本同作「動」，坊间另有作「不勤」者，二读义均谓不劳师，本库依所核两电子本著录，异文存此备复核。,言论
Q270,E201,Z091,晉侯以樂之半賜魏絳，曰：「子教寡人和諸戎狄以正諸華。八年之中，九合諸侯，如樂之和，無所不諧。請與子樂之。」辭曰：「……抑臣願君安其樂而思其終也。……《書》曰『居安思危』。思則有備，有備無患。敢以此規。」……魏絳於是乎始有金石之樂，禮也。,《左传》襄公十一年（前562）：晋悼公以所得乐器与乐工之半赐魏绛，谓其教寡人和诸戎狄以正诸华，八年之中九合诸侯，如乐之和无所不谐，请与子共乐之。魏绛辞让，以为和戎乃国之福、九合诸侯是君之灵与诸臣之劳，臣何力之有；又愿君安其乐而思其终，引《书》「居安思危」，谓思则有备、有备无患，敢以此为规。悼公固与之，遂受，传曰「魏绛于是乎始有金石之乐，礼也」。本节系年晚 E201 七年，本库挂 E201 与和戎之议并置对读、不另立事目，故 E201 之 source_ids 兼列 Z091；此亦晋悼公复霸之验（八年九合诸侯）所由著录。全段甚长，本条择要，中略处以省略号标出，非原文相连。,原文
Q271,E202,Z082,夏，五月，乙亥，齊崔杼弒其君光。,《春秋》襄公二十五年经文。齐大夫崔杼弑其君光（齐庄公），系于是年夏五月乙亥。按：此十字之书法与齐太史所书「崔杼弑其君」（Q277）同辞——经文书「弑其君」而具其名，正是太史兄弟以命守之之书，两条宜合观，说见 E205。,原文
Q272,E202,Z082,齊棠公之妻，東郭偃之姊也。東郭偃臣崔武子。棠公死，偃御武子以弔焉。見棠姜而美之，使偃取之。……遂取之。莊公通焉，驟如崔氏，以崔子之冠賜人。侍者曰：「不可。」公曰：「不為崔子，其無冠乎？」崔子因是，又以其間伐晉也，曰：「晉必將報。」欲弒公以說于晉，而不獲間。公鞭侍人賈舉，而又近之，乃為崔子間公。,《左传》襄公二十五年，著录弑君之事由：棠公之妻棠姜为东郭偃之姊，东郭偃事崔武子；棠公死，偃为武子驾车往吊，武子见棠姜而悦之，使偃为己娶之，遂娶。齐庄公与棠姜通，屡至崔氏，又以崔杼之冠赐人；侍者谏其不可，公曰不为崔子难道就没有冠了。崔杼因此，又以庄公乘间伐晋而惧晋来报之故，欲弑公以自解于晋，而未得其机。庄公曾鞭侍人贾举而复亲近之，贾举遂为崔杼窥伺公之隙。中略处（东郭偃以「男女辨姓」辞、崔武子筮之遇困之大过与陈文子之占）以省略号标出，非原文相连；其中「男女辨姓，今君出自丁，臣出自桓」一句为崔氏姜姓之经传本文内证，说见 people.P_CUIZHU。,原文
Q273,E202,Z082,甲戌，饗諸北郭。崔子稱疾不視事。乙亥，公問崔子，遂從姜氏。姜入于室，與崔子自側戶出。公拊楹而歌。侍人賈舉止眾從者，而入，閉門。甲興，公登臺而請，弗許；請盟，弗許；請自刃於廟，勿許。皆曰：「君之臣杼疾病，不能聽命。近於公宮，陪臣干掫有淫者，不知二命。」公踰牆，又射之，中股，反隊，遂弒之。,《左传》襄公二十五年：是夏五月，莒子朝齐，甲戌日飨之于北郭，崔杼称疾不与其事；乙亥，庄公以问疾为名入崔氏，遂从姜氏；姜氏入内室，与崔杼自侧门出。公拍柱而歌。侍人贾举止住庄公之众从者于门外，己入而闭门，甲士起。公登台请免，不许；请与之盟，不许；请自杀于宗庙，亦不许。众答曰：「君之臣杼病重不能听命。此地近于公宫，陪臣巡夜捕淫者，不知有他命。」公逾墙欲走，甲士射之，中其股，反坠墙内，遂见弑。按：本段上文「夏五月，莒為且于之役故，莒子朝于齊」一句，ctext 电子本「莒」下衍一「子」字，本库不取该衍文亦不据以摘录，故摘录自「甲戌，饗諸北郭」起，莒子朝齐一节只作系年背景记于本栏与事目 summary。,原文
Q274,E203,Z082,晏子立於崔氏之門外。……門啟而入，枕尸股而哭。興，三踊而出。人謂崔子：「必殺之。」崔子曰：「民之望也，舍之得民。」,《左传》襄公二十五年：庄公见弑，晏婴立于崔氏门外，与人问答（其辞另作 Q275），门开而入，以己之股承庄公之尸而哭；起，三踊（丧礼顿足之节，三踊为成礼）而后出。有人对崔杼说必杀晏婴，崔杼曰「民之望也，舍之得民」——是民众所仰望的人，放过他反而得民心。本条为晏婴 presence＝亲至之在场明文；崔杼此语则无地点明文，其 presence 从严标「相关」。中略处（门外问对全辞）以省略号标出，非原文相连。,原文
Q275,E203,Z082,其人曰：「死乎？」曰：「獨吾君也乎哉？吾死也。」曰：「行乎？」曰：「吾罪也乎哉？吾亡也。」曰：「歸乎？」曰：「君死，安歸？君民者，豈以陵民？社稷是主。臣君者，豈為其口實？社稷是養。故君為社稷死，則死之；為社稷亡，則亡之。若為己死而己亡，非其私暱，誰敢任之？且人有君而弒之，吾焉得死之？而焉得亡之？將庸何歸？」,【《左传》记言层·君臣之义的判断之辞，非丧仪之节】晏婴与从者门外之问对：问将殉死乎？答：难道只是我一人之君吗（不独我当死），我为何要死。问将出亡乎？答：这是我的罪过吗，我为何要亡。问将归乎？答：君既死，归向何处？为民之君者岂是用来凌驾于民？其职是主社稷；事君之臣岂是为了俸禄？其职是养社稷。所以君为社稷而死，臣则从之死；君为社稷而亡，臣则从之亡。若君为一己之私而死、为一己之私而亡，除其私昵之人外，谁敢承担。况且是有人弑其君，我又何从死之、何从亡之，又将归于何处。此即本库所收「不死不亡」之义：臣之所死者社稷，非君之私身。异文备考：「若為己死而己亡」一句，ctext 与维基文库两电子本同，坊间另有作「若為己死，而為己亡」者，二读义同，本库依所核两电子本著录，异文存此备复核。,言论
Q276,E204,Z082,丁丑，崔杼立而相之，慶封為左相。盟國人於大宮，曰：「所不與崔、慶者」，晏子仰天歎曰：「嬰所不唯忠於君、利社稷者是與，有如上帝！」乃歃。,《左传》襄公二十五年：丁丑日，崔杼立景公（杵臼）而自为之相，庆封为左相，与国人盟于大宫（齐太公之庙）。盟辞方起「凡不与崔氏、庆氏同心者——」，辞未毕，晏婴仰天而叹曰「婴若不是只与忠于国君、利于社稷者同心，有上帝为证」，随即歃血。按：「所不與崔、慶者」句下无下文，系盟辞未毕即为晏婴夺其辞，传文本如此，非本库删节，与本件他条以省略号标出的择要不同。「婴」为晏婴自称，本库据以填其 ming。庆封、齐景公受本件配角配额所限未立人物行。丁丑在乙亥后二日，仍在五月，传文叙次列于葬庄公之后，本库依干支系于五月。,原文
Q277,E205,Z082,大史書曰：「崔杼弒其君。」崔子殺之。其弟嗣書，而死者二人。其弟又書，乃舍之。南史氏聞大史盡死，執簡以往。聞既書矣，乃還。,《左传》襄公二十五年：齐太史直书「崔杼弑其君」，崔杼杀之；其弟继续照书，而死者二人；又一弟再书，崔杼乃罢手不杀。南史氏听说太史诸兄弟尽死，执简（书写之竹简）而往，欲继其书；行至中途，闻已书成，乃还。按三事：① 所书之辞与《春秋》经文「齐崔杼弑其君光」（Q271）同辞，本条为本库所收史官直书与守职之元条目，同类书法之例另见《左传》宣公二年晋太史董狐书「赵盾弑其君」一节（本库未立事目）；② 「而死者二人」句有二解——或谓并前太史共二人，或谓其弟嗣书而又死二人（并太史为三人）——下文「南史氏闻大史尽死」可为多人俱死之证，然确数经传无以质定，本库依原文著录、不作论定；③ 齐太史兄弟与南史氏经传皆无名，本库以事系人、不立人物行。,原文
Q278,E206,Z092,宋向戌善於趙文子，又善於令尹子木，欲弭諸侯之兵以為名。如晉，告趙孟。趙孟謀於諸大夫，韓宣子曰：「兵，民之殘也，財用之蠹，小國之大菑也。將或弭之，雖曰不可，必將許之。弗許，楚將許之，以召諸侯，則我失為盟主矣。」晉人許之。如楚，楚亦許之。如齊，齊人難之。陳文子曰：「晉、楚許之，我焉得已？且人曰『弭兵』，而我弗許，則固攜吾民矣，將焉用之？」齊人許之。告於秦，秦亦許之。,《左传》襄公二十七年：宋左师向戌与晋赵文子（赵武，即赵孟）交好，又与楚令尹子木（屈建）交好，欲息诸侯之兵以取名。乃如晋告赵孟，赵孟与诸大夫谋，韩宣子（韩起）曰——兵是残害民众之物、耗蠹财用之蠹、小国之大灾；有人将要弭兵，纵使以为不可行，也必须答应；不答应，楚将答应而以此召集诸侯，则晋失盟主之位。晋人许之。又如楚，楚亦许；如齐，齐人以为难，陈文子曰晋楚既已许之，齐岂能自止？且人家倡言「弭兵」而我独不许，是自离其民，将何用之。齐人许之。告于秦，秦亦许之。四强既许，弭兵之会乃成。传书向戌之动机为「以为名」，本库依史文著录，不为之讳。,原文
Q279,E206,Z092,子木謂向戌：「請晉、楚之從交相見也。」,《左传》襄公二十七年：楚令尹子木（屈建）对向戌提出的条款——请使从属于晋的诸侯亦朝楚、从属于楚的诸侯亦朝晋，两大国之属国交相朝见。此为弭兵之成的实质内容：不是解除武备，而是把晋楚两强对中小国的双重役属关系明定下来，以息其争。赵武（赵文子／赵孟）、屈建（子木）受本件配角配额所限未立人物行，其名见本条与 Q278、Q280。,原文
Q280,E206,Z092,晉、楚爭先。晉人曰：「晉固為諸侯盟主，未有先晉者也。」楚人曰：「子言晉、楚匹也，若晉常先，是楚弱也。且晉、楚狎主諸侯之盟也久矣，豈專在晉？」叔向謂趙孟曰：「諸侯歸晉之德只，非歸其尸盟也。子務德，無爭先。且諸侯盟，小國固必有尸盟者。楚為晉細，不亦可乎？」乃先楚人。書先晉，晉有信也。,《左传》襄公二十七年：临盟，晋楚争歃血之先后。晋人曰晋本为诸侯盟主，未有先于晋者；楚人曰你既称晋楚匹敌，若晋常在先则是楚弱，且晋楚交替主持诸侯之盟已久，岂专在晋。叔向谓赵孟——诸侯归附的是晋之德，不是归附其主盟之仪；您当务德，不必争先；且诸侯之盟本必有执牛耳者，楚在晋前作此细务，不亦可乎。乃让楚人先歃。而《春秋》经书晋在楚前，传释之曰「晋有信也」——以其能让，故经反先之。本条为叔向在会之记言，与 Q281「叔向为介」并观，是其 presence＝亲至之依据。,原文
Q281,E206,Z092,六月，丁未朔，宋人享趙文子，叔向為介。,《左传》襄公二十七年：六月初一（丁未），宋人设享礼款待晋赵文子，叔向为其副（介）。本条为叔向身在宋之在场明文，本库据以定其 presence＝亲至（依 conventions §7 presence 从严通例，须史文明书其人在事发地）。又本条系日为系月之据：传书六月丁未朔，下文盟日「辛巳」在其后三十四日，故盟事在秋七月，E206 之 season_month 依此著录。,原文
Q282,E206,Z092,宋左師請賞，曰：「請免死之邑。」公與之邑六十，以示子罕。子罕曰：「凡諸侯小國，晉、楚所以兵威之。畏而後上下慈和，慈和而後能安靖其國家，以事大國，所以存也。無威則驕，驕則亂生，亂生必滅，所以亡也。天生五材，民並用之，廢一不可，誰能去兵？……縱無大討，而又求賞，無厭之甚也！」削而投之。左師辭邑。,【《左传》记言层·同国大夫之责辞，非事目本身】盟成之后，宋左师（向戌）向宋公请赏，求「免死之邑」（可免罪之封邑）；公与之六十邑，以简示司城子罕（乐喜）。子罕曰——诸侯小国，正是晋楚以兵威加之；有所畏而后上下慈和，慈和而后能安靖其国以事大国，此其所以存；无所畏则骄，骄则乱生，乱生必灭，此其所以亡。天生金木水火土五材，民并用之，废一不可，谁能去兵？遂责其求去兵为诬妄之道，且既无大罪之讨而又求赏，是贪得无厌之甚。乃削去简上所书之封邑而投之于地，左师终辞其邑。本条为《左传》于弭兵之成后所系的反面之论，与 Q278「以为名」之笔相承。全辞甚长，本条择要，中略处以省略号标出，非原文相连。子罕（乐喜）受本件配角配额所限未立人物行。,言论
Q286,E207,Z093,齊晏桓子卒。晏嬰麤縗斬，苴絰、帶、杖，菅屨，食鬻，居倚廬，寢苫，枕草。其老曰：「非大夫之禮也。」曰：「唯卿為大夫。」,《左传》襄公十七年：齐晏桓子（晏弱，晏婴之父）卒，晏婴为之服丧——麤缞斩即斩衰，五服中最重之丧服，用粗麻布而不缉边；苴绖、带、杖，谓首绖腰带皆用苴麻（结子之雄麻，色恶，重丧所用）并执丧杖；菅屦，菅草所编之屦；食鬻，食稀粥；居倚庐，居于倚墙搭成之丧次；寝苫枕草，卧草垫、枕草束。其老（家臣之长）曰「非大夫之礼也」——谓此系士之丧礼、非大夫所当用。晏婴答「唯卿为大夫」：惟卿始得称大夫，己非卿，不敢僭大夫之丧礼。本条为晏婴见于《左传》之第一条，亦为本库晏婴线之首，其 presence＝亲至之在场明文即在此。「麤」为「粗」之本字、「縗」即「衰」，本库依传本著录不改字。晏桓子（晏弱）受本件配角配额所限未立人物行。,原文
Q287,E208,Z094,與晏子邶殿，其鄙六十，弗受。子尾曰：「富，人之所欲也，何獨弗欲？」對曰：「慶氏之邑足欲，故亡。吾邑不足欲也，益之以邶殿，乃足欲。足欲，亡無日矣。在外，不得宰吾一邑。不受邶殿，非惡富也，恐失富也。且夫富，如布帛之有幅焉，為之制度，使無遷也。夫民生厚而用利，於是乎正德以幅之，使無黜嫚，謂之幅利。利過則為敗。吾不敢貪多，所謂幅也。」,《左传》襄公二十八年：庆氏（庆封）既亡，齐分其邑；予晏婴邶殿及其属鄙六十，晏婴不受。子尾（公孙虿）问：富是人人所欲，何独你不欲？晏婴答——庆氏之邑足其欲，故至于亡；我之邑不足欲，加上邶殿便足欲了，足欲则亡无日矣。「在外，不得宰吾一邑」谓一旦出亡在外，连自己一邑也管不得。不受邶殿，不是厌恶富，是怕失去富。且富如布帛之有幅（布帛有定宽），当为之制度使不逾越；民之生计厚而所用有利，于是以德为之限幅，使不至骄纵怠慢，是谓「幅利」；利过其幅则败。故曰「吾不敢贪多，所谓幅也」。同段并记北郭佐受邑六十、子雅辞多受少、子尾受而稍稍归还，「公以为忠，故有宠」——四事并列而晏婴独全辞，《左传》以此见其自处之分寸。邶殿为齐东鄙之邑，晏婴辞而未受，本库不为之立地点行。子尾（公孙虿）、北郭佐、子雅受本件配角配额所限未立人物行。,原文
Q288,E209,Z095,初，景公欲更晏子之宅，曰：「子之宅近市，湫隘囂塵，不可以居，請更諸爽塏者。」辭曰：「君之先臣容焉，臣不足以嗣之，於臣侈矣。且小人近市，朝夕得所求，小人之利也，敢煩里旅？」公笑曰：「子近市，識貴賤乎？」對曰：「既利之，敢不識乎？」公曰：「何貴何賤？」於是景公繁於刑，有鬻踊者，故對曰：「踊貴屨賤。」既已告於君，故與叔向語而稱之。景公為是省於刑。,《左传》昭公三年：起初，景公要为晏婴换宅，说你家近市，低湿狭小、喧嚣多尘，不可居，请换到高爽干燥处。晏婴辞谢——先父之臣曾容身于此，臣不足以承继之，于臣已是奢侈；且小人近市，朝夕可得所求，正是小人之利，岂敢劳烦里中众人（为我迁徙）。公笑问：你既近市，可知物价贵贱？答：既得其利，岂敢不知。公问何贵何贱——其时景公用刑烦重，有卖「踊」（受刖刑者所用之义足）者，故答曰「踊贵屦贱」：受刖者众，故假足贵而鞋贱。既以此告君，故后来与叔向言谈时又称引此语（即 E210 论季世所记「國之諸市，屨賤踊貴」一句）。「景公为是省于刑」——因此一语而减省刑罚。本条以答物价之问行谏刑之实，为《左传》所记晏婴谏刑之最著者；亦为景公、晏婴二人 presence＝亲至之在场明文（「公笑曰」「对曰」面相问对）。传文以「初」字发端，标其事在如晋之前，本库据以系于本年而次于 E210 之上。,原文
Q289,E209,Z095,及晏子如晉，公更其宅，反則成矣。既拜，乃毀之，而為里室，皆如其舊，則使宅人反之。,《左传》昭公三年：到晏婴出使晋国（即 E210 请继室之行），景公乘其不在为他改建宅第；晏婴返国时新宅已成。晏婴既已拜谢受赐，随即毁去新宅，仍复为里中之室，一切如其旧貌，并使原被迁走的邻人（宅人）迁回。本条为辞更宅一事之收束：辞而不获，则受而复之——不以拒君命为名，亦不以受君赐而易其素。本条系时在如晋之后，与 Q288 以「初」字标出的前事共成一事，故同挂本事目，不另立事目；如晋一行另见 E210。,原文
Q290,E210,Z095,齊侯使晏嬰請繼室於晉……既成昏，晏子受禮，叔向從之宴，相與語。叔向曰：「齊其何如？」,《左传》昭公三年：齐景公使晏婴至晋请继室——晋平公夫人少姜卒（是年正月郑游吉如晋送少姜之葬），齐请以宗女继为内官。婚事既成，晏婴受享礼，叔向陪之宴饮而相与言谈，叔向问「齐国近来如何」，遂发下文两番季世之论（Q291、Q292）。本条为本事目之编年与在场依据：晏婴受礼、叔向从宴俱有明文，二人 presence 皆据此定为「亲至」（叔向挂链行由第二件立）；齐景公使晏婴而己不行，依 conventions §7「使者代行」通例从严标「相关」。请继室之辞甚长（「寡君使嬰曰……」一段），本条只取首尾，中略处以省略号标出，非原文相连。晋平公、韩宣子受本件配角配额所限未立人物行。,原文
Q291,E210,Z095,晏子曰：「此季世也，吾弗知。齊其為陳氏矣！公棄其民，而歸於陳氏。齊舊四量：豆、區、釜、鍾。四升為豆，各自其四，以登於釜。釜十則鍾。陳氏三量，皆登一焉，鍾乃大矣。以家量貸，而以公量收之。山木如市，弗加於山；魚鹽蜃蛤，弗加於海。民參其力，二入於公，而衣食其一。公聚朽蠹，而三老凍餒。國之諸市，屨賤踊貴。民人痛疾，而或燠休之。其愛之如父母，而歸之如流水，欲無獲民，將焉辟之？」,【预判之辞，非记既成之事——田氏代齐远在本库年代下限之后，本库如实著录其言，不据以为已然之史实】《左传》昭公三年晏婴答叔向问齐：这是末世了，我不知它将如何；齐国恐怕要归陈氏了。国君抛弃他的民，民便归向陈氏。齐旧有四种量器：豆、区、釜、钟；四升为豆，豆、区各以四进而登于釜，十釜为钟。陈氏之三量各增一进，故其钟遂大于公量——以自家的大量贷出，以公家的小量收回。山上之木运到市上，价不比山中为高；鱼盐蜃蛤运到市上，价不比海边为高（谓陈氏不取转运之利）。民力三分，二分入于公，一分自衣食。公室粮聚至朽坏虫蠹，而三老（年老者）冻馁。国中诸市，屦贱而踊贵（受刖者众，即 E209「踊貴屨賤」之语）。民众痛苦，而陈氏抚恤之。民爱陈氏如父母、归陈氏如流水；公室要想不失民，何从躲避？本条与 E214（昭公二十六年论陈氏厚施）为《左传》记晏婴两番预见之正笔，相距二十三年。,言论
Q292,E210,Z095,叔向曰：「然。雖吾公室，今亦季世也。戎馬不駕，卿無軍行，公乘無人，卒列無長。庶民罷敝，而宮室滋侈。道殣相望，而女富溢尤。民聞公命，如逃寇讎。欒、郤、胥、原、狐、續、慶、伯，降在皂隸。政在家門，民無所依。君日不悛，以樂慆憂。公室之卑，其何日之有？讒鼎之銘曰：『昧旦丕顯，後世猶怠。』況日不悛，其能久乎？」,【与齐语对举成文之自道其国之衰；同为预判之辞，晋六卿专政之局在其后】《左传》昭公三年叔向应晏婴之语：诚然，就连我晋之公室，如今也是末世了。战马不驾（军备废），卿不领军行（公室无兵），公室之车无人可乘，行伍无长可统。庶民疲敝而宫室日侈；道旁饿殍相望，而嬖幸之女富溢过甚。民闻公之政令，如避寇仇。栾、郤、胥、原、狐、续、庆、伯八族，皆降为皂隶（旧族沦替）。政出于私家之门，民无所依。君日日不改，以享乐消忧。公室之卑微，还能有几日？谗鼎之铭曰「昧旦丕显，后世犹怠」——天未明即勤于显德，后世尚且懈怠；何况日日不悛，岂能久乎。本条与 Q291 对举：一记齐之将归陈氏、一记晋之公室将卑，同席两番季世之论，为《左传》春秋后期政局之总纲。所举八族之沦替及晋末六卿专政之局，本库未逐条立事目。,言论
Q293,E211,Z088,齊侯疥，遂痁，期而不瘳。諸侯之賓問疾者多在。梁丘據與裔款言於公曰：「吾事鬼神豐，於先君有加矣。今君疾病，為諸侯憂，是祝、史之罪也。諸侯不知，其謂我不敬，君盍誅於祝固、史嚚以辭賓？」公說，告晏子。,《左传》昭公二十年：齐景公患疥而转为痁（疟疾一类），逾期不愈，来问疾的诸侯宾客多在齐。梁丘据与裔款进言：我们事奉鬼神之丰厚，比先君时更有加；如今君病重，使诸侯为之忧，这是祝、史（掌祝辞与册祝之官）之罪；诸侯不明其故，会以为我们不敬神。君何不杀了祝固、史嚚，以此向宾客交代？景公听了很高兴，把这话告诉晏婴——遂有下文之谏（Q294）。本条为景公、晏婴 presence＝亲至之在场依据（「公說，告晏子」，下文晏子面对之，且有「公曰：然則若之何」之再问）。「疥」字旧有异读（或谓当读为「痎」，即间日之疟），本库依传本著录、不改字。梁丘据、裔款、祝固、史嚚受本件配角配额所限未立人物行。,原文
Q294,E211,Z088,「……民人苦病，夫婦皆詛。祝有益也，詛亦有損。聊攝以東，姑尤以西，其為人也多矣。雖其善祝，豈能勝億兆人之詛？君若欲誅於祝史，脩德而後可。」,【谏辞之实落在修德改政，不在祝史之存废；以民心折鬼神之说，与 E213 谏禳彗同一路数】《左传》昭公二十年晏婴对齐景公语。晏婴先引宋之盟（前546 弭兵之会，本库 E206）时楚令尹屈建（子木）问晋范会之德于赵武，赵武对以「其祝史祭祀，陳信不愧」「其家事無猜，其祝史不祈」，楚康王闻之曰「神、人無怨，宜夫子之光輔五君以為諸侯主也」；景公诘之曰「據與款謂寡人能事鬼神，故欲誅于祝史，子稱是語，何故」，晏婴乃别有德之君与淫君之祝史，复历数齐政之弊（山泽之利皆有官守而民不得用、偪介之关暴征其私、布常无艺征敛无度、宫室日更、内外宠之肆夺僭令，本条中略），终归于此数语：民众困苦，夫妇皆诅咒；祝祷若真有益，诅咒也就真有损；聊、摄以东至姑、尤以西（齐之四境），其人众矣，即便祝史善于祝祷，又岂能胜过亿兆人之诅咒？君若要杀祝史，须先脩德才行。其效见于 Q295「使有司寬政」云云。本条全辞甚长，择要引之，中略处以省略号标出，非原文相连。,言论
Q295,E211,Z088,公說，使有司寬政，毀關，去禁，薄斂，已責。,《左传》昭公二十年：景公听而悦服，命有关官吏宽缓政令——毁去关卡（罢关市之征）、除去山泽之禁（弛民用之禁）、减轻赋敛、免除积欠（已责，责读为债）。本条为谏诛祝史一事之实效，与 Q294「君若欲誅於祝史，脩德而後可」相应：所诛者非祝史，所改者在政。本库据此定本事目之实质落在政令之改，而非祭祀之争。,原文
Q296,E212,Z088,齊侯至自田，晏子侍于遄臺，子猶馳而造焉。公曰：「唯據與我和夫！」晏子對曰：「據亦同也，焉得為和？」公曰：「和與同異乎？」對曰：「異。」,《左传》昭公二十年：齐景公田猎归来，晏婴侍立于遄台（齐都近郊之台），梁丘据（字子犹）驰车赶到。公曰「只有据与我和啊」，晏婴对曰「据不过是同罢了，哪里算得上和」；公问和与同有别吗，答曰「有别」——遂发下文「和如羹焉」之论（Q297）。本条为本事目之编年与在场依据：景公与晏婴面相问对有明文，二人 presence 皆据此定为「亲至」。遄台在齐都近郊，本库不另立地点行，落点仍取临淄。系月：传文次序在「十二月，齊侯田于沛」（招虞人以弓一节）之后，故本条系于是年冬十二月。梁丘据（子犹）受本件配角配额所限未立人物行。,原文
Q297,E212,Z088,「和如羹焉，水火醯醢鹽梅，以烹魚肉，燀之以薪，宰夫和之，齊之以味，濟其不及，以洩其過。君子食之，以平其心。君臣亦然。君所謂可，而有否焉，臣獻其否，以成其可；君所謂否而有可焉，臣獻其可，以去其否，是以政平而不干，民無爭心。……今據不然。君所謂可，據亦曰可；君所謂否，據亦曰否。若以水濟水，誰能食之？若琴瑟之專壹，誰能聽之？同之不可也如是。」,【论君臣进言之道，不作调味或音乐之技艺记载读；与《论语》「和而不同」义脉相通而非其出处，本库不牵合两文】《左传》昭公二十年晏婴对齐景公语：和好比调羹——水、火、醋、酱、盐、梅用以烹鱼肉，以柴薪炊之；厨人调和之、以五味相齐，补其不足、减其过甚；君子食之，心气得平。君臣之间也是这样：君以为可而其中有不可者，臣献其不可以成全其可；君以为不可而其中有可者，臣献其可以去其不可。因此政平而不相犯，民无争心。（中略引《诗》「亦有和羹，既戒既平」及「声亦如味」一段——以一气、二体、三类、四物、五声、六律、七音、八风、九歌相成，清浊大小、长短疾徐、哀乐刚柔、迟速高下、出入周疏相济为喻，末引《诗》「德音不瑕」。）如今梁丘据不然：君说可他也说可，君说否他也说否；这就如以水调水，谁能吃它？如琴瑟只弹一个音，谁能听它？「同」之不可，正是如此。中略处以省略号标出，非原文相连。,言论
Q298,E213,Z096,齊有彗星，齊侯使禳之。晏子曰：「無益也，祇取誣焉。天道不謟，不貳其命，若之何禳之？且天之有彗也，以除穢也。君無穢德，又何禳焉？若德之穢也，禳之何損？《詩》曰：『惟此文王，小心翼翼。昭事上帝，聿懷多福。厥德不回，以受方國。』君無違德，方國將至，何患於彗？《詩》曰：『我無所監，夏后及商。用亂之故，民卒流亡。』若德回亂，民將流亡，祝史之為，無能補也。」公說，乃止。,《左传》昭公二十六年：齐有彗星出现，景公使人禳除之。晏婴曰——无益，只会自取欺诬；天道不疑贰（「謟」，疑也），不改其所命，禳之何用；且天之有彗，是用以除秽，君若无秽德又禳什么，若德本有秽，禳之又能减损什么。乃引《诗·大雅·大明》「惟此文王，小心翼翼。昭事上帝，聿懷多福。厥德不回，以受方國」，谓君无违德则四方之国自至，何患于彗；又引逸诗「我無所監，夏后及商。用亂之故，民卒流亡」（今《诗》三百篇无此四句），谓若德邪乱则民终流亡，祝史所为无从补救。公悦服，遂止不禳。本条与 E211（谏诛祝史，前522）相距六年，同为晏婴「祸福在德、不在祝史鬼神」之论；亦与本库 E197（子产拒禳火，「天道遠，人道邇」）为同时代同路数之两处正笔，可并观。所引二诗依《左传》本文著录，其中后四句为逸诗，本库不别立《诗经》来源行。「祇」字或作「只」，义同（适、但），本库依所核之本著录。,原文
Q299,E214,Z096,齊侯與晏子坐于路寢。公歎曰：「美哉室！其誰有此乎？」晏子曰：「敢問何謂也？」公曰：「吾以為在德。」對曰：「如君之言，其陳氏乎！陳氏雖無大德，而有施於民。豆、區、釜、鍾之數，其取之公也薄，其施之民也厚。公厚斂焉，陳氏厚施焉，民歸之矣。《詩》曰：『雖無德與女，式歌且舞。』陳氏之施，民歌舞之矣。後世若少惰，陳氏而不亡，則國其國也已。」,《左传》昭公二十六年：景公与晏婴坐于路寝（齐君之正寝）。公叹曰「好美的宫室啊，将来谁会拥有它呢」，晏婴请问其意，公曰「我以为归于有德者」。晏婴对曰：照君所说，恐怕是陈氏吧——陈氏虽无大德，却有施于民；以豆、区、釜、钟四量之数计，其取于公者薄、其施于民者厚。公家厚敛而陈氏厚施，民就归向他了。引《诗·小雅·车舝》「雖無德與女，式歌且舞」（虽无厚德给你，也为你歌且舞），谓陈氏之施民已为之歌舞。后世若稍有懈怠，陈氏而不亡，则齐国就要成为他的国了。本条与 E210（昭公三年论季世「齊其為陳氏矣」）相距二十三年，为《左传》记晏婴两番预见陈氏得国之正笔；同属预判之辞，非记既成之事。「後世若少惰」之「惰」，所核检索本或作「情」，形近致误，本库依「惰」著录。景公与晏婴坐语有明文，本条即二人 presence＝亲至之依据；路寝在齐宫之内，本库不另立地点行。,原文
Q300,E214,Z096,公曰：「善哉！是可若何？」對曰：「唯禮可以已之。在禮，家施不及國，民不遷，農不移，工賈不變，士不濫，官不滔，大夫不收公利。」公曰：「善哉！我不能矣。吾今而後知禮之可以為國也。」,【所论之「礼」是国家名分制度，非丧祭仪节；本条是晏婴政论的落点，故本事目分类取「政制」】《左传》昭公二十六年：景公问「说得好，这可怎么办」，晏婴答——只有礼可以制止它。按礼，私家之施不越及于国（不以私惠收国人之心），民不迁徙其业，农不离其田，工商不改其行，士不逾其分，官不慢其职，大夫不收公家之利。公曰「说得好，我做不到了；我从今以后才知道礼是可以治国的」。本条为 Q299 之收束：晏婴既指出陈氏厚施将得国，其对策不在削陈氏，而在使公室复守礼制之分限。读者宜与 E207（居父丧之「唯卿為大夫」）别观——彼为丧仪之分，此为国制之分。,言论
Q301,E210,T006,使狗國者，從狗門入；今臣使楚，不當從此門入。……儐者更道從大門入，見楚王。,【后出文献层·《左传》无晏婴使楚之文·不入史实骨架，只作流传层读】《晏子春秋·内篇杂下》第九章（狗门之对）：楚人以晏婴身短，于大门之侧别开小门以延之；晏婴不入，谓出使狗国者才从狗门入，今使楚不当由此门，傧者遂改道自大门引入见楚王。著录层级：本条不是《左传》《国语》所记，亦不见于《史记》，其事无系年、楚王不著名（后世指为楚灵王，系附会之说，本库不采）。用法：只作晏婴「使于四方、不辱君命」之形象在后出文献中的流传层材料读，不与经传记事并置、不据以补事目、不据以论其行止。挂靠说明：依 conventions §2「T 层不得单独立事件骨架」与 §7 无系年材料挂靠通例，本条不立事目，就近挂库内唯一晏婴出使他国之编年骨架 E210（前539 如晋请继室）；挂靠只为分层安置，不表二事为一事，本条亦不因此取得 E210 之系年（前539 不是本条之年）。复核层级：引文二句逐字取自 ctext《晏子春秋·内篇杂下》原文，未逐字复核之叙事文字一律不入引文栏、改以本注著录。,经义异闻
Q302,E210,T006,晏嬰，齊之習辭者也，今方來，吾欲辱之，何以也？……嬰聞之，橘生淮南則為橘，生于淮北則為枳，葉徒相似，其實味不同。……聖人非所與熙也，寡人反取病焉。,【后出文献层·《左传》无晏婴使楚之文·不入史实骨架，只作流传层读】《晏子春秋·内篇杂下》第十章（橘枳之对）：楚王与左右预谋辱之，酒酣时缚一人过庭，诡称齐人坐盗；晏婴对以橘生淮南则为橘、生于淮北则为枳，叶相似而实味不同，所以然者水土异也，民生长于齐不盗而入楚则盗，得无楚之水土使民善盗；楚王乃谢曰圣人非所与熙、寡人反取病焉。著录层级：与 Q301 同——非《左传》所载，无系年，楚王不著名。用法：只作后出文献中晏婴应对之辞的流传层材料读；「橘枳」之喻后世沿为成语，其广行不改其史料层级，不得因其著名而升作史实。挂靠说明：同 Q301，依 §2 与 §7 不立事目，挂 E210 为分层安置，不表二事为一事、不取其系年。复核层级：三处引文逐字取自 ctext《晏子春秋·内篇杂下》原文，中略处以省略号标；未逐字复核之叙事文字不入引文栏，改以本注著录。,经义异闻
Q303,E214,T007,公孫接、田開疆、古冶子事景公，以勇力搏虎聞。晏子過而趨，三子者不起。……上無君臣之義，下無長率之倫，內不以禁暴，外不可威敵，此危國之器也。,【后出文献层·经传无征·不入史实骨架，只作流传层读】《晏子春秋·内篇谏下》第二十四章前半（「二桃杀三士」之谏辞）：公孙接、田开疆、古冶子以勇力搏虎事齐景公，晏婴过而趋（趋为敬礼），三子不为之起；晏婴因谏景公，谓所畜勇士上无君臣之义、下无长率之伦，内不足以禁暴、外不足以威敌，是「危国之器」，请去之。著录层级：三士之名不见于《春秋》经传、《国语》与《史记》，事亦无系年，本条非《左传》所载。用法：只作后出文献中晏婴形象之流传层材料读，不作晏婴行事之史实、不据以论其为人；本库不为三士立人物行、不据本条织关系边。挂靠说明：依 conventions §2 T 层纪律与 §7 通例不立事目，挂靠 E214（前516 论陈氏厚施「唯礼可以已之」）——取二者同以君臣名分之礼为对策，且三士之一「田开疆」之田氏即齐之陈（田）氏，与 E214 陈氏之论同一线索；挂靠为分层安置，不表本条系于前516、亦不表其与 E214 为一事。复核层级：二处引文逐字取自 ctext《晏子春秋·内篇谏下》原文，中略处以省略号标。,经义异闻
Q304,E214,T007,因請公使人少餽之二桃，曰：「三子何不計功而食桃？」……使者復曰：「已死矣。」公殮之以服，葬之以士禮焉。,【后出文献层·经传无征·不入史实骨架，只作流传层读；后世《梁甫吟》所本】《晏子春秋·内篇谏下》第二十四章后半：晏婴请景公使人馈二桃，令三士计功而食；公孙接、田开疆各述其功取桃，古冶子继述其功而斥二人，二人耻而自杀，古冶子以耻人而夸己为不仁、悔而亦自杀，使者复命曰「已死矣」，景公殓以衣服、葬以士礼。著录层级与用法：本篇是「后出文献层名篇而经传无征」之典型——成语「二桃杀三士」沿用至今，汉乐府《梁甫吟》「一朝被谗言，二桃杀三士……谁能为此谋，国相齐晏子」即本此篇（《梁甫吟》为汉乐府楚调曲、后世或系之诸葛亮，去春秋已远，本库不为之立来源行，仅于此著录其源流），而《左传》《国语》《史记》无一字可征，三士之名与二桃之计俱无他证。故本条只作说部流传层读，不入编年骨架、不作晏婴行事之史实；其著名度不构成史实骨架资格（同 conventions §11 已裁「不为仅见说部层之著名情节开单独展示位例外」之精神）。挂靠说明：同 Q303，挂 E214 为分层安置，不表系年、不表为一事。复核层级：二处引文逐字取自 ctext《晏子春秋·内篇谏下》原文，中略处以省略号标；三士各述其功之辞未逐字复核，一律不入引文栏、改以本注著录。,经义异闻
Q311,E219,Z097,秋，欒盈出奔楚。宣子殺箕遺、黃淵、嘉父、司空靖、邴豫、董叔、邴師、申書、羊舌虎、叔羆，囚伯華、叔向、籍偃。,《左传·襄公二十一年》：秋，栾盈出奔楚；范宣子（士匄）尽治栾氏之党，杀十人、囚三人。所杀之羊舌虎为叔向异母弟（见 Q312），所囚之伯华（羊舌赤）与叔向同出羊舌氏，籍偃亦同囚。本条为叔向身在晋而见囚之明文，本库据以定其 presence＝亲至（conventions §7 presence 从严通例，须史文明书其人在事发地）。引文用字据 ctext《春秋左传·襄公二十一年》页逐句检索取出并回校，标点为本库整理所加（ctext 页面标点多有阙略）。,原文
Q312,E219,Z097,初，叔向之母妒叔虎之母美而不使。其子皆諫其母。其母曰：「深山大澤，實生龍蛇。彼美，余懼其生龍蛇以禍女，女敝族也……」使往視寢，生叔虎。美而有勇力，欒懷子嬖之，故羊舌氏之族及於難。,【《左传》以「初」字发端之追叙，非本年之事——所追者是叔虎之生，去本年数十年】《左传》于本年之难下追述其由：叔向之母妒叔虎之母之美而不使进御，诸子谏之，其母以「深山大泽实生龙蛇」为辞（谓美者恐生龙蛇以为汝祸，汝家已是衰败之族），终乃使往视寝而生叔虎；叔虎美而有勇力，为栾怀子（栾盈）所嬖，故栾氏败而羊舌氏之族连坐及难。本条是叔向连坐见囚之由的经传本文交代，故录之；其追叙性质与本库 E195 所立先例同——追记之辞与当年记事分条并置，不相混书。中略处以省略号示之。引文用字据 ctext《春秋左传·襄公二十一年》页逐句检索取出并回校，标点为本库整理所加（ctext 页面标点多有阙略）。,原文
Q313,E219,Z097,人謂叔向曰：「子離於罪，其為不知乎？」叔向曰：「與其死亡若何？《詩》曰：『優哉游哉，聊以卒歲。』知也。」,【《左传》记言层·自处之辞，非评断其罪】人谓叔向：您陷于罪罟，岂非不智？叔向答：比起死与亡又如何呢——《诗》说「优哉游哉，聊以卒岁」（从容自适以终此岁），这才是智。所引二句今见《小雅·采菽》，为春秋赋诗断章之常例，不据以论《诗》之本义。引文用字据 ctext《春秋左传·襄公二十一年》页逐句检索取出并回校，标点为本库整理所加（ctext 页面标点多有阙略）。,言论
Q314,E219,Z097,樂王鮒見叔向曰：「吾為子請！」叔向弗應。出不拜，其人皆咎叔向。叔向曰：「必祁大夫。」室老聞之曰：「樂王鮒言於君，無不行，求赦吾子，吾子不許。祁大夫所不能也，而曰『必由之』，何也？」叔向曰：「樂王鮒，從君者也，何能行？祁大夫外舉不棄讎，內舉不失親，其獨遺我乎？《詩》曰：『有覺德行，四國順之。』夫子，覺者也。」,【《左传》记言层·择所恃之辨，非人物臧否之定评】乐王鲋见叔向，许为之请，叔向不应，出而不拜谢，家人皆责之。叔向曰：能救我者必是祁大夫。其家老（室老）不解：乐王鲋言于君无不见听，求赦而您不许；祁大夫做不到的事，您却说非他不可，何故？叔向答：乐王鲋是一味顺从君意的人，何能有所作为；祁大夫「外举不弃仇、内举不失亲」，岂独遗漏我一人。所引《诗》见《大雅·抑》「有覺德行，四國順之」，谓有正直之德行者四方顺之，用以称祁奚为「觉者」。本条与 Q315（晋侯问罪于乐王鲋，对曰「不弃其亲，其有焉」）当对读：乐王鲋请之不得，转以「不弃其亲」实叔向之罪，正是叔向所谓「从君者」之验——传文以事验言，本库照录二文而不代下断语。引文用字据 ctext《春秋左传·襄公二十一年》页逐句检索取出并回校，标点为本库整理所加（ctext 页面标点多有阙略）。,言论
Q315,E219,Z097,晉侯問叔向之罪於樂王鮒，對曰：「不棄其親，其有焉。」,《左传·襄公二十一年》：晋侯问叔向之罪于乐王鲋，对曰——「不弃其亲」（不肯背弃亲族），他大约是有的。语意谓叔向与羊舌虎为亲，其党附之罪当有。与 Q314 叔向「樂王鮒，從君者也，何能行」一语对读，本库照录二文并置，不代传文下断语。引文用字据 ctext《春秋左传·襄公二十一年》页逐句检索取出并回校，标点为本库整理所加（ctext 页面标点多有阙略）。,原文
Q316,E219,Z097,於是祁奚老矣，聞之，乘馹而見宣子，曰：「《詩》曰：『惠我無疆，子孫保之。』《書》曰：『聖有謨勳，明徵定保。』夫謀而鮮過，惠訓不倦者，叔向有焉，社稷之固也。猶將十世宥之，以勸能者。今壹不免其身，其棄社稷，不亦惑乎？鯀殛而禹興，伊尹放大甲而相之，卒無怨色，管、蔡為戮，周公右王。若之何其以虎也棄社稷？子為善，誰敢不勉？多殺何為？」,【《左传》记言层·请宥之辞，其理在「社稷之固」不在私交】祁奚时已告老，闻叔向见囚，乘驿马往见范宣子：《诗》曰「惠我无疆，子孙保之」（《周颂·烈文》），《书》曰「圣有谟勋，明征定保」（今见伪古文《胤征》，春秋所引《书》与今本篇次不尽合，本库不据以论《书》之篇属）；谋事少过、教诲不倦者，叔向有之，是社稷之所赖；此等人尚当宥及十世以劝勉有能者，今乃因一事不免其身而弃社稷之固，岂不惑乎。又举三事为比：鲧被殛而禹兴、伊尹放太甲而后相之卒无怨色、管蔡见戮而周公佐王——皆亲属有罪而不废其人。末谓岂可为羊舌虎之故而弃社稷；您行善政，谁敢不勉，多杀何为。异文备考：「今壹不免其身，其棄社稷」一句，本库所据 ctext 页作「其棄社稷」（已就该五字之后二字专作一次定点复核），通行整理本（杨伯峻《春秋左传注》）作「以棄社稷」，二读义同，本库依所核电子本著录，异文存此备复核。引文用字据 ctext《春秋左传·襄公二十一年》页逐句检索取出并回校，标点为本库整理所加（ctext 页面标点多有阙略）。,言论
Q317,E219,Z097,宣子說，與之乘，以言諸公而免之。不見叔向而歸。叔向亦不告免焉而朝。,《左传·襄公二十一年》：范宣子说其言，与祁奚同乘入朝，为叔向言于晋侯而赦之。祁奚不见叔向而径归，叔向亦不以获免往谢而径就朝位。传文于此不着一评而两人之相知自见：请者不居其功，免者不称其谢。本条为叔向在晋朝之明文，与 Q311 同为其 presence＝亲至之依据；亦为祁奚「乘馹而見宣子」在晋之在场明文（见 Q316）。引文用字据 ctext《春秋左传·襄公二十一年》页逐句检索取出并回校，标点为本库整理所加（ctext 页面标点多有阙略）。,原文
Q318,E220,G009,叔向見韓宣子，宣子憂貧，叔向賀之。宣子曰：「吾有卿之名，而無其實，無以從二三子，吾是以憂，子賀我何故？」,《国语·晋语八》：叔向见韩宣子（韩起），宣子正忧其贫，叔向反为之贺。宣子曰：我有卿的名位而无卿的实产，无从与诸卿相周旋（「从二三子」指与同列之卿往还酬酢、共任其费），我因此而忧，您贺我却是何故。本条为二人面相问对之明文，本库据以定叔向、韩起 presence 均＝亲至。引文用字据本机所存 ctext《国语·晋语八》页全文比对，标点为本库整理所加。本条系年为推定（前535，medium），依据见 E220 summary，不因本条为「原文」层而升其系年之确度——层级与系年是两事。,原文
Q319,E220,G009,對曰：「昔欒武子無一卒之田，其宮不備其宗器，宣其德行，順其憲則，使越于諸侯，諸侯親之，戎、狄懷之，以正晉國，行刑不疚，以免于難。及桓子驕泰奢侈，貪欲無藝……而賴武之德，以沒其身。及懷子改桓之行，而修武之德，可以免于難，而離桓之罪，以亡于楚。夫郤昭子，其富半公室，其家半三軍，恃其富寵，以泰于國，其身尸于朝，其宗滅于絳……唯無德也。今吾子有欒武子之貧，吾以為能其德矣，是以賀。若不憂德之不建，而患貨之不足，將吊不暇，何賀之有？」,【《国语》记言层·所贺者非贫，所吊者德之不建】叔向之对：栾武子（栾书）无一卒之田（百人之卒所受之田，卿禄之最下者）、家庙之器且不备，而能宣其德行、循其法度，声名越于诸侯，诸侯亲之、戎狄怀之，以此正晋国，用刑无疚，故得免于难；至其子桓子（栾黡）骄泰奢侈、贪欲无度，本宜及难，赖其父之德乃得没身；至孙怀子（栾盈）改桓子之行而修武子之德，本可免难，却因桓子之罪见离而亡于楚。又举郤昭子富抵半个公室、家兵抵三军之半，恃富宠而骄泰于国，终至身死陈尸于朝、宗族灭于绛都；八郤之中五大夫三卿，其宠不可谓不大，而一朝俱灭无人哀之，只为无德。故曰：今您有栾武子之贫，我以为您能有其德，所以贺；若不忧德之不立而只患货财之不足，那我吊唁尚且不及，何贺之有。中略处以省略号示之。本条是本库所收《国语》正面名段之核心引文，其层级为《国语》记言——《国语》非编年记事、原文不系年，本条所挂事目之系年为推定（见 E220 summary），引文本身之可诵不改其系年之待复核。,言论
Q320,E220,G009,宣子拜稽首焉，曰：「起也將亡，賴子存之，非起也敢專承之，其自桓叔以下嘉吾子之賜。」,《国语·晋语八》：宣子拜而稽首（顿首至地，臣礼之重者）曰——起（韩起自称其名）本将亡，赖您而得存；非我一人敢独受此赐，自桓叔以下（韩氏所自出之曲沃桓叔）合族皆嘉您之赐。本条兼为二事之证：其一，韩起在场受言之明文，本库据以定其 presence＝亲至；其二，「其自桓叔以下」为韩氏出自曲沃桓叔（晋公族，姬姓）之本文内证，P_HANQI 之 xing 取「姬」即据此，不倚注家。引文用字据本机所存 ctext《国语·晋语八》页全文比对，标点为本库整理所加。,原文
Q321,E221,Z098,夏六月，晉殺祁盈及楊食我。食我，祁盈之黨也，而助亂，故殺之，遂滅祁氏、羊舌氏。,《左传·昭公二十八年》：夏六月，晋杀祁盈与杨食我；食我为祁盈之党而助其乱，故杀之，于是祁氏、羊舌氏两族俱灭。杨食我即伯石，叔向之子（两书互证之据见 Q324、Q325 及 P_YANGSHIWO 之 notes）。本条为杨食我被杀于晋之明文，本库据以定其 presence＝亲至（其时尚生，非 conventions v1.22「死者不作亲至」通例所指之情形）；叔向于本条无在场明文，presence 从严标「相关」。同年秋，韩宣子卒，魏献子为政，分祁氏之田为七县、分羊舌氏之田为三县——两族之田入于县制，为晋公室与大族消长之一节，本库于 E221 summary 著录而不另立事目。引文用字据本机所存 ctext《春秋左传·昭公二十八年》页全文比对，标点为本库整理所加。,原文
Q322,E221,Z098,初，叔向欲娶於申公巫臣氏，其母欲娶其黨。叔向曰：「吾母多而庶鮮，吾懲舅氏矣。」……叔向懼，不敢取。平公強使取之，生伯石。,【《左传》以「初」字发端之追叙，非本年之事——叔向之娶在晋平公之世（前557—前532），去本年数十年，本库不为之另立编年事目】《左传·昭公二十八年》于灭羊舌氏之下追述其始：叔向欲娶于申公巫臣氏（巫臣，楚申公，奔晋为邢大夫，本库 P_WUCHEN），其母欲他娶于母族。叔向曰：我父之妾媵多而庶子少，我于舅家已有前鉴（谓母族之女未必宜子，「惩舅氏」一语历来有异解，本库照录不裁定）。其母乃举「甚美必有甚恶」之说以谏（Q323）。叔向惧而不敢娶，晋平公强使娶之，生伯石。中略处以省略号示之。【分层依据】本条与 Q323、Q324 同属本年传文所系之追叙，依 conventions §7「无系年材料挂靠通例」与 E195 先例（孔子追记之辞与记事分条并置、层标写明非当时之言），作 passage 挂 E221 而不另立编年事目：其系年只能限定于晋平公之世一段区间，不能推定至某年，不满足 conventions §7 v1.19 判例「系年可由紧邻编年骨架推定」之条件。【姻亲之实】「娶於申公巫臣氏」为经传明文，故叔向—巫臣之姻亲边（R262）标 high；「所娶为巫臣与夏姬之女」出通说、经传无「夏姬之女」四字，故叔向—夏姬之姻亲边（R263）标 medium，宁降不虚。引文用字据本机所存 ctext《春秋左传·昭公二十八年》页全文比对，标点为本库整理所加。,原文
Q323,E221,Z098,其母曰：「子靈之妻，殺三夫、一君、一子，而亡一國、兩卿矣，可無懲乎？吾聞之：『甚美必有甚惡。』是鄭穆少妃姚子之子，子貉之妹也。子貉早死無後，而天鍾美於是，將必以是大有敗也。昔有仍氏生女，黰黑而甚美，光可以鑑，名曰玄妻。樂正后夔取之，生伯封，實有豕心，貪惏無饜，忿纇無期，謂之封豕。有窮后羿滅之，夔是以不祀。且三代之亡、共子之廢，皆是物也。女何以為哉？夫有尤物，足以移人，苟非德義，則必有禍。」,【归罪话术层·非事实判断；且为本年传文所系之追叙，非本年之事】叔向之母止其娶之辞。前半「杀三夫、一君、一子，而亡一国、两卿」将各有其因之事尽归于夏姬一身，与本库既有 Q193（同段之文，系于夏姬线 E182 之下）同层同处置——照录而不采其评，理据已在 Q193 详列（陈灵公之弑，弑者夏徵舒；夏徵舒之戮与陈之一度县楚，皆楚庄王之政；子重子反之杀巫臣之族在成公七年，各有其人其事）。后半「昔有仍氏生女……三代之亡、共子之廢，皆是物也」一节为 Q193 所无，本条补录之：其所举玄妻生伯封为封豕而后羿灭之、以至「三代之亡」「共子（申生）之废」，皆以「尤物移人」为说，是春秋时人以美色为祸首的一套论式，属时人评断与文本立场，非事实判断，本库照录其文而不采其论。同段「是鄭穆少妃姚子之子，子貉之妹也」一句则为夏姬出身之经传明文（reliability high），与前后之评断分属两层，不得混读。「甚美必有甚恶」为本条最著之语，本库著录其为叔向之母之谏辞，非本库之判断。引文用字据本机所存 ctext《春秋左传·昭公二十八年》页全文比对，标点为本库整理所加。,言论
Q324,E221,Z098,伯石始生，子容之母走謁諸姑曰：「長叔姒生男。」姑視之，及堂，聞其聲而還，曰：「是豺狼之聲也，狼子野心。非是，莫喪羊舌氏矣。」遂弗視。,【《左传》记言层·预言体的追叙之辞，非本年之事——传以此段解释羊舌氏何以亡】伯石始生，子容之母（叔向之嫂）奔告于姑（叔向之母）曰：长叔姒（叔向之妻）生男。姑往视之，及于堂而闻其号声，遂还，曰：这是豺狼之声；狼子野心——非此子，无人能亡羊舌氏。竟不往视。传于本年羊舌氏见灭之下系此追叙，以生时之言应终亡之事，是《左传》叙事之常法（预言与应验相系）。本库著录其文而不据以为因果——「豺狼之声」云云是叙事之辞，非本库对杨食我之判断；羊舌氏之亡，本条所载之实为「党于祁盈助乱而见杀」（Q321）。本条与《国语·晋语八》所记同一事（Q325）互见，《国语》径书「杨食我」之名，是伯石即杨食我之两书互证。引文用字据本机所存 ctext《春秋左传·昭公二十八年》页全文比对，标点为本库整理所加。,言论
Q325,E221,G009,楊食我生，叔向之母聞之，往，及堂，聞其號也，乃還，曰：「其聲，豺狼之聲，終滅羊舌氏之宗者，必是子也？」,【《国语》记言层·与 Q324 同记一事而径书其名，本库据以定伯石即杨食我】《国语·晋语八》：杨食我生，叔向之母闻之而往，及堂闻其号声，乃还，曰：其声是豺狼之声，终灭羊舌氏之宗的必是此子。《左传·昭公二十八年》记同一事作「伯石始生……非是，莫喪羊舌氏矣」（Q324），《国语》则径称「杨食我」——两书所记一事而《国语》有其名，故「伯石即杨食我」为两书互证之结论，非注家之说（conventions v1.21「注家之说不当经传明文用」判例于此不构成障碍）。同章前文并载叔鱼之生（其母曰「是虎目而豕喙……必以賄死」），与本条为同一叙事格套，本库不据以为因果，一体照录不采其论。引文用字据本机所存 ctext《国语·晋语八》页全文比对，标点为本库整理所加。,言论
Q326,E081,Z038,執虞公，及其大夫井伯，以媵秦穆姬，而脩虞祀。,《左传·僖公五年》：晋灭虞，执虞公及其大夫井伯，以之为秦穆姬之媵（陪嫁之臣），而仍修虞之祭祀。本条为本库所收「媵秦穆姬」一事的经传明文——此前库内 E114／E152 所载媵臣百里奚事全出《史记·秦本纪》（Q119／Q169，后出叙事层），本条补其经传之据。【不据以挂百里奚】「井伯即百里奚」系《史记》与后世注家之说，《左传》本文只书「其大夫井伯」，依 conventions v1.21「注家之说不当经传明文用」判例，本库不据本条为 P_BAILIXI 挂链；所补挂者只有 P_MUJI 一人，且其人时在秦不在虞，presence 从严标「相关」、directness 标 indirect。引文用字据 ctext《春秋左传·僖公五年》页定点检索取出并回校，标点为本库整理所加。,原文
