id,name,alt_names,xing,shi,ming,zi,state,role,active_years_bce,relations,notes,is_protagonist,birth_year_bce,death_year_bce,short_bio
P_WENJIANG,文姜,夫人姜氏;姜氏;齐子,姜,,,,齐/鲁,齐女、鲁桓公夫人、鲁庄公母,约前709-前673,父齐僖公；兄/异母兄齐襄公诸儿；夫鲁桓公；子鲁庄公同、季友等,传世文献多以礼法和政治危机视角记载；诗经材料属于舆论/文学层。姜姓（齐女，齐为姜姓），名无载（'文'通说为谥号，'姜'即其姓）。,1,,-673,齐僖公女、鲁桓公夫人、庄公之母；才貌与丑闻并称，桓公死后长期活跃于齐鲁之间。
P_LUHUAN,鲁桓公,公;姬允;姬轨,姬,,允,,鲁,鲁国国君,在位前711-前694,鲁惠公子；鲁隐公弟；夫人文姜；子鲁庄公同、庆父、叔牙、季友,由隐公被弑后即位；死于齐，成为齐鲁关系转折点。姬姓，名允；《史记·鲁世家》一作'轨'，从《春秋》经作'允'（异文取轨备考）。,1,,-694,弑兄阴影中即位，娶文姜以联齐，终死于齐之车中；一生系于齐鲁强弱之势。
P_QIXIANG,齐襄公,齐侯;姜诸儿;诸儿,姜,吕,诸儿,,齐,齐国国君,在位前697-前686,齐僖公子；齐桓公小白兄；文姜兄/异母兄,与文姜、鲁桓公之死、郑子亹之死、纪国危机和齐国内乱相关。姜姓吕氏，名诸儿（齐公室吕尚之后以吕为氏）。,1,,-686,雄猜暴烈之君，通妹、杀婿、灭纪、迫郑，终死于连称管至父与无知之乱。
P_ZHENGZHAO,郑昭公,公子忽;世子忽;太子忽;郑忽;忽,姬,,忽,,郑,郑国国君,短暂在位前701；复位前697-前695,郑庄公子；郑厉公突兄；母邓曼；祭仲所立,早年有军功，拒婚文姜；两度失位，后为高渠弥所弑。姬姓，名忽（郑公室姬姓）。,1,,-695,有军功而两辞大国之婚，两度为君皆不安其位，终为高渠弥所弑。
P_ZHENGLI,郑厉公,公子突;突,姬,,突,,郑,郑国国君/流亡者,前700-前697；复位前680-前673,郑庄公子；郑昭公忽弟；母雍姞,宋国与祭仲推动其首次即位；其出奔使忽复归。姬姓，名突。,0,,,
P_JIZHONG,祭仲,祭足,,祭,足,仲,郑,郑国权臣,春秋早期,先立忽，后受宋胁迫立突；子亹赴齐时称疾不往,郑国继承危机中的核心权力人物。祭氏，名足，字仲（祭仲即祭氏字仲，名足）；'祭'一说为周公之后姬姓，姓无确考故留空。卒约前682，史无明载（见E102）。,1,,,郑之权臣，废立在手——先以宠卿立昭公忽，旋受宋胁迫逐忽立厉公突；子亹赴齐会称疾不往，后迎子仪于陈而立之；厉公使雍纠图之而不克。四立郑君、权重于公室，春秋前期权臣之典型。
P_GAOQUMI,高渠弥,高伯,,高,渠弥,,郑,郑国大夫,前707-前694,郑庄公欲任为卿，昭公恶之；弑昭公后相子亹赴齐,被齐襄公车裂/轘。郑之高氏，名渠弥；'高伯'为氏加行称；姓、字无确考。,0,,,
P_ZIWEI,子亹,公子亹;郑子亹,姬,,亹,,郑,郑国君主,前695-前694,郑庄公子；高渠弥拥立,齐襄公于首止杀之。姬姓，名亹（郑庄公子，'子亹'为'子'加名）。,0,,,
P_PENGSHENG,公子彭生,彭生,姜,吕,彭生,,齐,齐国公子/力士,前694,受齐襄公命同乘鲁桓公车；事后被齐杀,鲁桓公之死的直接执行者/替罪者。齐公族姜姓吕氏，名彭生（公子本身习称姓不称氏，此依齐公室吕氏通例标注）。,0,,,
P_WUZHI,公孙无知,无知;齐无知,姜,吕,无知,,齐,齐国公孙、弑君者,前686-前685,与齐襄公早有怨；连称、管至父作乱时被立,弑齐襄公后自立，旋被杀，齐桓公继位前的内乱节点。齐公族姜姓吕氏，名无知（僖公母弟夷仲年之子）。,0,,,
P_ZHENGZHUANG,郑庄公,寤生;郑伯寤生,姬,,寤生,,郑,郑国国君、周平王卿士,在位前743-前701,父郑武公；母武姜；弟共叔段；子昭公忽、厉公突、子亹、子婴,克段、交质、抗王，郑小霸之主；生年据《史记》武公十四年推为前757。姬姓，名寤生（郑公室姬姓，郑桓公友周厉王少子之后）。,1,-757,-701,克段安内、繻葛抗王的郑国雄主；庙算深沉，然诸子争位埋下身后大乱。
P_LUYIN,鲁隐公,息姑;公,姬,,息姑,,鲁,鲁国摄政国君,摄位前722-前712,父鲁惠公；母声子；异母弟鲁桓公允,为桓公年少故摄位，《春秋》不书即位；生年不可考。姬姓，名息姑（鲁公室姬姓）。,1,,-712,惠公庶长子，为弟摄政十一年；谦让终不免，死于羽父之谋与新君之默许。
P_WUJIANG,武姜,姜氏,姜,,,,申/郑,郑武公夫人、庄公与段之母,春秋初,申侯女；夫郑武公；子郑庄公、共叔段,恶庄公而爱段，为段请制请京并将启之；城颍之置与黄泉相见后母子如初。申国之女，申为姜姓，故姓姜；名无载（'武'从夫郑武公之谥，'姜'为姓）。,1,,,
P_GONGSHUDUAN,共叔段,太叔段;京城大叔;段,姬,,段,,郑,郑国公子、叛乱者,前743-前722后,郑武公子；郑庄公同母弟；子公孙滑,得母宠居京，缮甲治兵将袭郑，败于鄢，出奔共；卒年不详。生年据《史记》武公十七年推为前754。姬姓，名段（'共'为出奔共地之称，'叔'为排行，'太叔'为尊称）。,0,-754,,
P_YINGKAOSHU,颍考叔,,,,,,郑,颍谷封人、郑大夫,前722-前712,,以食舍肉感悟庄公，献隧而相见之策；伐许之役先登，被子都自下射死。郑颍谷封人，以'颍'（颍谷之地）为称；名、字、姓均无确考（或以'考叔'为名/字，旧说不一，从阙）。,0,,-712,
P_YUFU,羽父,公子翚;翚,姬,,翚,羽父,鲁,鲁国权臣,前722-前711后,,屡帅师专行；如齐逆文姜；请杀桓公求太宰不成，反谮隐公而使贼弑之。姬姓，名翚，字羽父（鲁公子翚字羽父，鲁公室姬姓）。,0,,,
P_ZHOUHUAN,周桓王,姬林;桓王,姬,,林,,周,周天子,在位前719-前697,周平王孙,不礼郑伯，夺郑伯政，亲率诸侯伐郑，繻葛中箭，王室威严自此大坠。姬姓，名林（周王室姬姓）。,0,,-697,
P_ZANGXIBO,臧僖伯,公子彄;子臧,姬,臧,彄,子臧,鲁,鲁国公族大夫,前722-前718,鲁孝公子；鲁惠公弟,谏隐公观鱼于棠，公不听，称疾不从；卒于隐公五年冬。姬姓，名彄，字子臧；'僖'为谥，'伯'为行；其后以字'臧'为氏（臧孙氏之祖），故标氏臧。,0,,-718,
P_ZHUDAN,祝聃,,,,聃,,郑,郑国大夫、将领,前707前后,,繻葛之战射周桓王中肩，请追击而庄公止之；卒年不详。郑大夫，名聃；'祝'或为官（祝史）或为氏，无确考；姓、字无考。,0,,,
P_ZHENGHUAN,郑桓公,姬友;桓公友,姬,,友,,郑,郑国始封君、周司徒,受封前806-前771,周厉王少子；子郑武公,问史伯而谋寄帑贿于虢郐、济洛河颍之间，为郑东迁张本；死于犬戎骊山之难。姬姓，名友（周厉王少子，郑始封君）。,0,,-771,
P_LUZHUANG,鲁庄公,同;子同,姬,,同,,鲁,鲁国国君,在位前693-前662,父鲁桓公；母文姜；夫人哀姜；子子般、启（闵公）、申（僖公）；兄弟庆父、叔牙、季友,生于前706（关联E004'子同生'）；长勺却齐、乘丘败宋；娶仇家之女哀姜；薨后立嗣之争酿庆父之乱。姬姓，名同（鲁公室姬姓；alt_names'子同'为'子'加名，与名同相符）。,1,-706,-662,生于母孽父仇之间，长勺一胜而娶仇女；身后子般被弑，三桓格局萌于其世。
P_QIHUAN,齐桓公,小白;公子小白,姜,吕,小白,,齐,齐国国君、春秋首霸,在位前685-前643,父齐僖公；兄齐襄公诸儿；兄弟公子纠；姊妹文姜、宣姜；相管仲,襄公乱后自莒先入得国。本库本期仅收至前679鄄之会始霸，召陵、葵丘等霸业盛期另期展开。姜姓吕氏，名小白。,1,,-643,自莒先入得国，释射钩之怨相管仲；柯盟守信，鄄会始霸。
P_GUANZHONG,管仲,管夷吾;仲父,姬,管,夷吾,仲,齐,齐国国相,前686-前645,少与鲍叔牙善；先傅公子纠,奉纠奔鲁；《史记》叙其遮莒道射小白中钩；堂阜脱囚后相齐，霸政问对见《国语·齐语》。姬姓管氏，名夷吾，字仲（尊称仲父）。,1,,-645,鲁囚归齐，堂阜脱械而相桓公；作内政寄军令、通货积财，九合诸侯一匡天下，尊王攘夷；辞周室上卿之礼受下卿而还。孔子许其功「微管仲，吾其被发左衽矣」。
P_BAOSHUYA,鲍叔牙,鲍叔,,鲍,牙,,齐,齐国大夫,前686-前645前后,与管仲少相知；傅公子小白,预见齐乱奉小白奔莒；桓公反齐使为宰而辞相让贤；帅师来言迫鲁讨子纠、受管仲于堂阜脱其械——'管夷吾治于高傒，使相可也'。卒年无考（'前645前后'的下限系依《史记》管仲卒年与《吕览》病榻论相之说推及，属 T/S 层推定，非其卒年）。鲍氏，名牙（'叔'为行第，故《左传》单称'鲍叔'）；一说名叔牙（《史记》《管子》通称'鲍叔牙'），二说并存、本库 ming 仍取'牙'而存异说（medium）；《通志·氏族略》谓鲍氏出自姒姓（宋人郑樵说，非春秋当代材料），姓存疑故 xing 留空（medium）；字无考。,1,,,自莒奉小白而返、帅师请讨子纠、堂阜脱管仲之械而让相荐贤——管鲍之交与知人之明的原点。
P_SHAOHU,召忽,,,,忽,,齐,公子纠之傅,前686-前685,与管仲同傅公子纠,子纠死，召忽死之；与管仲之生构成士节对照。齐人（公子纠之傅），名忽；'召'或为氏，无确考；姓无考。,0,,-685,
P_ZIJIU,公子纠,子纠,姜,吕,纠,,齐,齐国公子,前686-前685,父齐僖公；与小白孰长有异说；傅管仲、召忽,奔鲁争位，乾时战后齐胁鲁杀之于生窦。齐公族姜姓吕氏，名纠（'子纠'为'子'加名）。,0,,-685,
P_CAOGUI,曹刿,曹沫（《史记》作曹沫）;曹子（《公羊传》作曹子）,,曹,刿,,鲁,鲁国士人、将领,前684-前671,,长勺论战'一鼓作气'与'辙乱旗靡'；谏庄公如齐观社。柯之盟劫桓公者《史记》作'曹沫'、《公羊传》作'曹子'、《穀梁传》径称'曹刿之盟'，须分层使用。曹氏，名刿；'刿''沫'音近，《穀梁传》庄公十三年以'曹刿之盟'系柯盟，是三传内证支持刿沫同一人说（medium）；亦有以长勺之刿与柯盟之沫为二人者，异说并存不作定论；一说其氏出曹国公族（姬姓），无确证，故 xing 留空。生卒年俱无考。,1,,,长勺一战以'一鼓作气''辙乱旗靡'定胜负，又以礼谏君勿观社——布衣论兵、以礼诤君的鲁国士人。
P_AIJIANG,哀姜,夫人姜氏,姜,,,,齐/鲁,齐公室女、鲁庄公夫人,前670-前660,齐公室女（具体世系通说不一）；夫鲁庄公；娣叔姜；与庆父私通,前670入鲁；牵入弑君之乱，齐人杀之于夷，丧至鲁在僖公元年。齐公室之女，姜姓；名无载（'哀'为谥，'姜'为姓）。,0,,-660,
P_QINGFU,庆父,共仲;仲庆父,姬,,,仲,鲁,鲁国公子、孟氏之祖,前693-前660,鲁桓公子；庄公兄弟；与哀姜私通,使圉人荦弑子般；后再弑闵公，事败缢死（本期仅收至子般之弑）。鲁桓公子，姬姓；字仲（称共仲、仲庆父），孟孙氏（仲孙氏）之祖；名无确考（'父'或为男子美称，旧说不一，故名留空）。,0,,-660,
P_JIYOU,季友,成季;公子友,姬,,友,,鲁,鲁国公子、季氏之祖,前693-前644,鲁桓公子；庄公弟,受庄公顾命奉子般；子般弑后奔陈，后返鲁定难立僖公。鲁桓公子，姬姓，名友；行季（称成季），季孙氏之祖。,0,,-644,
P_SHUYA,叔牙,僖叔,姬,,牙,,鲁,鲁国公子、叔孙氏之祖,前693-前662,鲁桓公子；庄公兄弟,问后时言'庆父材'，季友以君命使其饮鸩，'饮此则有后于鲁国'。鲁桓公子，姬姓，名牙；行叔（称僖叔），叔孙氏之祖。,0,,-662,
P_ZIBAN,子般,般;公子般,姬,,般,,鲁,鲁国嗣君,前662,父鲁庄公；母孟任,庄公薨后即位，两月内被庆父使圉人荦弑于党氏。姬姓，名般（'子般'为'子'加名）。,0,,-662,
P_XIPENG,隰朋,,姜,隰,朋,,齐,齐国大夫,前685-前645,,管仲临终所荐可任国政者；《史记》记与管仲同年前后卒。齐公族姜姓，隰氏，名朋（通说以王父字为氏，medium）。,0,,-645,
P_SHUDIAO,竖刁,寺人貂;竖貂,,,貂,,齐,齐国寺人、内宠,前650前后-前643后,,《左传》作寺人貂；桓公卒后与易牙因内宠杀群吏、立无亏。齐寺人（阉宦），名貂：《左传》作'寺人貂/竖貂'，后世《管子》《史记》作'竖刁/竖貂'，从左传作貂；'竖''寺人'为阉宦身份非姓氏；姓无考。,0,,,
P_YIYA,易牙,雍巫;狄牙,,,巫,,齐,齐国近幸、主膳,前650前后-前643后,,《左传》作雍巫，有宠于卫共姬；与寺人貂共乱齐。齐主膳近幸；《左传》作'雍巫'，'雍'为掌膳之职（雍人），'巫'为名，从左传；又称易牙、狄牙，'牙'或为字或为名，异说并存；姓氏无考。,0,,,
P_KAIFANG,开方,公子开方,姬,,开方,,卫/齐,卫公子、齐近幸,前650前后-前643后,,'三竖'并称见《管子》《史记》层；《左传》僖公十七年之乱未及其名。卫公子，卫公室姬姓，名开方。,0,,,
P_ZAIKONG,宰孔,周公宰孔,姬,,孔,,周,周王室卿宰,前651前后,,葵丘代王赐胙；先归遇晋侯，断言齐侯不务德而勤远略、其在乱乎。周王室姬姓，名孔；'宰'为太宰之官，称'周公'系采邑/爵称，非姓氏。,0,,,
P_QUWAN,屈完,,芈,屈,完,,楚,楚国大夫,前656,,召陵对齐桓：以德绥诸侯谁敢不服；方城为城，汉水为池。楚公族芈姓屈氏，名完（屈氏出楚武王子瑕封于屈）。,0,,,
P_WEIWEN,卫文公,公子燬;卫侯燬,姬,,燬,,卫,卫国国君,在位前659-前635,兄卫戴公；许穆夫人为其姊妹（通说）,狄灭卫后受诸侯封于楚丘；大布之衣、大帛之冠，务材训农，卫以中兴。姬姓，名燬（卫公室姬姓）。,0,,-635,
P_XUMU,许穆夫人,,姬,,,,卫/许,卫公室女、许穆公夫人、诗人,前660前后,卫公室女；通说戴公、文公之姊妹,闵卫之亡赋《载驰》；后世通说为文学史上最早留名的女诗人。卫公室之女，姬姓；名无载（'许穆'为夫许穆公之谥加国名，'姬'为其姓）。,0,,,
P_QIXI,齐僖公,禄父;禄甫;齐釐公,姜,吕,禄父,,齐,齐国国君,在位约前730-前698,父齐前庄公（购）；子齐襄公诸儿、齐桓公小白、公子纠；女文姜（嫁鲁桓公）、宣姜（嫁卫宣公，通说）；母弟夷仲年（公孙无知之父，未入库）,"齐前庄公之子。起在位年据《史记·齐世家》在位三十三年上推标medium；卒年前698据《春秋·桓公十四年》""齐侯禄父卒""为经文明证。诸子世系（襄公、桓公、纠及女文姜）见左传、史记；宣姜为其女属通说。夷仲年、齐前庄公未入库。姜姓吕氏，名禄父，《史记》一作'禄甫'（异文）；'釐/僖'为谥之异写。",1,,-698,齐前庄公之子，僖公一朝齐力渐张；亲送女文姜适鲁、乞师于郑而太子忽帅师救齐、两请以女妻忽，皆春秋前期齐鲁郑关系之枢；身后诸子襄公、桓公、纠相继争国。
P_JINWEN,晋文公,重耳;晋公子重耳;晋侯重耳,姬,,重耳,,晋,晋国国君（春秋五霸之一）,流亡前655-前636；在位前636-前628,父晋献公；母大戎狐姬；异母兄申生；异母弟夷吾（晋惠公）；舅狐偃；从亡股肱赵衰、先轸、介之推等；妻齐姜（齐女）、怀嬴（秦女·本库未单列）,骊姬之乱出奔在外十九年（历狄、卫、齐、曹、宋、郑、楚、秦），前636赖秦穆公之师入晋即位；勤王纳周襄王、城濮败楚、践土受策为侯伯，继齐桓为中原霸主。流亡问对多见《国语·晋语四》。姬姓，名重耳（晋公室姬姓，唐叔虞之后）。,1,,-628,晋文公重耳为骊姬之乱出亡十九年而返国即位者；勤王、城濮、践土三事奠其霸业，与齐桓并称。
P_JINXIAN,晋献公,晋侯诡诸;诡诸,姬,,诡诸,,晋,晋国国君,在位前676-前651,子太子申生、重耳（文公）、夷吾（惠公）、奚齐、卓子；夫人骊姬（嬖）,尽灭桓庄之族、假道灭虢灭虞而晋大；宠骊姬欲立奚齐，杀太子申生、逐重耳夷吾，酿骊姬之乱。《国语·晋语一》载卜伐骊戎史苏占辞。姬姓，名诡诸。,0,,-651,晋献公为春秋前期开疆之君，然废嫡宠嬖，骊姬之乱由其起。
P_LIJI,骊姬,,姬,,,,晋,晋献公夫人（嬖）,约前672前后-前651,夫晋献公；子奚齐；娣（妹）生卓子；所谮太子申生及重耳、夷吾,伐骊戎所得戎女；嬖于献公，欲立己子奚齐，谮杀太子申生、谮逐重耳夷吾。《史记·晋世家》载献公卒后骊姬被杀，《左传》无其死年，故死年留空。骊戎之女；通说骊戎为姬姓（杜预注），故'骊姬'之'姬'为姓（medium，另有异说）；名无载。,1,,,骊姬以嬖宠乱晋嫡庶，为骊姬之乱之谮主。
P_SHENSHENG,申生,共太子;晋太子申生,姬,,申生,,晋,晋太子,?-前656,父晋献公；母齐姜（献公所烝）；异母弟重耳、夷吾,晋献公嫡长太子；将下军、伐东山皋落氏而衣偏衣佩金玦，见疏。骊姬谮以弑父，申生曰君非姬氏居不安食不饱，不辩不奔，缢于新城（曲沃）。姬姓，名申生（'共'为谥，称共太子）。,0,,-656,申生以纯孝不辩而死，为骊姬之乱首罹其祸者。
P_JINHUI,晋惠公,夷吾;晋侯夷吾,姬,,夷吾,,晋,晋国国君,在位前650-前637,父晋献公；母小戎子；异母兄重耳（文公）；子太子圉（怀公）,骊姬之乱奔屈后奔梁；许秦河外五城赂而入立，既立而背之。韩原之战被秦所获，归而以太子圉质秦。《国语·晋语三》详其背赂闭籴。姬姓，名夷吾。,0,,-637,晋惠公背秦致韩原之败，为重耳返国前主晋政之弟兄敌手。
P_JINHUAI,晋怀公,子圉;圉;晋侯圉,姬,,圉,,晋,晋国国君,在位前637-前636,父晋惠公；质秦时妻怀嬴（秦女）,惠公太子；质于秦，弃怀嬴逃归；惠公卒立为怀公。秦怨其逃，纳重耳；重耳入晋，怀公出奔，被杀于高梁。在位不足一年。姬姓，名圉（'子圉'为'子'加名）。,0,,-636,晋怀公逃质背秦而失外援，旋为返国之重耳所杀。
P_HUYAN,狐偃,子犯;舅犯;咎犯,姬,狐,偃,子犯,晋,晋大夫（重耳母舅·从亡股肱）,约前656-前629前后,姊狐姬（重耳母），故为重耳母舅；兄狐毛；从亡诸臣之首,重耳从亡股肱，桑下谋行、五鹿受块之谏、河上授璧请由此亡皆其事；文公勤王、城濮多其谋。《国语·晋语四》问对多见。狐氏，名偃，字子犯（因重耳母舅称舅犯/咎犯）；狐氏通说为姬姓（唐叔之后别族于戎），姓标姬存疑（medium）。,0,,,狐偃为晋文公母舅兼首席谋臣，从亡与霸业之枢。
P_ZHAOCUI,赵衰,赵成子;成季;冬日之日,嬴,赵,衰,子余,晋,晋大夫（从亡股肱）,约前655-前622前后,从亡五贤之一；赵氏之祖,重耳从亡股肱，以文见长；秦享赋诗时子犯让其从、赞重耳拜赐。文公时任要职，赵氏由此显于晋。嬴姓赵氏，名衰（赵与秦同祖嬴姓）；字子余（通说，medium）；谥成（赵成子/成季）；'冬日之日'为喻非名号。,0,,,赵衰为从亡贤臣、赵氏晋卿之祖，以温文有礼见称。
P_JIEZHITUI,介之推,介推;介子推,,介,推,,晋,晋从亡之臣,约前636前后,从亡诸臣之一；母劝求禄不从而与之偕隐；耻子犯要市之功（《史记》层）,从重耳流亡；文公赏从亡而推不言禄、禄亦弗及，耻贪天之功以为己力，与母偕隐而死，文公求之不获、以绵上为之田。晋从亡臣，名推；'介'或为氏，'之'为语中助词，《史记》《庄子》《吕览》皆作'介子推'；姓无考；生卒年俱无考（'约前636前后'取《左传》僖公二十四年系年）。焚死之说今见最早出处为《庄子·盗跖》（战国末寓言层，见 T004/Q227），《左传》僖二十四、《史记·晋世家》正文俱无焚山文；寒食禁火与介之推挂钩更在汉魏以后，皆属传说层，本库不为其立编年事件。,1,,,介之推以不言禄偕母隐去成千古清介之典，寒食之传说由此附会。
P_XIANZHEN,先轸,原轸,,先,轸,,晋,晋中军将（城濮主帅）,约前633-前627,受知于晋文公；城濮之战中军将,晋文公作三军后为中军将；城濮定谋报施救患、取威定霸，执宛春、携曹卫以怒楚，晋遂大胜。（卒于前627翟战·出本库时段）。晋之先氏，名轸；食邑于原故亦称原轸；姓无确考。,0,,,先轸为城濮之战主帅与谋主，晋霸军事之首功。
P_XIFUJI,僖负羁,,,,负羁,,曹,曹国大夫,约前638前后,妻知人（言从者皆足以相国）；馈重耳者,曹大夫；重耳过曹见观骈胁之辱，负羁从妻言，馈盘飧而置璧其下，重耳受飧反璧。城濮前晋令无入僖负羁之宫以报其惠。曹大夫，名负羁；'僖'或为谥，一说'负'为氏；曹为姬姓然其世系不明，姓不敢定，故从阙。,0,,,僖负羁夫妇于重耳落魄时独识而礼之，后受晋报德之免。
P_QIJIANG,齐姜,,姜,,,,齐/晋,晋文公夫人（齐女）,约前644前后,夫晋公子重耳；齐桓公所妻之宗女,重耳至齐所娶。重耳安齐无去志，齐姜杀泄谋之蚕妾、勉以怀与安实败名，与子犯谋醉而遣之，成其复国之行。齐女（齐桓公以宗女妻重耳），姜姓；'齐姜'之'姜'即其姓；名无载。,0,,,齐姜以醉遣决重耳去就，为流亡转机之关键女性。
P_QINMU,秦穆公,秦伯任好;任好,嬴,,任好,,秦,秦国国君,在位前659-前621,夫人穆姬（晋献公女）；相百里奚、谋臣蹇叔、将孟明视；纳晋惠公、晋怀公之质、晋文公,先纳夷吾（惠公）而遭背赂，韩原俘之；怀公逃质，遂纳重耳、归女五人成秦晋之好，以师送其入晋；泛舟输粟济晋、崤败复用孟明、封殽尸而霸西戎。秦地雍城超出本库底图西界。嬴姓，名任好（秦公室嬴姓，与赵同祖；秦君习不称氏，氏从阙）。,1,,-621,秦穆公三置晋君、成文公之霸；泛舟济晋之厚、崤之战之创、封殽尸霸西戎之奋，秦晋之好与怨皆系其手；卒以三良为殉，君子讥焉。
P_CHUCHENG,楚成王,楚子恽;熊恽,芈,熊,恽,,楚,楚国国君,在位前671-前626,父楚文王（未入库）；兄堵敖（弑之而立·未入库）；令尹子元、子文、子玉；太子商臣（弑之而立穆王）；享重耳者；城濮之战楚方之君,弑兄堵敖代立、布德结好受天子胙；令尹子元伐郑、连年服郑，泓之战败宋襄公而北向争霸；享流亡重耳纳退避三舍之诺；城濮退居于申、使子玉将而败。晚年欲废太子商臣改立王子职，反为商臣以宫甲围逼，请食熊蹯不许而缢。楚都郢超出本库底图南界。楚公室芈姓熊氏，名恽（楚君以熊为氏）。,1,,-626,楚成王北向争霸四十六年——伐郑服郑、泓败宋襄、城濮受挫于晋，享重耳而显器量；终以废立之谋见弑于太子商臣，「熊蹯」一缢而世止。
P_ZHOUXIANG,周襄王,周王郑;襄王,姬,,郑,,周,周天子,在位前651-前619,弟王子带（叔带·作乱者）；赖晋文公勤王复位,王子带之难出居郑氾，赖晋文公勤王杀带而复位，赐晋阳樊、温、原、攒茅之田；城濮后策命晋侯为侯伯。周王室姬姓，名郑。,0,,,周襄王赖晋勤王复位、策晋为伯，尊王与霸政相成之天子。
P_ZHENGWU,郑武公,掘突;姬掘突;武公,姬,,掘突,,郑,郑国国君、周平王卿士,在位前770-前744,父郑桓公友；夫人武姜（申女）；子郑庄公寤生、共叔段,郑桓公友之子；娶申女武姜生庄公、段；承父东迁灭郐取虢奠郑立国之基。卒年前744据《史记·郑世家》武公二十七年。姬姓，名掘突（郑公室姬姓，桓公友之后；'武'为谥）。,0,,-744,承父东迁之业，娶申武姜以固姻援，灭郐取虢奠郑立国之基；然武姜爱段，诸子争位之患已伏于其世。
P_YONGJIU,雍纠,雍氏,,雍,纠,,郑,郑大夫（郑厉公党）,春秋早期（约前697）,妻雍姬（祭仲女）；岳父祭仲；受郑厉公使,郑厉公母雍姞之族党；受厉公命将杀岳父祭仲于郊，谋泄于妻雍姬，反为祭仲所杀，尸诸周氏之汪。雍氏，名纠；姓无确考故留空。,0,,-697,受厉公之命图杀岳父祭仲，谋泄反被杀——郑厉公首次去祭仲之败局的牺牲者。
P_YONGJI,雍姬,,,,,,郑,祭仲之女、雍纠之妻,春秋早期,父祭仲；夫雍纠,祭仲之女、雍纠之妻。夫将杀父，问母「父与夫孰亲」，母曰「人尽夫也，父一而已，胡可比也」，遂以谋告父，父杀其夫。称「雍姬」从夫氏雍；父祭仲姓无确考，故姓留空。,0,,,「人尽夫也」典故中人；于父与夫之间择父告变，成祭仲得免、郑厉公首败之枢。
P_BAILIXI,百里奚,百里傒;五羖大夫;井伯,,百里,奚,,虞/秦,秦国上大夫（相）,约前655-前630前后,友蹇叔（所举）；子孟明视（通说）；相秦穆公,本虞大夫，晋灭虞被虏、为秦穆姬媵臣入秦，亡走宛，秦以五羖羊皮赎之授国政，故号「五羖大夫」——五羖赎、举蹇叔属《史记·秦本纪》叙事层（后出）；《左传·僖公十三年》「谓百里」及「百里孟明视」为其在秦及其子之明证。百里氏，名奚（傒）；姓无确考故留空；字井伯系一说（medium）。,0,,,由虞入秦之贤臣，「五羖大夫」之称脍炙人口；相秦穆公、举蹇叔，佐成秦晋之好与霸西戎之基，然崤之败其子孟明视亦与焉。
P_JIANSHU,蹇叔,,,蹇,,,秦,秦国上大夫（谋臣）,约前655-前627后,友百里奚（百里奚所举）；谏秦穆公袭郑（蹇叔哭师）,百里奚所举，秦穆公以厚币迎为上大夫；崤之战前谏「劳师袭远」不听，哭师预言败于殽，其子与师而死焉。蹇氏；名、字无确考（「叔」或为行第）；举于百里奚事见《史记·秦本纪》（后出层），哭师见《左传·僖公三十二年》。,0,,,秦之老成谋臣，「蹇叔哭师」谏袭远而不见听，崤败果如其言；老臣先见与穆公刚愎相形。
P_MENGMING,孟明视,百里孟明视;孟明,,百里,视,孟明,秦,秦国将领（崤之战主帅）,约前627-前624后,父百里奚（通说）；将秦师于崤、王官,崤之战秦军主帅，与西乞术、白乙丙（合称三帅）被晋俘，后释归；穆公不替、复用之，济河焚舟、封殽尸雪耻。「百里孟明视」见《左传·僖公三十二年》；为百里奚子系通说（medium）。百里氏，名视，字孟明。,0,,,崤之败的秦军统帅，一败被俘、再败于彭衙，终以济河焚舟雪崤耻；穆公「不以一眚掩大德」而复用之，成秦霸西戎之将。
P_SONGXIANG,宋襄公,宋公兹甫;兹甫;兹父,子,,兹甫,,宋,宋国国君,在位前650-前637,父宋桓公御说；庶兄目夷（子鱼）为左师；受齐桓公所属而纳立齐孝公；泓之战败于楚成王；赠流亡重耳马二十乘,齐桓公卒后欲继霸、图会诸侯；泓之战「不鼓不成列」为楚所败、伤股，次年卒。曾赠过宋之晋公子重耳马二十乘。子姓（宋为商后子姓），名兹甫（《春秋》经作兹父）；「仁义」之讥与守礼之称并存。太子时固请让国于其兄目夷（僖八·E170）；即位以目夷为左师听政、居丧未葬而以「宋子」与葵丘之会（僖九·E171/E071）。齐桓公与管仲尝属太子昭于襄公（僖十七），故桓公卒后以诸侯伐齐、败齐师于甗而立孝公（僖十八·E172）。继霸之图三见：曹南之盟使邾文公用鄫子于次睢之社以属东夷、子鱼力谏（僖十九·E173）；鹿上之盟求诸侯于楚（僖二十一·E174）；秋会于盂为楚所执（E134）。泓之战伤股（僖二十二·E111），越半岁而卒（僖二十三·E175）。,1,,-637,齐桓之后图霸而力不逮者：让国于庶兄目夷而立，纳齐孝公以张宋势；然用鄫子于次睢之社之暴与泓水「不鼓不成列」之礼并见于一身，伤股逾岁而卒。子鱼屡谏先见其祸而终不见听；曾厚赠落魄之重耳，其识与其败俱在。
P_ZIYU,子玉,成得臣;得臣,芈,成,得臣,子玉,楚,楚国令尹（城濮楚军主帅）,约前637-前632,令尹于楚成王；子文所荐；城濮败于晋文公；过楚时请杀重耳,子文所荐继为令尹，刚而无礼；城濮之战将楚中军败绩，成王使责，自杀于连谷。过楚时曾请楚成王杀晋公子重耳，成王不许。楚公族芈姓成氏，名得臣，字子玉。,0,,-632,楚令尹、城濮楚军主帅；刚愎自用，兵败连谷自杀，晋文公闻之乃喜「莫余毒也已」——令尹线由盛转顿之人。
P_SHANGCHEN,商臣,楚穆王;熊商臣,芈,熊,商臣,,楚,楚国太子、后为楚穆王,约前637-前614（在位前626-前614）,父楚成王（弑之自立）；令尹子上（言其蜂目豺声）,楚成王太子，成王欲改立王子职而黜之，商臣以宫甲围成王，王请食熊蹯不许而缢，商臣立，是为楚穆王。谥父「灵」不瞑、「成」乃瞑。楚公室芈姓熊氏，名商臣。,0,,-614,弑父自立之楚穆王；「熊蹯」一缢，令尹子上「蜂目豺声」之相言果验，楚成王一世止于其手。
P_ZIWEN,子文,斗谷於菟;斗榖於菟;斗子文,芈,斗,谷於菟,子文,楚,楚国令尹,约前664-前637前后,令尹于楚成王；荐子玉自代,楚令尹，「毁家纾难」（自毁其家以纾楚国之难）见《左传·庄公三十年》；荐成得臣（子玉）自代。楚公族芈姓斗氏，名谷於菟（传「楚人谓乳谷、谓虎於菟」，虎所乳故名），字子文。卒年-637：约估，据宣公四年追叙推定，medium。,0,,-637,楚之贤令尹，毁家纾难、后世称其三仕三已无喜愠色；荐子玉自代为令尹线一转，然子玉终败城濮。
P_ZHUZHIWU,烛之武,,,,武,,郑,郑国大夫,约前630,佚之狐所荐；夜说秦穆公退师,秦晋围郑，佚之狐荐之，夜缒出见秦伯，以「亡郑陪邻、邻厚君薄」说退秦师，郑围遂解。「烛之武」之「烛」或为邑名／氏，名武；姓氏无确考。事见《左传·僖公三十年》。,0,,,郑之辩士，一夕夜缒说秦，「邻之厚、君之薄也」离间秦晋而退强师、存郑于危亡——春秋辞令之典范。
P_XIANGAO,弦高,,,弦,高,,郑,郑国商人,约前627,矫郑君命犒秦师（孟明视）以纾郑难,郑商人，将市于周，遇东袭之秦师于滑，以乘韦先、牛十二矫郑君命犒师，使秦知郑有备而不敢袭，郑得预备。事见《左传·僖公三十三年》。「弦」或为氏，名高；姓无确考。,0,,,郑之行商，途遇秦师而急中矫命犒师、纾国于将亡——布衣存郑，与烛之武先后辉映。
P_JINXIANGGONG,晋襄公,晋侯欢;姬欢;驩,姬,,欢,,晋,晋国国君,在位前627-前621,父晋文公；崤之战墨衰绖败秦师、俘三帅,晋文公子，继霸；崤之战墨衰绖（染黑丧服）督战，败秦师、俘孟明视等三帅，后从文嬴请释之，先轸怒唾。姬姓，名欢（一作驩）。,0,,-621,承文公之业的晋襄公；崤之战墨衰绖破秦、俘三帅而复纵之，晋秦由好转仇于其世。
P_MUJI,穆姬,秦穆姬;穆夫人;伯姬,姬,,,,晋/秦,秦穆公夫人（晋献公女）,约前656-前620前后,父晋献公；夫秦穆公；弟晋惠公、晋文公（异母）；韩原请以死赎晋侯,晋献公女、秦穆公夫人（通说太子申生同母姊·齐姜所生）。韩原之战晋惠公被俘，穆姬闻晋侯将至，登台履薪、率子女衰绖，请以死赎晋侯，穆公乃改馆而礼之、终归晋侯。姬姓（晋公室），名无载（「穆」从夫谥，一称伯姬）。,1,,,秦穆公夫人、晋献公女；韩原之役登台履薪、请以死赎其弟晋惠公，成秦释晋侯之关键——秦晋之好中的枢纽女性。
P_ZIYUAN,子元,令尹子元;王子元,芈,,,,楚,楚国令尹,约前672-前664,令尹于楚成王；伐郑（桔柣之门）,楚武王子、文王弟、成王之叔，成王初为令尹。《左传·庄公二十八年》载其欲蛊文夫人（息妫）、以车六百乘伐郑入桔柣之门而郑县门不发、楚师夜遁；前664（庄三十年）以乱被杀，子文继为令尹。楚公室芈姓；「子元」为称，名字无确考。,0,,-664,楚成王初之令尹，六百乘伐郑而无功夜遁；后以宫闱之乱被杀，令尹之位由子文继之——楚令尹线之开端人物。
P_CHUZHUANG,楚庄王,楚子旅;熊侣;熊旅;荆庄王,芈,熊,侣,,楚,楚国国君（春秋五霸之一）,在位前613-前591,父楚穆王商臣；令尹孙叔敖、子越椒；弟子重、子反；主战之臣伍参；谏臣申叔时、申公巫臣,楚穆王商臣之子。即位三年不出号令（「一鸣惊人」见史记楚世家、韩非子喻老之说部／后出层，左传无此文）；灭庸、问鼎周疆、灭若敖氏、邲之战大败晋、围宋而纳华元之告，遂霸中原。芈姓熊氏，名侣（《春秋》宣十八经作「旅」，异文；一作熊侣）。宣公十一年为陈夏氏乱故伐陈、入陈杀夏徵舒、因县陈，申叔时以「牵牛蹊田而夺其牛」之喻谏之，王曰「善哉！吾未之闻也」，乃复封陈（E178）；同年议纳夏姬，申公巫臣谏而止，遂以夏姬予连尹襄老（E179，《左传》成公二年追叙）。,1,,-591,楚庄王一鸣惊人而霸中原：问鼎洛邑、灭若敖氏、邲之战破晋、围宋纳华元之困；用孙叔敖之治、纳「止戈为武」之德，为春秋五霸中楚之极盛。
P_SUNSHUAO,孙叔敖,蒍敖;蒍艾猎;蒍孙叔,芈,蒍,敖,孙叔,楚,楚国令尹,约前601-前593前后,令尹于楚庄王；邲之战主进,楚令尹，施教导民、期思芍陂水利之绩多见后世；《史记·循吏列传》列为循吏之首（汉综合叙事层·medium）；《左传·宣公十二年》邲之战为令尹主进「宁我薄人无人薄我」（骨架层）。芈姓蒍氏，名敖（一作艾猎），字孙叔（名字异说并存）。,0,,,楚之贤令尹、循吏典范；三月为相而国大治，期思芍陂惠泽后世，邲战主进破晋——庄王霸业之文武辅弼。
P_WANGSUNMAN,王孙满,,姬,王孙,满,,周,周大夫,前606前后,劳楚子而对问鼎（周臣对楚君）,周定王大夫；楚庄王观兵周疆问鼎轻重，满对「在德不在鼎」「周德虽衰、天命未改，鼎之轻重未可问」。周王室姬姓，王孙氏，名满。,0,,,以「在德不在鼎」折楚庄王问鼎之志的周大夫；一对而尊王之义昭然，春秋辞令之名篇。
P_ZIYUEJIAO,子越椒,斗椒;斗越椒;伯棼,芈,斗,椒,子越,楚,楚国令尹（若敖氏）,前605前后,令尹于楚庄王后作乱；族叔子文（预言其灭若敖）,楚若敖氏、司马子良之子；令尹子文以其「熊虎之状、豺狼之声」谏杀不听，预言其必灭若敖氏。宣四年作乱、与庄王战于皋浒，为庄王所灭，若敖氏遂亡。芈姓斗氏，名椒，字子越（一称伯棼）。,0,,-605,若敖氏之末令尹；子文「必灭若敖」之预言应于其身，皋浒一战族灭，为庄王稳固内政之枢。
P_WUCAN,伍参,,,伍,参,,楚,楚国大夫（庄王嬖臣）,前597前后,庄王主战之臣；与孙叔敖议战,楚庄王嬖臣；邲之战楚欲退，伍参力主战（「晋之从政者新、其令不行」），说庄王与晋战而大胜。伍举之父、伍子胥之曾祖。伍氏，名参；姓无确考故留空。,0,,,邲之战力排退议、主战而成楚胜的庄王嬖臣；伍氏入楚之显祖，下启伍举、伍子胥一门。
P_ZICHONG,子重,公子婴齐;婴齐,芈,,婴齐,子重,楚,楚国将、后为令尹,前597-前570前后,兄楚庄王（庄王弟）；邲之战将左军；与子反同杀申公巫臣之族,楚穆王子、庄王弟；邲之战将左军；后于共王时为令尹（出本库时段）。成公七年与子反杀巫臣之族子阎、子荡、清尹弗忌及襄老之子黑要而分其室，子重取子阎之室；巫臣自晋遗书「余必使爾罷於奔命以死」，遂请使于吴、教吴叛楚，吴始伐楚伐巢伐徐、马陵之会吴入州来，子重自郑奔命，与子反一岁七奔命（E183、E184）。楚公室芈姓，名婴齐，字子重（公子习称姓不称氏，shi 留空）。,0,,,庄王之弟、邲战楚左军之将；后为共王令尹，楚公族用事之重臣（本库仅收其庄王时事及成公七年一岁七奔命一条）。
P_ZIFAN,子反,公子侧;侧,芈,,侧,子反,楚,楚国司马、将,前597-前575前后,兄楚庄王（庄王弟）；邲之战将右军；围宋被华元夜登其床；与子重同杀申公巫臣之族,楚穆王子、庄王弟；邲之战将右军；围宋时华元夜入登其床告困，惧而许退师。后于共王鄢陵之役（出本库时段）。成公二年追叙：楚讨陈夏氏后欲取夏姬，申公巫臣谏「是不祥人也」而止（E179）；成公七年与子重杀巫臣之族而取黑要与清尹之室，巫臣自晋遗书誓「使爾罷於奔命以死」，其后通吴教战，子重、子反一岁七奔命（E183、E184）。楚公室芈姓，名侧，字子反。,0,,,庄王之弟、邲战楚右军之将；围宋之役夜为华元登床所慑而许退，「易子而食」一幕之楚方当事人。
P_HUAYUAN,华元,,子,华,元,,宋,宋国右师、执政,前595-前573前后,夜登子反之床（围宋）；宋楚平后为质,宋国执政大夫；楚围宋九月，华元夜入楚师登子反之床，以「易子而食、析骸以爨」告困而不屈，说楚退师三十里、宋楚平，己身入楚为质。宋公室子姓华氏，名元。,0,,,宋之执政；围城绝境夜登敌帅之床、以实告困而全宋，「城下之盟有以国毙不能从」，弱国重臣之风骨。
P_SHENZHOU,申舟,文之无畏;无畏;申无畏,,,舟,,楚,楚国大夫,前595,奉庄王命使齐过宋遇害（围宋之因）,楚大夫；庄王使其聘齐、命勿假道于宋，宋以「过我而不假道，鄙我也」杀之，庄王投袂而起遂围宋。名舟（一称无畏、文之无畏、申无畏，以申邑为称）；姓氏无确考故留空。,0,,-595,奉庄王必不假道之命而故意犯宋、以身激战端者；其死为围宋之直接导火索。
P_XUNLINFU,荀林父,中行桓子;中行伯,姬,荀,林父,,晋,晋中军将（邲之战主帅）,前597前后,邲之战晋中军将（对楚庄王败）；其佐先縠违命,晋中军将、中行氏之祖；邲之战为主帅，先縠违命擅济，晋师进退失据大败于邲，林父请死、晋景公赦之。晋之荀氏（中行氏），姬姓，名林父。,0,,,邲之战晋军主帅；号令不行于先縠而致大败，然「进思尽忠」得赦，晋霸中衰之节点人物。
P_SHIHUI,士会,随会;范会;随武子;士季,,士,会,季,晋,晋上军将,前615-前592前后,邲之战晋上军将（谏而备·独全军而退）,晋上军将、范氏／随氏之祖；邲之战预谏晋不可轻战，戒备完整故上军独不败而全师以退。后为晋中军将执政（出本库时段）。士氏，名会，字季（谥武子；随、范为食邑之氏）；姓无确考（一说祁姓）故留空。,0,,,晋之贤卿、范氏之祖；邲战独全上军、料敌先备，与先縠之刚愎相形，晋政后归其手（本库仅收邲战）。
P_XIANGU,先縠,彘子;原縠,,先,縠,,晋,晋中军佐,前597-前596,邲之战违荀林父之命擅济致败,晋先氏（先轸之后）、中军佐；邲之战违主帅荀林父之命、擅以中军佐济河（「闻敌强而退非夫也」），晋师因之败绩。次年（前596）以召狄伐晋事发，晋杀先縠、灭其族。先氏，名縠（一称彘子、原縠）；姓无确考故留空。,0,,-596,以刚愎违命致邲之败的晋中军佐；先轸之后而反噬其军，次年族灭，「违命」之诫的典型。
P_ZHUANGJIANG,庄姜,卫庄姜,姜,,,,齐/卫,齐女、卫庄公夫人、《硕人》所咏,约前757-前719,父齐前庄公（购·未入库）；兄齐东宫得臣（未入库）；夫卫庄公；养子卫桓公完（戴妫所生）；恶庄公嬖子州吁,齐东宫得臣之妹（左传隐三），卫庄公正夫人。美而无子，卫人赋《硕人》以美之；养戴妫之子完（桓公）为己子。姜姓（齐为姜姓），名无载（「庄」从夫谥卫庄公，「姜」即其姓）。《燕燕》毛序谓庄姜送归妾，属传统阐释异说，非史实。作为承受者与行动者：无子而立养、恶州吁而不能救桓公之弑。,1,,,齐女、卫庄公夫人；貌美无子而养桓公为己子，卫风《硕人》咏其盛容——卫国宫闱悲剧之开篇人物。
P_XUANJIANG,宣姜,卫宣姜,姜,,,,齐/卫,齐僖公女（通说）、卫宣公夫人,约前718-前660前后,父齐僖公（通说）；姊妹文姜；本为急子所聘（卫宣公纳之·新台）；夫卫宣公；子公子寿、卫惠公朔；后为齐人强昭伯所烝，生戴公、文公、宋桓夫人、许穆夫人,齐僖公之女（通说，与文姜姊妹），本为卫宣公之子急子所娶之齐女，宣公筑新台于河上而自纳之，生寿及朔。宣公卒惠公朔立后，齐人强昭伯（宣公庶子公子顽）烝于宣姜，生五子。姜姓（齐女），名无载（「宣」从夫谥卫宣公，「姜」即其姓）。《新台》《二子乘舟》属邶风舆论层。她既是被夺（新台）、被强（烝昭伯）之承受者，亦为构急子之行动者——不作女祸论断。,1,,,齐僖公女、卫宣公夫人；新台见夺、寿朔争死、再烝昭伯而生戴文与许穆夫人——一身系卫国两代祸乱与中兴血脉。
P_XIGUI,息妫,文夫人;息夫人,妫,,,,陈/息/楚,陈女、息侯夫人、后为楚文王夫人（文夫人）,约前684-前666后,父陈君（未入库）；姊嫁蔡哀侯；夫息侯；后夫楚文王；子堵敖、楚成王；令尹子元欲蛊之,陈女（陈为妫姓，舜后），息侯夫人。将归息过蔡，蔡哀侯止而弗宾，息侯怒而借楚败蔡（莘之役）；楚文王遂灭息、以息妫归，生堵敖及成王，三年不言，对曰「吾一妇人而事二夫，纵弗能死，其又奚言」（左传庄十四明文）。入楚称文夫人；子元振万于宫而泣责之。妫姓（陈为妫姓），名无载（「息」从前夫息侯之国，又称「文夫人」从后夫楚文王之谥）。后世俗称桃花夫人属说部艳说层，非左传。其「一妇事二夫」之答见承受者之痛与主体之言。,1,,,陈女、息侯夫人而终归楚文王；「一妇事二夫」之答、「三年不言」与子元振万泣对皆见左传——其实相在史，非后世艳说。
P_WEIZHUANG,卫庄公,卫侯扬;庄公扬,姬,,扬,,卫,卫国国君,在位前757-前735,夫人庄姜（无子）；娶陈女厉妫、戴妫；子桓公完（戴妫生）、公子晋（宣公）；嬖人子州吁,卫国国君。娶齐庄姜美而无子，又娶陈厉妫、戴妫，戴妫生完（桓公）。嬖人之子州吁有宠好兵而弗禁，石碏谏不听，为祸乱之源。姬姓（卫为姬姓，康叔之后），名扬（史记卫世家庄公扬）。,0,,-735,卫庄公宠嬖子州吁而弗禁、石碏之谏不听，身后州吁弑桓——卫国宫闱之乱由其养恶而起。
P_WEIHUAN,卫桓公,卫侯完;桓公完,姬,,完,,卫,卫国国君,在位前734-前719,父卫庄公；生母陈戴妫；养母庄姜（以为己子）；异母弟公子晋（宣公）；嬖弟州吁（弑之者）,卫庄公与陈戴妫之子，庄姜养以为己子。石碏尝谏庄公抑州吁不听；桓公立十六年，州吁弑之自立。姬姓，名完。,0,,-719,卫桓公完，庄姜养为己子；立十六年而为嬖弟州吁所弑，卫乱自此起。
P_ZHOUYU,州吁,公子州吁;卫州吁,姬,,州吁,,卫,卫国公子、弑君者,?-前719,父卫庄公；生母庄公嬖人；异母兄卫桓公（弑之）；庄姜恶之,卫庄公嬖人之子，有宠好兵，庄姜恶之，石碏谏庄公「宠而不骄……阶之为祸」不听。前719弑桓公自立，欲以伐郑求宠于诸侯而不能和其民；石碏借陈执之，杀州吁于濮，是谓「大义灭亲」。姬姓（卫公室），名州吁。,0,,-719,卫庄公嬖子，弑兄桓公自立而不能定其位；石碏大义灭亲诛之于濮——春秋初弑君速亡之典型。
P_WEIXUAN,卫宣公,卫侯晋;宣公晋,姬,,晋,,卫,卫国国君,在位前718-前700,父卫庄公；兄卫桓公；烝夷姜生急子；为急子娶齐女宣姜而自纳之，生寿、朔（惠公）；庶子公子顽（昭伯）,卫桓公异母弟。烝父妾夷姜生急子（伋）；为急子娶于齐而美，筑新台于河上自取之，生寿及朔。与宣姜、公子朔构杀急子、寿。姬姓，名晋（史记卫世家宣公晋）。烝、纳皆春秋礼法所讥之婚俗，此从中性史语记之，不作道德复述。,0,,-700,卫宣公烝庶母、夺子妇、构杀二子——新台之丑与寿朔之难皆其所酿，卫室伦纪扫地。
P_JIZI,急子,伋;世子伋,姬,,伋,,卫,卫太子,?-约前701,父卫宣公；生母夷姜；本所聘齐女宣姜为父所夺；异母弟公子寿、公子朔（惠公）,卫宣公烝夷姜所生，立为太子（属诸右公子）。父为之娶齐女宣姜而自纳之。宣姜与朔构之，宣公使急子如齐、使盗待诸莘将杀之；寿子窃其旌先行代死，急子至曰「我之求也，此何罪」，亦见杀。姬姓，名伋（一作急）。系年据史记宣公末年约前701，卒年不确故留空。,0,,,卫太子伋，父夺其妻复构杀之；寿弟代死而伋不苟免，兄弟俱亡于莘——《二子乘舟》所哀者。
P_SHOUZI,寿子,公子寿;寿,姬,,寿,,卫,卫国公子,?-约前701,父卫宣公；母宣姜；同母弟公子朔（惠公）；异母兄太子急子（代之死）,卫宣公与宣姜之子，属诸左公子。知父遣盗杀急子，告急子使行，急子不可；寿子窃载其旌以先，盗杀之；急子继至亦死。姬姓，名寿。系年约前701，卒年不确故留空。,0,,,卫公子寿，窃兄之旌代死于莘——争死以全兄弟之义，春秋悌行之极。
P_WEIHUI,卫惠公,卫侯朔;惠公朔;公子朔,姬,,朔,,卫,卫国国君,在位前699-前696、前688-前669,父卫宣公；母宣姜；同母兄公子寿；异母兄太子急子（与宣姜构杀之）；同母异父弟戴公、文公（昭伯宣姜所生）,卫宣公与宣姜之子。与宣姜构杀太子急子及兄寿而得立为惠公。二公子（左、右公子）怨之，立公子黔牟，惠公奔齐；后齐襄公纳之复入。姬姓，名朔。,0,,-669,卫惠公朔，构杀兄嫡而得国；旋为二公子所逐奔齐，赖齐纳而复位——宣姜之谋所立、卫乱之续。
P_ZHAOBO,昭伯,公子顽;卫昭伯,姬,,顽,,卫,卫国公子,约前694前后,父卫宣公；异母弟卫惠公朔；齐人强其烝庶母宣姜，生齐子、戴公、文公、宋桓夫人、许穆夫人,卫宣公庶子（公子顽）。惠公即位少，齐人使昭伯烝于宣姜，不可，强之，生齐子、戴公、文公、宋桓夫人、许穆夫人（左传闵二）。烝为收继父辈配偶之婚俗，此从中性史语记之。姬姓，名顽（谥昭，称昭伯）。,0,,,卫公子顽，齐人强其烝宣姜；所生戴公、文公中兴卫祀，许穆夫人赋载驰——卫室血脉之所承者。
P_XIHOU,息侯,,姬,,,,息,息国国君,?-前680前后,夫人息妫（陈女）；连襟蔡哀侯（俱娶于陈）；借楚败蔡（莘之役）；为楚文王所灭,息国国君。息妫将归过蔡，蔡侯弗宾，息侯怒，请楚文王伪伐息、蔡救则楚击之，遂有莘之役楚获蔡哀侯。后蔡哀侯以莘怨绳息妫于楚，楚文王如息灭之。息为姬姓国（通说），名无载。灭国后事左传无明文，卒年留空。,0,,,息国之君，因妻过蔡之辱借楚兵败蔡；终引楚灭息、夺其妻——以私忿召亡国之祸。
P_CHUWEN,楚文王,楚子赀;熊赀,芈,熊,赀,,楚,楚国国君,在位前689-前677,父楚武王（未入库）；弟令尹子元；夫人息妫（灭息所纳）；子堵敖、成王（息妫生）；败蔡于莘、灭息、入蔡,楚武王之子、成王之父。莘之役败蔡获蔡哀侯，灭息以息妫归，又以妫故入蔡。左传庄十四载息妫「一妇人事二夫」之答、生堵敖成王于是。芈姓熊氏，名赀（史记楚世家文王熊赀）。本库因息妫线补入，为最小背景。,0,,-677,楚文王熊赀，北向经营汉淮——莘败蔡、灭息纳妫、以妫故入蔡，息妫一门悲欢皆系其手；楚成王之父。
P_CAIAI,蔡哀侯,蔡侯献舞;哀侯献舞,姬,,献舞,,蔡,蔡国国君,在位前694-前675,夫人陈女（息妫之姊）；连襟息侯；止息妫而弗宾（远祸之端）；莘之役为楚所获；以莘怨绳息妫于楚,蔡国国君，娶于陈（息妫之姊）。息妫过蔡，哀侯以「吾姨也」止而弗宾，激息侯借楚；莘之役楚败蔡师，获哀侯以归。哀侯以此怨，绳美息妫以语楚文王，遂致楚灭息、入蔡。留楚九年而卒（史记）。姬姓（蔡为姬姓），名献舞。,0,,-675,蔡哀侯献舞，因见姨弗宾而结息怨、致莘之败与身俘于楚；复以言激楚灭息入蔡——一言丧邦之戒。
P_MUYI,目夷,子鱼;司马子鱼;公子目夷,子,,目夷,子鱼,宋,宋国左师、司马,前652-前638前后,宋桓公子、宋襄公庶兄；为左师听政，泓之战为司马,宋桓公御说之子、襄公之兄。僖公八年太子兹甫请立之「目夷长且仁」，公命之而固辞「能以国让，仁孰大焉」；僖公九年襄公即位「以公子目夷为仁，使为左师以听政，于是宋治，故鱼氏世为左师」。历谏用鄫子于次睢之社（僖十九）、鹿上求诸侯于楚（僖二十一）、盂之会（僖二十一）、泓之战（僖二十二），皆先见其祸而不见听。子姓，名目夷，字子鱼；鱼氏出其字，为其后世之氏，本人不系氏，故 shi 留空。「庶兄」之称据《史记·宋微子世家》，《左传》仅书其「长」。生卒年无经传明文。,0,,,宋襄公之庶兄而宋之左师；一让国、屡谏而不见听，泓水「君未知战」一席论战，为春秋兵礼之变最清醒的旁证。
P_SONGHUAN,宋桓公,宋公御说;御说,子,,御说,,宋,宋国国君,在位前681-前651,宋襄公与目夷之父,宋国国君，前681年立。《春秋》僖公九年经「三月丁丑，宋公御说卒」。晚年疾，太子兹甫固请让国于其兄目夷，公命子鱼，子鱼辞而走退（《左传》僖公八年）。在位期间宋为齐桓公霸业之与盟国，僖公八年尝与王人、齐侯等盟于洮（E070）。子姓，名御说，「桓」为谥。,0,,-651,宋襄公之父；临终一场让国之请，父子兄弟俱以仁相推，宋襄「仁义」之名自此立基。
P_QIXIAOGONG,齐孝公,齐侯昭;公子昭;太子昭,姜,吕,昭,,齐,齐国国君,在位前642-前633,齐桓公之子；奔宋而由宋襄公纳立,齐桓公与郑姬之子。《左传》僖公十七年「郑姬，生孝公」「公与管仲属孝公于宋襄公，以为大子」；桓公卒，易牙与寺人貂因内宠杀群吏而立公子无亏，「故孝公奔宋」（E074）。前642 宋襄公以诸侯伐齐，齐人杀无亏，宋败齐师于甗，立孝公而还（E172）。卒于前633，《春秋》僖公二十七年经「夏六月庚寅，齐侯昭卒」。姜姓吕氏，名昭。,0,,-633,齐桓身后五子争立中胜出者；托孤于宋、借宋师而返国，齐之霸余自其立而渐敛。
P_XIAJI,夏姬,,姬,,,,郑/陈/楚/晋,郑穆公之女；陈夏氏之妻、夏徵舒之母；后归楚连尹襄老，终随申公巫臣奔晋,约前600-前584,父郑穆公（母少妃姚子）；兄子貉（郑灵公）；子夏徵舒；夫陈夏氏御叔、楚连尹襄老、申公巫臣,郑穆公与少妃姚子之女、子貉（郑灵公）之妹，见《左传》昭公二十八年「是鄭穆少妃姚子之子，子貉之妹也」（经传明文，high）。嫁陈夏氏，生夏徵舒（字子南，见《左传》成公二年「戮夏南」）。《左传》记其事凡四见：宣公九年、宣公十年（陈灵公与孔宁、仪行父事及夏徵舒弑君）、成公二年（楚庄王议纳、巫臣两谏、归连尹襄老、襄老死于邲后归郑、随巫臣奔晋）、成公七年（巫臣之族见杀）。生卒年无经传明文，birth/death 均留空；活动年代约前600—前584。其夫御叔之名见成公二年巫臣辞「殺御叔」，受配角配额所限本轮未单立人物行。传世文本对其记述带有强烈归罪倾向（成公二年巫臣谏子反「是不祥人也」、昭公二十八年叔向之母「殺三夫、一君、一子，而亡一國、兩卿」），本库一律标注为游说话术／时人评断层，不作事实判断（见 Q188、Q193）；巫臣辞中「子蠻」所指有异说（杜预注以为其前夫，一说即其兄子貉），本库不裁定。,1,,,郑穆公女；轨迹历郑、陈、楚、晋四国——陈灵公之世居陈，楚讨陈后归楚连尹襄老，襄老死于邲而后归郑，终随申公巫臣奔晋。《左传》记其言仅一句：「不得尸，吾不反矣」。传世评断多以亡国杀夫归罪其身，本库只录其行止与出处，不采其评。
P_CHENLING,陈灵公,陈侯平国;平国,妫,,平国,,陈,陈国国君,在位前613-前599,陈卿孔宁、仪行父；大夫泄冶（谏而见杀）；为夏徵舒所弑；子陈成公午,陈国国君，妫姓（陈为舜后），名平国。《左传》宣公九年记其与陈卿孔宁、仪行父三人皆与夏姬有私、衷其衵服以戏于朝，大夫泄冶谏而见杀，《春秋》书「陳殺其大夫洩冶」；宣公十年饮酒于夏氏，戏语相及，出而为夏徵舒自其厩射杀，《春秋》书「陳夏徵舒弒其君平國」。其时太子午（后之陈成公）在晋（宣公十一年传「陳侯在晉」；奔晋一节见《史记·陈杞世家》后出层）。,0,,-599,陈国国君，在位十五年；宣公九年杀谏臣泄冶，明年为夏徵舒所弑于夏氏。《春秋》以「陳殺其大夫洩冶」与「陳夏徵舒弒其君平國」两条书其终始。
P_XIAZHENGSHU,夏徵舒,徵舒;夏南,妫,夏,徵舒,子南,陈,陈国大夫（夏氏）,前599-前598,母夏姬；父陈夏氏御叔；弑陈灵公；为楚庄王入陈所杀,陈大夫夏氏之子、夏姬之子。《左传》宣公十年：陈灵公与孔宁、仪行父饮酒于夏氏，公戏谓仪行父「徵舒似女」，对曰「亦似君」，徵舒病之；公出，「自其廄射而殺之」，《春秋》书「陳夏徵舒弒其君平國」。宣公十一年楚庄王为陈夏氏乱故伐陈，入陈杀之，轘诸栗门。字子南，见成公二年巫臣辞「戮夏南」。妫姓（陈公族之后），夏为其氏，据宣公十一年传「將討于少西氏」与杜预注，氏出其祖子夏。生年无明文。,0,,-598,陈大夫、夏姬之子；一言之戏而弑其君，明年为楚庄王入陈所杀、轘于栗门。楚以讨弑君之罪召诸侯而入陈，遂县陈——一国之存废系于此条。
P_XIEYE,泄冶,洩冶,,,冶,,陈,陈国大夫,前600,陈灵公之臣（谏而见杀）；为孔宁、仪行父所请杀,陈大夫。《左传》宣公九年谏陈灵公曰「公卿宣淫，民無效焉，且聞不令。君其納之」，公曰「吾能改矣」而以告孔宁、仪行父，二子请杀之，公弗禁，遂杀泄冶；《春秋》经书「陳殺其大夫洩冶」（经作「洩冶」）。传末孔子评曰「《詩》云：民之多辟，無自立辟，其洩冶之謂乎」。姓氏与生年无考。,0,,-600,陈大夫；以「公卿宣淫，民无效焉」谏其君而见杀。《春秋》书「陈杀其大夫」——是经文为死谏者留的一笔。
P_KONGNING,孔宁,公孙宁,,,,,陈,陈国卿,前600-前598,陈灵公之卿；与仪行父同请杀泄冶、同奔楚、同为楚所纳还于陈,陈卿。《左传》宣公九年与陈灵公、仪行父事并见，泄冶谏后与仪行父请杀之；宣公十年与灵公饮酒于夏氏，灵公被弑，二子奔楚；宣公十一年楚庄王入陈，《春秋》书「納公孫寧、儀行父于陳」，传曰「書有禮也」。经作「公孫寧」而传作「孔寧」，公孙之称示其为陈公之孙（陈公族妫姓）；本库 xing 从严留空，不据称谓径断。生卒年无明文。,0,,,陈卿；与仪行父始终并见于经传三条——同事、同奔楚、同为楚所纳还于陈。
P_YIXINGFU,仪行父,,,,,,陈,陈国卿,前600-前598,陈灵公之卿；与孔宁同请杀泄冶、同奔楚、同为楚所纳还于陈,陈卿。《左传》宣公九年与陈灵公、孔宁事并见，泄冶谏后与孔宁请杀之；宣公十年灵公与之饮酒于夏氏，公戏曰「徵舒似女」，对曰「亦似君」，灵公旋为徵舒所弑，二子奔楚；宣公十一年楚庄王入陈，《春秋》书「納公孫寧、儀行父于陳」。姓氏与生卒年无明文。,0,,,陈卿；「亦似君」一答之后，其君出门而死。经传三条与孔宁并见，同奔楚而同为楚所纳还。
P_WUCHEN,巫臣,申公巫臣;屈巫;子灵,芈,屈,巫臣,子灵,楚/晋,楚国申县公、后为晋国邢大夫,前598-前584,妻夏姬；谏楚庄王与子反勿纳夏姬；为子重、子反所杀其族；使吴而通吴于晋；子狐庸为吴行人,楚大夫，为申县之公故称申公；屈氏，名巫臣，字子灵（《左传》成公二年称「屈巫」，昭公二十八年称「子靈」）。楚讨陈夏氏后谏庄王勿纳夏姬、又谏子反勿取（成公二年追叙，事系前598）；其后自聘夏姬于郑；成公二年奉使聘齐、尽室以行，及郑以夏姬行，遂奔晋，因郤至以臣于晋，晋人使为邢大夫（邢为晋邑，与邢国非一地）。成公七年子重、子反杀其族而分其室，巫臣自晋遗书「余必使爾罷於奔命以死」，请使于吴、通吴于晋、教吴射御乘车战陈叛楚，寘其子狐庸于吴为行人。其谏辞与其后自聘夏姬相违，《左传》并录二事而不为之讳；本库据此把其谏语判为游说话术层（见 Q188）。生卒年无明文。,0,,,楚申公而终为晋邢大夫；两谏其君与其司马勿纳夏姬，而后自聘之携以奔晋。族灭之后一书「余必使尔罢于奔命」，遂通吴教战——东南之势自此起。
P_XIANGLAO,襄老,连尹襄老,,,襄老,,楚,楚国连尹,前598-前597,妻夏姬（王以予之）；子黑要；死于邲之战不获其尸,楚连尹（官名，旧注或谓掌射、或谓连帅之属，说有异）。《左传》成公二年：楚庄王议纳夏姬而止，「王以予連尹襄老」；「襄老死於邲，不獲其尸」（前597 邲之战，挂 E128）；其子黑要。成公七年子重、子反杀巫臣之族，襄老之子黑要与焉、其室为子反所取。姓氏与生年无考。,0,,-597,楚连尹；受王所予而娶夏姬，明年死于邲而尸不得归。其尸之归否牵动晋楚郑三方交涉，亦为夏姬得归郑之由。
P_SHENSHUSHI,申叔时,,,申叔,时,,楚,楚国大夫,前599-前598,楚庄王之臣（谏县陈而复封陈；答士亹问、论傅太子之道）,楚大夫，申叔为氏、名时。《左传》宣公十一年：使齐而反、复命而退，庄王让其独不庆，对以「牽牛以蹊人之田，而奪之牛」之喻，谏曰「今縣陳，貪其富也；以討召諸侯，而以貪歸之，無乃不可乎」，王曰「善哉！吾未之聞也」，乃复封陈。《国语·楚语上》载士亹问傅太子之道于申叔时，答以春秋、世、诗、礼、乐、令、语、故志、训典九法（既有 E133，本轮补挂）。生卒年无明文。,0,,,楚大夫；一喻「牵牛蹊田而夺其牛」，使庄王归其已县之陈。楚之霸有兵有德，此人是德的一面。
P_SHOUMENG,吴子寿梦,寿梦;吴子乘;乘,姬,,乘,,吴,吴国国君,前585-前561,受申公巫臣之教（射御、乘车、战陈）；通吴于晋,吴国国君。《左传》成公七年「吳子壽夢說之」——巫臣使吴，寿梦悦之，乃通吴于晋，吴自此伐楚、伐巢、伐徐而「通吳於上國」，为本库吴国登场之君。吴为姬姓（太伯之后），名乘，「寿梦」为其号（一说即其名）。在位年前585—前561 据《史记·吴太伯世家》（后出层，medium；《左传》明文仅见成公七年一条），本轮未收该源行，故不入任何 source_ids。,0,,,吴国国君；受巫臣所教之射御车战与阵法，吴自此伐楚伐巢伐徐而始大，得通于中原上国。本库中吴国登场之君。
P_JIETUIMU,介之推之母,,,,,,晋,介之推之母,约前636前后,子介之推,《左传·僖公二十四年》两问其子：盍亦求之、以死谁怼；亦使知之、若何——终曰能如是乎、与女偕隐，遂与之偕隐而死。姓氏名字俱无考（史文只称「其母」，本库 name 取通行称谓「介之推之母」）；《史记·晋世家》同载此问对而作「与女偕隐」「至死不复见」。,0,,,
P_ZICHAN,子产,公孙侨;国侨;侨,姬,国,侨,子产,郑,郑国执政上卿,前565-前522,郑穆公之孙、公子发（子国）之子；子皮授政而委国政；与晋叔向为诤友；卒后子大叔继其政,首见《左传·襄公八年》谏侵蔡之喜；襄公十年西宫之难父子国见杀，子产完守备攻盗于北宫；襄公二十四年寓书范宣子论重币；襄公三十年受子皮之政，使都鄙有章、田有封洫、庐井有伍，从政一年及三年舆人两诵；襄公三十一年坏晋馆垣、不毁乡校；昭公六年铸刑书，叔向诒书责之而复书「吾以救世也」；昭公十八年拒裨灶禳火之请，曰「天道远，人道迩」；昭公二十年遗言宽猛而卒。姬姓国氏，名侨，字子产——氏出其父公子发之字子国；「郑罕虎、公孙侨、游吉从郑伯」与下文「见子皮」「见子产」「见子大叔」对举（《左传·昭公六年》），为公孙侨即子产之经传本文内证。郑为姬姓国，公族之氏皆姬姓，此为通说。生年无考。,1,,-522,郑之执政上卿，当晋楚交争而郑介其间，二十二年不废其政：铸刑书以布法于民，不毁乡校以听议于国，坏晋馆垣以争小国之礼，拒禳火而言「天道远，人道迩」。卒之日仲尼出涕，曰「古之遗爱也」。
P_ZIPI,子皮,罕虎;虎,姬,罕,虎,子皮,郑,郑国上卿,前543-前536,公孙舍之（子展）之子；授政于子产而委国事,郑上卿罕虎。襄公三十年伯有之乱后授政于子产，子产辞而曰「国小而偪，族大宠多」，子皮曰「虎帅以听，谁敢犯子」；驷氏欲攻子产，子皮怒止之。襄公三十一年欲使尹何为邑，受子产「未能操刀而使割」之谏而服，传终之曰「子皮以为忠，故委政焉，子产是以能为郑国」。姬姓罕氏，名虎，字子皮——《左传·昭公六年》「郑罕虎、公孙侨、游吉」与同段「见子皮」「见子产」「见子大叔」一一对举，为罕虎即子皮之经传本文内证；罕氏为郑穆公之后（七穆之一），姬姓依郑之国姓，属通说。active_years 取本库所收范围，其行事起讫实较此为广；卒年本库不作论定。,0,,,郑之上卿，以国政授子产而己居其上，谏而能服、服而能委——子产得行其政，实自子皮一让始。
P_ZIDASHU,子大叔,游吉;子太叔,姬,游,吉,子大叔,郑,郑国卿、子产之后执政,前548-前522,郑卿，子产同僚；受子产临终之政与宽猛之诲,郑卿游吉。襄公二十五年问政于子产，得「政如农功」之答；襄公三十年子产为政赂邑于伯石，子大叔以「国皆其国也，奚独赂焉」问之；昭公十八年郑火，请用宝以禳而子产不可；昭公二十年子产有疾谓之曰「我死，子必为政」，既为政不忍猛而宽，郑国多盗取人于萑苻之泽，悔而兴徒兵尽杀之。姬姓游氏，名吉，字子大叔（《左传》或作子太叔）——《左传·昭公六年》「郑罕虎、公孙侨、游吉」与同段「见子皮」「见子产」「见子大叔」对举，为游吉即子大叔之经传本文内证。其世系（游氏出郑穆公子公子偃字子游）系后世谱牒之说，本库不作论定。,0,,,郑卿，子产之副贰与嗣任者；宽猛之诲受于病榻，行之而验于萑苻——《左传》以其得失作宽猛相济之案例。
P_RANMING,然明,蔑;鬷蔑（《左传·昭公二十八年》，同一人说依杜预注，medium）,,,蔑,然明,郑,郑国大夫,前548-前542,与子产论政、论乡校,郑大夫。襄公二十五年子产始知然明而问为政，对以「视民如子。见不仁者诛之，如鹰鹯之逐鸟雀也」，子产喜而语子大叔曰「他日吾见蔑之面而已，今吾见其心矣」；襄公三十一年问「毁乡校何如」，闻子产之答而服，曰「蔑也今而后知吾子之信可事也」。名蔑有经传明文（子产语「吾见蔑之面」、其自称「蔑也」），字然明。《左传·昭公二十八年》另记郑鬷蔑貌恶、往观叔向而一言而善，叔向曰「必鬷明也」——其人同为郑人、同名蔑、同以貌恶见称，杜预注即以鬷蔑字然明；惟「鬷」为其氏系出注家所定而非经传明指，依 conventions v1.21「注家之说不当经传明文用」判例，本库 shi 从阙、xing 无考，异称录于 alt_names 并标其层级。,0,,,郑大夫，貌不扬而识远：以「鹰鹯逐鸟雀」答子产问政，又以「毁乡校何如」一问，逼出春秋最开阔的一段执政之答。
P_PIZAO,裨灶,,,,,,郑,郑国大夫（言天道星占）,前543-前524,以天道星占进言于子产而不见用,郑大夫，《左传》记其以星象占验人事。襄公三十年将葬子蟜，与公孙挥（子羽）晨会事，指岁星次舍以占伯有之亡；昭公十七年冬有星孛于大辰，言于子产曰「宋、卫、陈、郑将同日火。若我用瓘斝玉瓒，郑必不火」，子产弗与；昭公十八年四国皆火，复曰「不用吾言，郑又将火」，郑人请用之而子产不可。「裨灶」为经传所称，其姓氏名字俱无明文可考，故 xing/shi/ming/zi 四栏并阙。,0,,,郑之星占之士；两请以宝禳火而两不得用，「灶焉知天道」一语遂使其名与「天道远，人道迩」同存。
P_SHUXIANG,叔向,羊舌肸;肸,姬,羊舌,肸,叔向,晋,晋国大夫、平公太傅,前552-前536,与郑子产相责相敬，为春秋士大夫诤友之典；与齐晏婴宴语，两番季世之论；栾氏之难，祁奚请免之；娶于申公巫臣氏（通说为巫臣与夏姬之女），子杨食我（伯石）；韩宣子忧贫而贺之,晋大夫羊舌肸，晋平公时为太傅（《国语·晋语八》「叔向為太傅，實賦祿」）。姬姓羊舌氏，名肸，字叔向——名肸有经传明文（其诒子产书自称「肸聞之」，《左传·昭公六年》；又《国语·晋语八》责行人子朱曰「肸也欲子員之對客也」）；羊舌氏之为晋大族见《左传·昭公二十八年》「遂滅祁氏、羊舌氏」。姓姬（晋公族之支）与「叔向」为其字，二者皆系通说、经传无明文，本库依主表原值不改而于此注明其层级。本库所收凡七事：襄公二十一年栾氏之难，弟羊舌虎嬖于栾怀子而见杀，叔向连坐见囚，乐王鲋请为之言而弗应，曰「必祁大夫」，祁奚乘馹见范宣子请宥之，既免而不相谢（E219）；襄公二十七年宋之盟为赵文子之介，谓「子務德，無爭先」，乃先楚人（E206）；襄公三十一年子产坏晋馆垣，称「辭之不可以已也如是夫！子產有辭，諸侯賴之」（E194）；昭公三年晏婴如晋请继室，从之宴而相与语，自道「雖吾公室，今亦季世也」（E210）；昭公六年郑铸刑书，自晋诒书责之曰「民知有辟，則不忌於上」，而子产复书「吾以救世也」（E196）；《国语·晋语八》韩宣子忧贫而叔向贺之，举栾武子之贫与郤昭子之富为对（E220，《国语》不系年，本库系年为推定，事目 reliability 标 medium）；昭公二十八年晋灭祁氏、羊舌氏，其子杨食我（伯石）见杀，羊舌氏之宗于是亡（E221）。【卒年】《左传》《国语》均无其卒之明文，death_year_bce 如实留空，不据后出之说推填；羊舌氏见灭（前514）之时其人存殁经传无文，本库不作论定。故 active_years_bce 取其本人行事有明文之范围「前552-前536」，不因 E221 挂链而下延至前514（此取舍已在 round25b CHANGES 上报）。【婚姻】《左传·昭公二十八年》「初，叔向欲娶於申公巫臣氏」，其母以「子靈之妻」（夏姬）之故谏止，谓「甚美必有甚惡」，「叔向懼，不敢取。平公強使取之，生伯石」——所娶为申公巫臣氏之女系经传明文，其为巫臣与夏姬所生之女则出通说、经传无「夏姬之女」四字，故本库姻亲边（叔向—巫臣 R262 标 high、叔向—夏姬 R263 标 medium）分层标注，不一概作高。其母之谏所含归罪之评，本库照录而不采其评（与既有 Q193 同层同处置）。,1,,,晋之贤大夫，平公之太傅。栾氏之难连坐系狱，一语「必祁大夫」而祁奚为之请命，既免而不相谢；一书责子产铸刑书「民知有辟则不忌于上」，而子产复书「吾以救世也」，相责而不相绝；韩宣子忧其贫，他却道贺——所贺者贫，所吊者德之不建。娶于申公巫臣氏，其母以「甚美必有甚恶」谏之而不得止；羊舌氏之宗终亡于前514，其卒年经传不书。
P_KONGZI,孔子,仲尼;孔丘;丘,子,孔,丘,仲尼,鲁,鲁国士人,前525-前522,《左传》记其三评子产；本库时段内为评论者身份,"鲁人孔丘。本库依 round23 领队裁定 3，以《左传》明文事件的配角身份入库，不升主角。所收三处：襄公三十一年「仲尼闻是语也」评不毁乡校（「人谓子产不仁，吾不信也」）、昭公二十年评子大叔宽猛之政（「宽以济猛，猛以济宽，政是以和」）、昭公二十年闻子产卒出涕曰「古之遗爱也」。按孔子生于前551，则襄公三十一年（前542）其时年仅十岁，该条评语当为《左传》成书时追记之评断而非当时之言，本库如实著录并于各条 modern_note 注明；昭公二十年（前522）其年三十，评语与出涕之辞时地俱合。另《左传·昭公十七年》「仲尼闻之，见于郯子而学之」为其亲身之行（时年二十七），本轮未立事目。子姓孔氏，名丘，字仲尼——姓氏之说本《史记·孔子世家》谓其先宋人（子姓），属后出叙事层之考订，非《左传》明文。卒于前479（《左传·哀公十六年》「夏，四月，己丑，孔丘卒」，经传明文，high）。此前因年代边界 [-800,-480] 所限，death_year_bce 栏一度留空、卒年只记于本注；conventions v1.24（fix26）已将边界放宽至 [-800,-464]，r27 裁定 15 核可回填，death_year_bce 随本轮合入正式落栏，出处见 docs/kaoding_wudu.md §4.1、docs/delivery_skipper_r27.md。",0,-551,-479,鲁人孔丘，本库时段内以《左传》明文之评论者身份出现三次；子产卒而出涕曰「古之遗爱也」，是其在本库的第一句话。
P_CUIZHU,崔杼,崔子;崔武子;杼,姜,崔,杼,,齐,齐国正卿（弑庄公后自为右相）,前554-前546,立齐庄公而又弑之；与庆封盟国人于大宫；晏婴哭庄公而舍之不杀,齐大夫崔氏。《左传》襄公十九年「齐侯疾，崔杼微逆光。疾病，而立之」——齐灵公疾，崔杼私迎公子光（后之庄公）而立之；襄公二十五年取棠公之妻棠姜，庄公通焉而屡如崔氏，崔杼遂伺间弑庄公于其室。既弑，立景公而自相之、庆封为左相，盟国人于大宫；齐太史直书「崔杼弑其君」，崔杼杀之而不能夺其书，南史氏执简以往。姜姓崔氏，名杼——姓有经传本文内证：东郭偃辞崔武子曰「男女辨姓，今君出自丁，臣出自桓，不可」（《左传》襄公二十五年），「君」谓崔武子出自齐丁公、「臣」谓东郭偃出自齐桓公，二氏同为齐之公族即同姜姓，故以辨姓为辞；崔氏出丁公之说本条经传本文自明，不待注家（合 conventions v1.21「注家之说不当经传明文用」判例）。「武」为其谥（故称崔武子），字无明文，zi 从阙。active_years 取本库所收范围（前554 立庄公至前546 卒）；其卒见《左传》襄公二十七年崔氏之乱「至，则无归矣，乃缢」，本件未立事目。,0,,-546,齐之正卿；立庄公而又弑之，杀太史而不能夺其简——《左传》以「崔杼弑其君」五字系其名于史册，遂成春秋书法最著之一例。
P_YANYING,晏婴,晏子;晏平仲;婴,,晏,婴,,齐,齐国大夫,前556-前516,事齐灵、庄、景三世；哭庄公而不死不亡；大宫之盟不与崔庆；辞邶殿；谏刑、谏诛祝史、论和同、谏禳彗；两论陈氏将有齐；与叔向论季世,齐大夫晏氏，本库第 28 位主角（本轮由配角升格）。《左传》所记其事，起于襄公十七年（前556）父晏桓子卒、居丧麤缞斩而曰「唯卿为大夫」（E207），终于昭公二十六年（前516）谏禳彗（E213）与路寝论陈氏厚施（E214）。中间诸事：襄公二十五年（前548）庄公见弑，立于崔氏门外申「君为社稷死，则死之」之义，枕尸股而哭、三踊而出，崔杼曰「民之望也，舍之得民」（E203）；同年大宫之盟夺崔庆之辞，曰「婴所不唯忠于君、利社稷者是与」（E204）；襄公二十八年（前545）辞邶殿之邑六十，申「富如布帛之有幅」之幅利义（E208）；昭公三年（前539）辞更宅而以「踊贵屦贱」谏刑，景公为是省于刑（E209），又如晋请继室，与叔向宴语论季世曰「齐其为陈氏矣」（E210）；昭公二十年（前522）谏诛祝史「虽其善祝，岂能胜亿兆人之诅」，公乃使有司宽政毁关去禁薄敛已责（E211），又于遄台论和与同异「和如羹焉」（E212）。历齐灵、庄、景三世之说见《史记·管晏列传》「事齊靈公、莊公、景公」（S 层，本库既有 S008）；《左传》所记其行事亦起于灵公之末（襄公十七年，其时灵公在位）。姓氏名字考订：名婴有经传明文（自称「婴所不唯忠于君」，襄公二十五年）；「晏」为其氏（传书「齊晏桓子卒，晏嬰……」，父子同氏）；姓无经传明文可考，杨伯峻《春秋左传注》亦未能定，xing 从阙。「晏平仲」之称见《论语·公冶长》「晏平仲善與人交」（T 层），通说以「平」为谥、「仲」为字（或为行次），然此系后世通说而非经传明文，依 conventions v1.21「注家之说不当经传明文用」判例，zi 仍从阙、不据以填「仲」。卒年：《左传》无卒之明文，其人末见于《左传》昭公二十六年（前516）；通行系年作齐景公四十八年（前500）。【篇目定位 r26 复核订正】该系年不在《史记·十二诸侯年表》，而在《史记·齐太公世家》景公四十八年一节之末：「四十八年，與魯定公好會夾谷……是歲，晏嬰卒」——前轮所记「系于《十二诸侯年表》该年齐栏」系检索转述之误，今据 ctext《史記·齊太公世家》逐字复核改正，前轮所留「未能逐字复核」之保留一并撤去。该年可互校无误：齐景公元年前547，四十八年即前500，正当鲁定公十年，世家于同年记夹谷之会，与《左传·定公十年》夹谷系年相合。惟此仍是《史记》后出正史之文而非经传明文，可靠度当以 medium 视之——people 表无 reliability 列，故此层级于本 notes 中写明；death_year_bce=-500 依此著录不改。《晏子春秋》系晚出编集之说部层材料（依 conventions §2 属 T 前缀分层），本行所据全为《左传》明文，其 T 层材料由本轮第二件另批处理。active_years_bce 取本库所收《左传》范围（前556-前516）。,1,,-500,齐之大夫，事灵、庄、景三世。君见弑而不死不亡，谓「君为社稷死则死之」；与之邑六十而不受，谓富如布帛之有幅；君问物价而答「踊贵屦贱」，一语省一国之刑；君病而欲杀祝史，答以「虽其善祝，岂能胜亿兆人之诅」；君喜「唯据与我和」而答「据亦同也」，遂有「和如羹焉」之辨。两番说破陈氏将有齐国——一番在晋人的席上，一番在齐君自己的正寝里。
P_QIZHUANG,齐庄公,光;庄公光,姜,,光,,齐,齐国国君,前554-前548,为崔杼所立而又为其所弑；晏婴哭之而不死不亡,齐君，名光。《左传》襄公十九年齐灵公疾，崔杼微逆光而立之，是年（前554）灵公卒、庄公即位；襄公二十五年（前548）夏五月乙亥，以通崔杼之妻棠姜、屡如崔氏故，为崔杼弑于崔氏之室，经书「齐崔杼弑其君光」；齐太史所书「崔杼弑其君」之「君」即其人。姜姓、齐之公族，名光；国君称国名与谥而不称氏，故 shi 从阙，字无明文，zi 亦从阙。按齐国国君中另有一早期之齐庄公（史称前庄公，其世远在本库所收之前），与本行非一人；本行为《左传》襄公十九年立、二十五年见弑之庄公光。在位起讫依《左传》系年著录为前554 立、前548 弑；改元之年通行纪年作前553，系推算之数，本库不以入栏。,0,,-548,齐君光；崔杼立之而又弑之。其死使晏婴发不死不亡之论，使齐太史兄弟以命书「崔杼弑其君」五字。
P_XIANGXU,向戌,宋左师;戌,子,向,戌,,宋,宋国左师,前546,善于晋赵武、楚屈建，倡弭兵之谋；请赏于宋公而为子罕所责,宋大夫，官左师。《左传》襄公二十七年：向戌善于晋赵文子（赵武）、又善于楚令尹子木（屈建），欲弭诸侯之兵以为名，如晋、如楚、如齐、告于秦而四国皆许，遂有前546 之弭兵之会，盟于宋西门之外。既盟，以功请赏于宋公，公与之邑六十，司城子罕（乐喜）责其欲去兵为诬道、削其简而投之，左师辞邑。宋为子姓国（通说），向氏为宋之公族之支，故 xing 取「子」；氏出宋桓公之子向父肸一说系谱牒之言，本库不作论定，只据经传「宋向戌」之称取其氏为向。名戌有经传明文（「宋向戌善于赵文子」）；字无明文，zi 从阙。active_years 取本库所收范围（前546），其行事起讫实较此为广。,0,,,宋之左师；奔走于晋楚齐秦而成弭兵之盟，使晋楚之从交相见——春秋后期最大的一次休兵，出自一个小国大夫的私交与求名。
P_WEIJIANG,魏绛,魏庄子;绛,姬,魏,绛,,晋,晋国大夫,前569-前562,与晋悼公论和戎；受乐之半而辞，以「居安思危」为规,晋大夫魏氏。《左传》襄公四年：无终子嘉父使孟乐如晋，因魏庄子纳虎豹之皮以请和诸戎；晋侯欲伐戎，魏绛谏以诸侯新服、劳师于戎则弃陈而诸华必叛，引《夏训》有穷后羿恃射而不修民事之戒，进「和戎五利」，公说，使魏绛盟诸戎。襄公十一年（前562）晋侯以乐之半赐之，曰「子教寡人和诸戎狄以正诸华。八年之中，九合诸侯」，魏绛辞而以《诗》《书》为规——「居安思危，思则有备，有备无患」，卒受之，传曰「魏绛于是乎始有金石之乐，礼也」。「魏庄子」即魏绛有经传本文内证：襄公四年同段先书「因魏庄子纳虎豹之皮」、下即书「魏绛曰」，一事两称，不待注家。姬姓魏氏——魏氏出毕万、毕公高之后而为姬姓系通说，非经传本文明指，故记其层级于此。名绛有经传明文；「庄」为其谥，字无明文，zi 从阙。active_years 取本库所收范围（前569-前562）。ID 提示：本库既有卫国诸君 ID 用 P_WEI 加谥（P_WEIWEN／P_WEIZHUANG／P_WEIHUAN／P_WEIXUAN／P_WEIHUI），卫与魏拼音同为 WEI；本行为晋大夫魏绛、非卫君，检索与引用时须辨，说见 CHANGES。,0,,,晋悼公之大夫；以「和戎五利」易伐戎之议，晋乃得八年之中九合诸侯——复霸之基不在兵威，在与戎狄相安。
P_QIJING,齐景公,杵臼;景公,姜,,杵臼,,齐,齐国国君,前548-前516,崔杼弑庄公而立之；晏婴事其世，辞邑、谏刑、谏诛祝史、论和同、谏禳彗、论陈氏厚施皆在其时,齐君，名杵臼。《左传》襄公二十五年崔杼弑庄公，「乃立景公」，崔杼自相之、庆封为左相，盟国人于大宫（本库 E204）。其世为本库晏婴线之主场：襄公二十八年分庆氏之邑，与晏婴邶殿而晏婴辞（E208）；昭公三年欲更晏婴之宅，闻「踊贵屦贱」而省于刑（E209），又使晏婴请继室于晋（E210）；昭公二十年疾而欲诛祝史，见谏乃宽政薄敛（E211）、遄台论和与同异（E212）；昭公二十六年使禳彗见谏乃止（E213）、路寝之叹得「其陈氏乎」之对（E214）。姜姓、齐之公族，名杵臼——名有经文明证：《春秋》哀公五年「秋九月癸酉，齊侯杵臼卒」；国君称国名与谥而不称氏（照本库 P_QIZHUANG 体例），故 shi 从阙；字无明文，zi 亦从阙；「景」为其谥。在位起讫：《左传》襄公二十五年（前548）见立，卒于《春秋》哀公五年（前490）；改元之年通行纪年作前547，系推算之数，本库不以入栏。active_years_bce 取本库所收范围（前548-前516），其在位实较此为长。与齐庄公（光）之亲属关系（异母兄弟之说）经传无明文、其说出后出叙事层，本件不据以织 relations，已列 CHANGES 上报。本件以配角身份入库。,0,,-490,齐君杵臼；崔杼弑庄公而立之。晏婴以一朝之对使之省刑，以一夕之谏使之宽政；路寝之叹得「其陈氏乎」之答——齐之国祚将移，是在他自己的正寝里被说破的。
P_QIXIDAFU,祁奚,祁大夫,,祁,奚,,晋,晋国大夫（告老之后闻叔向见囚而请免之）,前552,栾氏之难请免叔向于范宣子；既免，不见叔向而归,晋大夫。《左传·襄公二十一年》栾氏之难，叔向见囚而曰「必祁大夫」；祁奚时已告老，闻之「乘馹而見宣子」，举叔向「謀而鮮過、惠訓不倦」为社稷之固而请宥之，宣子说，与之乘以言诸公而免之，「不見叔向而歸。叔向亦不告免焉而朝」。祁氏，名奚；姓无经传明文可考——祁氏出晋公族、姬姓之说见后世注家与世族之谱，依 conventions v1.21「注家之说不当经传明文用」判例不入结构字段，xing 从阙；「祁大夫」为《左传》本文之称，故入 alt_names。「外舉不棄讎，內舉不失親」一语本条出叔向之口以称祁奚，其所本之荐贤事（荐仇人解狐、荐其子午）见《左传·襄公三年》，本库未收；后世「祁黄羊去私」之称出《吕氏春秋·去私》《说苑》，属先秦诸子及秦汉说部层（conventions §2 T 前缀所指），非经传本文，本库不入结构字段、亦不入 alt_names。active_years 取本库所收范围（前552），其行事起讫实较此为广。生卒年无经传明文，均留空。【ID 命名说明】本行 ID 取 `P_QIXIDAFU` 而非 `P_QIXI`：`P_QIXI` 已为齐僖公所用，二者拼音全同，依 conventions §2「谥号形近加后缀」通则之精神，为本轮新入库的一方加辨识后缀，后缀取《左传》本文之称「大夫」，非杜撰。,0,,,晋之老大夫。叔向系狱，举国以为可恃者乐王鲋，而叔向独曰「必祁大夫」——果然乘驿马直入范宣子之门为之请命；事成，不见叔向而归，叔向亦不告免而朝。请者不居其功，免者不称其谢。
P_HANQI,韩起,韩宣子;宣子;起,姬,韩,起,,晋,晋国正卿、执政,前535,忧贫而叔向贺之，拜稽首受其言；卒于鲁昭公二十八年，魏献子代之为政,晋卿韩起，谥宣，故称韩宣子。姬姓韩氏，名起——「其自桓叔以下嘉吾子之賜」（《国语·晋语八》贺贫章韩起之语）为韩氏出自曲沃桓叔（晋公族，姬姓）之本文内证；名起有本文明证（同章自称「起也將亡，賴子存之」）；「宣」为谥非字，zi 从阙。本库所收一事：《国语·晋语八》宣子忧贫而叔向贺之（E220），宣子拜稽首而受其言。其卒有经传明文——《左传·昭公二十八年》「秋，晉韓宣子卒，魏獻子為政」，故 death_year_bce 取 -514（经传明文，high）；生年无明文，留空。又《左传·襄公二十七年》弭兵之会，韩宣子以「兵，民之殘也，財用之蠹，小國之大菑也」劝晋许之（其文已见 E206 之 Q278），本件未为之挂链——E206 已因叔向而成线，且本件配角配额所限，此为可选之补挂，已列 CHANGES 上报。active_years 取本库所收范围（前535），其为卿与执政之起讫实较此为广。,0,,-514,晋之正卿，谥宣。有卿之名而无其实，以此为忧；叔向反以栾武子之贫贺之、以郤昭子之富吊之，乃拜稽首而谢，曰「起也将亡，赖子存之」。《左传》书其卒于鲁昭公二十八年，其秋魏献子代之为政。
P_YANGSHIWO,杨食我,伯石;食我,姬,羊舌,食我,,晋,晋大夫叔向之子；党于祁盈见杀，羊舌氏之宗以之而亡,前514,父叔向；母出申公巫臣氏；党于祁盈助乱而见杀，羊舌氏遂灭,叔向之子。《左传·昭公二十八年》「夏六月，晉殺祁盈及楊食我。食我，祁盈之黨也，而助亂，故殺之，遂滅祁氏、羊舌氏」，故 death_year_bce 取 -514（经传明文，high）；生年无明文，留空——其生在晋平公之世（前557—前532），传书「平公強使取之，生伯石」。【伯石即杨食我系两书互证，非注家之说】《左传》昭公二十八年记伯石始生，其姑（叔向之母）及堂闻其声而还，曰「是豺狼之聲也，狼子野心。非是，莫喪羊舌氏矣」；《国语·晋语八》记同一事而径书其名——「楊食我生，叔向之母聞之，往，及堂，聞其號也，乃還，曰：『其聲，豺狼之聲，終滅羊舌氏之宗者，必是子也？』」两书所记一事而《国语》有其名，故本库据以定伯石即杨食我，不倚注家。氏取「羊舌」（依「遂滅祁氏、羊舌氏」之文，其所属之宗为羊舌氏）；「杨」或为其食邑之氏（同年传有「僚安為楊氏大夫」，杨为晋邑），此说存注而不入 shi 栏。「伯石」通说为其字，然经传未明书其为字抑为行次之称，zi 从阙，「伯石」入 alt_names。姓姬（晋公族之支羊舌氏）系通说、经传无明文，与其父 P_SHUXIANG 同例处理。,0,,-514,叔向之子。始生之日，其祖母及堂闻其号而还，曰「豺狼之声」——终灭羊舌氏之宗者必是子也。前514 党于祁盈助乱，与祁盈同见杀，羊舌氏之宗遂亡，其田分为三县。一句预言与一族之亡，《左传》以「初」字相系。
P_HELU,阖庐,阖闾;吴王阖庐;吴子光;吴公子光,姬,,光,,吴,吴王（前514—前496 在位）,前525-前496,寿梦之孙、诸樊之子（据《史记》，medium）；季札之从子（medium）；夫概之兄（经传明文）；弑吴王僚而代立；用伍员、伯嚭以谋楚；与楚昭王、越子勾践为敌,【姓氏考订】吴为姬姓，经传内证有二：《左传·定公四年》吴人告随人曰「周之子孫在漢川者，楚實盡之」（自居周之子孙）；《左传·昭公三十年》楚子西曰「吳，周之冑裔也，而棄在海濱，不與姬通」——「不與姬通」尤直白，谓吴虽姬姓而不与同姓诸国通婚聘。库内既有 P_SHOUMENG（吴子寿梦）xing 已作「姬」，本行从之。【氏栏从阙】经传称之曰「吳子光」「吳公子光」「闔廬」，「吳」为国名、「光」为其名，《春秋》经、《左传》、《国语》皆无以「吳」为氏之文；任务书所拟「姬姓吴氏」之「吴氏」于经传无征，依 conventions §7「注家之说不当经传明文用」与本库「宁降不虚」之则，shi 栏从阙、不代填。【名】名光，《春秋·定公十四年》经「吳子光卒」，经文明书，high。【号】「闔廬」《左传》人名凡六见（昭公二十七年、昭公三十年、定公四年两见、定公十四年、哀公元年；襄公十七年「吾儕小人皆有闔廬以辟燥濕寒暑」之「阖庐」为庐舍之义，非人名，已核，不计），《吴越春秋》《越绝书》作「闔閭」；其为号抑或谥，经传无说，本库不作论定，name 栏取《左传》本字「阖庐」，alt_names 存「阖闾」。【父系】《史记·吴太伯世家》「公子光者，王諸樊之子也」，据此则阖庐为诸樊之子、寿梦之孙、季札之从子；《左传》全帙无其父名之明文，光自称「我，王嗣也」（昭公二十七年）而已。故本库 relations 中阖庐与诸樊系诸人之边一律标 medium 并注明其据出《史记》。【为公子时之军功】经传首见于《左传·昭公十七年》长岸之役（前525）：吴师败而「吳公子光請於其眾曰：『喪先王之乘舟，豈唯光之罪，眾亦有焉。』」，夜袭取余皇以归（Z086）；《左传·昭公二十三年》鸡父之役（前519）献「楚可敗也」之策，战时「光帥右」，吴大败七国之师。本批未立此二事目，已在 CHANGES 上报为可增补事目建议。【生卒】生年经传无文，unknown；卒于前496，槜李之役伤将指，卒于陉（E230），《春秋·定公十四年》经「吳子光卒」。,1,,-496,吴王，名光。为公子时屡将吴师伐楚，以专诸弑王僚而自立；用伍员之谋疲楚，前506 大败楚师于柏举而入郢，为春秋末吴国骤兴之主；前496 伐越，伤于槜李，卒于陉。
P_JIZHA,季札,延州来季子;延陵季子;吴公子札;季子,姬,,札,,吴,吴公子，让国而历聘上国,前559-前515,寿梦之子（据《史记》，medium）；诸樊之弟（medium）；阖庐之从父（medium）；与叔孙穆子、晏婴、子产、叔向皆有面语（《左传·襄公二十九年》）,【名】名札，《春秋·襄公二十九年》经「吳子使札來聘」，经文明书，high；「季」为排行之称。【称谓】「延州來季子」见《左传·昭公二十七年》「使延州來季子聘于上國」；「延陵季子」之称本库所见在《史记·吴太伯世家》太史公曰「延陵季子之仁心，慕義無窮」，属后出层，二称并存 alt_names，本库不据以论定其封邑之先后。【父系】《史记·吴太伯世家》以季札为寿梦少子、诸樊之弟；《左传·襄公十四年》只书「吳子諸樊既除喪，將立季札」而不书父子之属，故本库 relations 中其与寿梦、诸樊之边一律标 medium。【让国】前559 辞立，「棄其室而耕」（E222）；前515 王僚见弑，季札自上国还，曰「非我生亂，立者從之，先人之道也」，復命哭墓、復位而待（E225）——两处并观，是本库著录其人之骨架，不取后出文献所增之情节。【观乐】前544 聘鲁请观周乐，评十五国风、二雅、三颂及六舞，末曰「觀止矣」（E223），为吴入经传以来第一高光，亦本库既有晏婴、子产、叔向诸线在同一年之交会。【卒】经传无卒之明文，death_year_bce 从阙，本库不作论定、不据后出之说推填（体例同 P_SHUXIANG）。,0,,,吴公子，寿梦之子（据《史记》）。两辞君位而「弃其室而耕」；前544 聘鲁观周乐，评诗论政，「观止矣」出此；历聘齐郑卫晋，皆以一语中其国之后事。
P_WULIAO,吴王僚,僚;吴子僚,姬,,僚,,吴,吴王，前515 见弑于专诸,前515,为公子光所弑（E224）；季札于其见弑后復命哭墓（E225）,【名】名僚，《春秋·昭公二十七年》经「夏四月，吳弒其君僚」，经文明书，high。【在位起年经传无明文】其立于何年，《春秋》经、《左传》皆无文；《左传·昭公二十年》「員如吳，言伐楚之利於州于」之「州于」，杜预注以为即王僚，系注家之说，依 conventions §7「注家之说不当经传明文用」，本库不据以扩其活动年限，active_years_bce 只书前515 一年（本库所涉之年）。【世系两说，本库不作论定】《史记·吴太伯世家》以僚为余眛之子（「乃立王餘眛之子僚為王」）；另有异说以僚为寿梦之庶长子（见《公羊传·昭公二十七年》，本件未取该书原文逐字核对，只记异说之存在，已列 CHANGES 待复核）。《左传》无其父之明文，本库不为之织父子之边，亦不据任一说改写 E224、E225 之骨架——公子光自称「我，王嗣也」，其争之所在正是此一世系之疑，本库照录其语而不判其是非。【卒】前515 夏四月，见弑于鱄设诸（E224）。,0,,-515,吴王，名僚。前515 因楚丧发兵围潜，国内空虚，为公子光伏甲享之，鱄设诸寘剑于鱼中而弑之。其继位之由与公子光之争，经传只见双方各自之言，本库不作论定。
P_ZHUANZHU,专诸,鱄设诸,,,,,吴,吴之死士，刺吴王僚,前522-前515,受公子光之命刺吴王僚（E224）；其子于阖庐立后为卿；伍员见之而荐于公子光（《左传·昭公二十年》）,【名与用字】《左传》本文作「鱄設諸」（昭公二十年、昭公二十七年两见），《史记·吴太伯世家》《刺客列传》作「專諸」。「鱄」是否为其氏、「設諸」是否为其名，经传无说，本库 xing／shi／ming／zi 四栏一并从阙，不据注家之分解代填。name 栏取通行之「专诸」以便检索与前端可达，alt_names 存传文本字「鱄设诸」，各 passage 之 quote_original 一律照录传文本字，不改。【经传首见】《左传·昭公二十年》：伍员奔吴，言伐楚之利于州于，公子光沮之，员曰「彼將有他志，余姑為之求士，而鄙以待之」，「乃見鱄設諸焉，而耕於鄙」——荐专诸者为伍员，此为本库伍子胥件（round27b）与本件之交接点。【卒年从阙】《左传·昭公二十七年》书「抽劍刺王，鈹交於胸，遂弒王」，「鈹交於胸」谓执鈹者之鈹交刺其胸，然传未明书其死；《史记·刺客列传》云「專諸亦死」，属后出叙事层。依「宁降不虚」，本库 death_year_bce 从阙，不以后出之说补经传之阙。其子为卿见《左传·昭公二十七年》「闔廬以其子為卿」（经传明文，high），子名不见于经传，不立人物行。,0,,,吴之死士。伍员求士得之于市，荐于公子光。前515 夏四月，公子光伏甲享吴王僚，专诸寘剑于鱼中以进，抽剑刺王，遂弑之；执鈹者之鈹交于其胸。
P_CHUZHAO,楚昭王,楚子轸;昭王,芈,熊,轸,,楚,楚王（前515—前489 在位）,前516-前489,囊瓦（子常）为其令尹；柏举之役出奔，赖秦师与随人而復国（E228、E229）；蔡昭侯、唐成公之怨其令尹而结吴,【名】名轸，《春秋·哀公六年》经「秋，七月，庚寅，楚子軫卒」，经文明书，high；《史记·楚世家》作「珍」（「平王卒……立太子珍，是為昭王」），与经文用字异，属后出叙事层之异文，本库从经文作「轸」。【立】立于楚平王卒之年（前516，《左传·昭公二十六年》，库内 Z096），其时尚幼，令尹子常（囊瓦）当国。【柏举之难】前506 吴入郢，昭王出奔，涉雎济江、入于云中遇盗、奔郧、奔随，随人辞吴不与（E228）；前505 秦师救楚，吴师五败而归，「楚子入于郢」，赏鬬辛、王孙由于、申包胥诸人（E229）。【卒】前489，《春秋·哀公六年》经文明书。其卒后之事（吴伐陈、子西论吴）本批不涉。,0,,-489,楚王，名轸。楚平王卒而立，年少，国政在令尹子常。前506 柏举之败，郢都陷而出奔云梦、郧、随；次年赖申包胥所乞秦师復国。
P_NANGWA,囊瓦,子常,芈,囊,瓦,子常,楚/郑,楚令尹（前519—前506）,前519-前506,楚昭王之令尹；索唐成公之肃爽马、蔡昭侯之佩裘而三年止之，为柏举之役之由（E228）；柏举败而出奔郑,【名氏】氏囊名瓦字子常。《左传·昭公二十三年》「楚囊瓦為令尹」、《春秋·定公四年》经「楚囊瓦出奔鄭」，名氏见经传明文；传中多以字称「子常」（定公三年、四年屡见）。【xing 为通说，非经传自陈】xing 作「芈」，系依楚公族以王父字为氏之通例推之（囊氏出于楚公子贞，字子囊），经传无明文书其姓，本栏据此标注，读者宜作通说看，不与经文明书之名氏同视。【state 全链】《春秋·定公四年》经「楚囊瓦出奔鄭」，其后经传无归楚之文，依 conventions §6.6「取全链」之则作「楚/郑」；此非往返避难型出奔復归（该型不入流向，判例见 §6.6 鲍叔牙条），故计入。【预言之验】《左传·昭公二十三年》「楚囊瓦為令尹，城郢」，沈尹戌曰「子常必亡郢。苟不能衞，城無益也」，至定公四年吴入郢而验；本库不为此段另立事目，其文见 E228 之 summary 与本栏。,0,,,楚令尹，字子常。贪而信谗：杀郤宛以兴大谤，索唐蔡之马佩而三年止其君，遂结唐、蔡以从吴。前506 柏举一战，其卒先奔，楚师大溃，出奔于郑。
P_CAIZHAOHOU,蔡昭侯,蔡侯申;蔡昭公,姬,,申,,蔡,蔡君，前506 以吴子伐楚,前507-前491,为楚令尹子常所留三年（《左传·定公三年》）；以其子元为质于吴而请伐楚；柏举之役经文书「蔡侯以吳子」居首（E228）,【名】名申，《春秋·哀公四年》经「盜殺蔡侯申」，经文明书，high。【称谓】「蔡昭侯」之称见《左传·定公三年》「蔡昭侯為兩佩與兩裘以如楚」；《春秋·哀公四年》经又书「冬，十有二月，葬蔡昭公」，侯、公两称并见于经传，本库 name 取「蔡昭侯」，alt_names 存「蔡昭公」「蔡侯申」。【active_years_bce 之限】其立于何年，本件未取原文核实（《春秋·昭公二十三年》经「夏六月，蔡侯東國卒于楚」为其前君之卒，昭侯继立之年经传书法本件未逐条核），故 active_years_bce 只取本库线内可据之年（前507 如楚见留至前491 见弑），不代填在位起年。【与柏举之役】为子常索佩裘不得而三年止之，归而「執玉而沈」誓不復济汉而南，如晋请伐楚不获，乃以子为质于吴；前506 经书「蔡侯以吳子及楚人戰于柏舉」，以蔡侯居首而吴子次之，是本役蔡为主唱之书法。唐成公受留之事同见《左传·定公三年》，本件依配角配额不为唐侯立人物行，其名并注于 E228 之 summary 与本栏。【卒】前491，《春秋·哀公四年》经「盜殺蔡侯申」。,0,,-491,蔡君，名申。以两佩两裘如楚，为令尹子常所贪，留之三年。归而沉璧于汉以誓，遂结吴伐楚；柏举之役，经书「蔡侯以吴子」，蔡实为主唱。
P_FUGAI,夫概,夫概王,姬,,夫概,,吴/楚,吴王阖庐之弟,前506-前505,阖庐之弟（经传明文，high）；柏举之役以属五千先击子常之卒（E228）；前505 归而自立，战败奔楚，为堂谿氏（E229）,【名与称】《左传·定公四年》「闔廬之弟夫概王」，兄弟之亲为经传明文（high）。传于其自立之前即称「夫概王」，杜预以为追称（以其后自立为王故书王），本库 name 栏取「夫概」，alt_names 存传文之「夫概王」，不据注家之说改写传文，亦不据以判传文书法之是非。【战功与叛】柏举之役晨请先击而阖庐弗许，乃曰「所謂『臣義而行，不待命』者，其此之謂也」，以其属五千先击子常之卒而破楚师；及清发，又以「困獸猶鬥」为言，请半济而击之——两处皆经传明文，是柏举之胜的直接执行者。前505 九月归而自立，与阖庐战败，「奔楚為堂谿氏」（《左传·定公五年》）。【state 全链】奔楚而为堂谿氏，是政治身份之迁转（受楚封而定居），非往返避难型出奔復归，依 §6.6 取全链作「吴/楚」。【生卒】经传无文，两栏从阙。,0,,,吴王阖庐之弟。柏举之役违命先击，以属五千破子常之卒，一战而楚师大溃；又以「困兽犹斗」谏止追击，请半济而后击之。前505 乘阖庐在楚而归国自立，败奔于楚，为堂谿氏。
P_GOUJIAN,勾践,越子勾践;越王勾践,,,勾践,,越,越君,前496,槜李之役败吴，阖庐伤将指而卒（E230）；与阖庐为敌；夫差三年乃报越（本批不叙，属 C2）,【经传首见】《左传·定公十四年》「吳伐越，越子勾踐禦之，陳于檇李」，为勾践在《春秋》经传中之首次登场；此前经传书「於越」而不名其君（同年经文亦只书「於越敗吳于檇李」）。【xing 从阙】姒姓之说见《史记·越王勾践世家》「其先禹之苗裔，而夏后帝少康之庶子也」，属后出叙事层，经传无明文，依「宁降不虚」，本库 xing 栏从阙。【卒年不预填】前465 之卒出《史记·越王勾践世家》系年（后出层，medium），本库本批不填 death_year_bce，留待 C2 依据核定后处置。【本批之限】夫椒之败、保于会稽、行成于吴、灭吴诸事俱在前494 以后，属 C2 吴越篇下半，本行不预叙、不预挂；is_protagonist 暂作 0，升格与否由领队于 C2 裁定。,0,,,越君。前496 御吴于槜李，使罪人三行属剑于颈自刭以乱吴师，因而伐之，大败吴，灵姑浮以戈击阖庐。经传自此始书其名。
P_WUYUAN,伍员,伍子胥;子胥;员,,伍,员,子胥,楚/吴,楚之亡臣，吴行人,前522-前484,伍奢之子、伍尚之弟；与申包胥友而立场相对（「我必復楚國」「子能復之，我必能興之」）；事吴王阖庐为行人以谋楚；荐鱄设诸于公子光；与伯嚭并为楚之亡臣而同谋楚,【氏名字】氏伍名员字子胥。名员见《左传·昭公二十年》「員如吳」；氏伍名员并见《左传·定公四年》「伍員為吳行人以謀楚」；字子胥——《左传》「子胥」凡二见，皆在哀公十一年吴伐齐、赐属镂一段（「唯子胥懼曰」云云），与「伍員」之称互见，是其字有经传可征。【★姓从阙】伍氏为楚之世族——其先伍参见《左传·宣公十二年》邲之战「伍參欲戰」（库内 P_WUCAN）、伍举屡见于襄昭之际，然伍氏所出之姓，《春秋》经、《左传》、《国语》皆无一字，杨伯峻《春秋左传注》亦无定说。依任务书「无据留空」与本库「宁降不虚」之则，`xing` 栏从阙，不代填。【state 全链】楚→吴：前522 奔吴（E243），其后终身在吴以至赐死，非往返避难型出奔復归，依 conventions §6.6 取全链「楚/吴」。【经传所记之奔吴只三字】《左传》记其奔吴通篇只「員如吳」三字，昭关、渔父、乞食皆出后世文献，「一夜白发」则三书俱无——详见 E243 之著录，此为本库分层示范之一。【柏举之役传无其名】《左传·定公四年》详叙柏举之战与入郢诸节（夹汉、三战、庚午柏举、清发半济、五战及郢、庚辰入郢、左司马戌之死、昭王之奔），**通篇无伍员之名**；其与本役之关联，经传所书者只在同年秋「伍員為吳行人以謀楚」一句。故本库于 E228 挂其链而 presence 从严标「相关」，role 依此写实，不以后世之说补经传之阙。【★鞭平王尸之说属 S 层】《左传》全无鞭尸之文（说见 E228 之 Q377／Q378 层标与 CHANGES）。【属镂之死（前484）——事属 C2，此处预注】《左传·哀公十一年》：吴将伐齐，越子率其众以朝，王及列士皆有馈赂，吴人皆喜，「唯子胥懼」，谏曰「越在我，心腹之疾也……越不為沼，吳其泯矣」，弗听；使于齐，属其子于鲍氏为王孙氏，反役，「王聞之，使賜之屬鏤以死。將死，曰：『樹吾墓檟，檟可材也。吳其亡乎！三年，其始弱矣。盈必毀，天之道也。』」——**《左传》所记其临终之言止于此**；「抉吾眼置之吳東門，以觀越之滅吳」之说见《史记·吴太伯世家》与《伍子胥列传》（后出叙事层），《左传》无此文，C2 立目时须分层。其卒年前484 有经传明文，故 `death_year_bce` 径填，事目则留 C2。,1,,-484,楚之亡臣。父伍奢、兄伍尚见杀于楚平王，员奔吴，一言而知公子光有他志，退求勇士以待。阖庐既立，为吴行人以谋楚；前506 吴入郢，楚几亡。其与申包胥有「子能復之，我必能興之」之约，一覆一兴，皆如其言。
P_SHENBAOXU,申包胥,包胥,,,,,楚,楚大夫，如秦乞师,前522-前505,与伍员友而立场相对（「子能復之，我必能興之」）；如秦乞师、哭秦庭七日而秦师出；楚复国而逃赏,【名氏从阙】《左传》「申包胥」凡七见，皆连称三字。「申」为其氏抑或封邑，「包胥」为名抑或字，经传无说；杜预注只书「楚大夫」。另有以《战国策》「棼冒勃苏」为即申包胥者，系后人之说且本件未取原文核对，不入本行。依「宁降不虚」，`xing`／`shi`／`ming`／`zi` 四栏一并从阙。【与伍员之约】《左传·定公四年》以「初」字追叙：「初，伍員與申包胥友。其亡也，謂申包胥曰：『我必復楚國。』申包胥曰：『勉之！子能復之，我必能興之。』」——传作「復」不作「覆」，其义当训覆亡，说见 E244 之 summary 与 Q372 层标。二人为友而所志相反，一覆一兴，各如其言，是《左传》人物对照中最见笔力者之一。《吴越春秋》另系其约于伍员奔宋道中，作「子能亡之，吾能存之；子能危之，吾能安之」（T 层，Q371），文异意同。【乞师与逃赏】前506 如秦乞师，秦伯初辞，乃「立依於庭牆而哭，日夜不絕聲，勺飲不入口七日」，秦哀公为赋《无衣》，九顿首而坐，秦师乃出（E244）；次年秦师至而楚复国（E229），昭王赏功而其辞曰「吾為君也，非為身也。君既定矣，又何求」，遂逃赏（Q376）。【卒】经传无文，`death_year_bce` 从阙。,0,,,楚大夫。与伍员为友而志相反：员曰「我必復楚國」，包胥曰「子能復之，我必能興之」。及吴入郢，如秦乞师，立于秦庭之墙而哭，七日不食，秦师乃出。楚既复国，辞赏而去。
P_FEIWUJI,费无极,费无忌;无极,,费,无极,,楚,楚太子少师，谗臣,前523-前515,谗太子建、致伍奢伍尚之死（E241、E242）；后又谮郤宛，致伯氏之族出奔（伯嚭奔吴之由）；前515 为令尹子常所杀,【用字】《左传》一律作「費無極」（凡七见），《史记·楚世家》《伍子胥列传》作「費無忌」，本库从经传作「无极」，`alt_names` 存《史记》之称。【祸首之明文，非本库推断】《左传·昭公二十七年》沈尹戌言于子常曰「夫無極，楚之讒人也，民莫不知。去朝吳，出蔡侯宋，喪太子建，殺連尹奢，屏王之耳目，使不聰明」——五罪并数，其中「喪太子建」「殺連尹奢」即本库 E241、E242 所载（该段所系之《左传·昭公二十七年》为库内 Z102，本件不重建其源）。同段又谓「不然，平王之溫惠共儉，有過成、莊，無不及焉。所以不獲諸侯，邇無及也」——楚人于平王不尽以昏主目之，其失在信谗，本库照录不作褒贬。【卒】前515，《左传·昭公二十七年》「九月，己未，子常殺費無極與鄢將師，盡滅其族，以說于國，謗言乃止」——与专诸弑王僚同年。其谮郤宛致伯氏之族出奔一节，即伯嚭奔吴之由（见 P_BOPI.notes 与 1a 之 E227）；本件不为郤宛之难另立事目（属楚国内争一线，本批未开），其文见于 Z102 之 notes。,0,,-515,楚太子少师。以太子建可室为端，劝平王自取秦女；复言太子将以方城之外叛，致伍奢父子见杀、太子出奔。沈尹戌数其五罪，谓「楚之谗人也，民莫不知」。前515 为令尹子常所杀以说国人。
P_WUSHE,伍奢,连尹奢,,伍,奢,,楚,楚太子建之师，官连尹,前523-前522,太子建之师；费无极所谗而见杀；伍尚、伍员之父,【氏名】氏伍名奢。《左传·昭公十九年》「使伍奢為之師」（为太子建之师）；《左传·昭公二十年》「王執伍奢」「奢聞員不來」。【官称有经传明文】《左传·昭公二十七年》沈尹戌数费无极之罪有「殺連尹奢」，是伍奢官为「连尹」（楚官名）之经传明文，本库 `alt_names` 存「连尹奢」。【世系】其先伍参见《左传·宣公十二年》邲之战（库内 P_WUCAN「伍參欲戰」），伍举屡见于襄昭之际；伍氏之姓经传无文，本行 `xing` 从阙（同 P_WUYUAN）。【二子】伍尚为棠邑大夫，传称「棠君尚」；伍员即伍子胥。王以父质召二子，尚归而员不来，「奢聞員不來，曰：『楚君大夫其旰食乎！』楚人皆殺之」——「旰食」谓日晏而食，言楚之君臣自此不得安食，是其绝笔，亦柏举之役之预言（E242）。**伍尚本件因配角配额已满未立人物行**（说见 CHANGES），其名与「我能死，爾能報」一段全文俱见 Q365。【对王之言】「君一過多矣，何信於讒」——「一過」谓平王取秦女一事，伍奢以王之自失为言而不自辩，是本条最见其人者。【卒】前522，与伍尚同见杀于楚。,0,,-522,楚太子建之师，官连尹。费无极谗太子将叛，王问之，对曰「君一过多矣，何信于谗」。见执，王以其父之命召二子，尚归而员奔吴；奢闻员不来，曰「楚君大夫其旰食乎」，遂与尚俱见杀。
P_TAIZIJIAN,太子建,子木;楚太子建,芈,熊,建,,楚/宋/郑,楚平王太子,前523-前?,楚平王之子；伍奢为其师、费无极为其少师而谗之；奔宋、奔郑，终为郑人所杀；其子胜即白公胜（属 C2）,【名与称】名建。《左传·昭公十九年》「生大子建」「故太子建居于城父」；《左传·哀公十六年》追叙其终，称之曰「子木」（「遂殺子木」）——「子木」当为其字，本库 `alt_names` 存之。【身世】传于昭公十九年别叙其母之出身（「楚子之在蔡也，某陽封人之女奔之，生大子建」），该处地名用字两本有异：本轮所据维基文库整理本作「具陽」，通行本多作「郹陽」（在今河南新蔡一带），而 ctext 本轮不可达、未能作双本比对，故本库不引该句原文，只记其事并登记异文（见 CHANGES 上报）。【终】《左传·哀公十六年》以追叙记之：「楚大子建之遇讒也，自城父奔宋，又辟華氏之亂於鄭，鄭人甚善之。又適晉，與晉人謀襲鄭，乃求復焉。鄭人復之如初。晉人使諜於子木，請行而期焉。子木暴虐於其私邑，邑人訴之。鄭人省之，得晉諜焉，遂殺子木」——死于郑人之手，**年月不书**，故 `death_year_bce` 从阙，本库不代推。【★《史记》系年之误】《史记·伍子胥列传》作「鄭定公與子產誅殺太子建」；然子产卒于前522（《左传·昭公二十年》，即库内 E199），而太子建奔宋在前522 三月，其后历宋华氏之乱、奔郑、适晋、还郑而后见杀，必在前522 之后有年，其时子产已卒，不得与谋。本库登记此误而不据以改写、不为子产补挂此链（说见 E242）。【state 全链】楚→宋→郑（前523 居城父，前522 奔宋，避华氏之乱而奔郑，卒于郑）。其中途「又適晉，與晉人謀襲鄭，乃求復焉」一节为谋袭郑之行、旋即还郑，非政治身份归属之迁转，依 conventions §6.6「往返型不入流向」之判例精神不计入 `state`，其事仍见本栏与 Q366（已列 CHANGES 上报请复核）。【子】其子胜，《左传·哀公十六年》「其子曰勝，在吳」，后为白公，作乱于楚——属 C2，本件不立人物行。,0,,,楚平王太子。伍奢为其师，费无极为少师而谗之：先劝王取其所聘之秦女，继言其将以方城之外叛。王使城父司马奋扬杀之，奋扬先遣之，乃奔宋；又避华氏之乱而之郑，谋袭郑事泄，为郑人所杀。
P_BOPI,伯嚭,嚭;吴大宰嚭;太宰嚭,,伯,嚭,,楚/吴,吴大宰,前506-前473,伯州犁之孙；楚杀郤宛而伯氏之族出，遂奔吴为大宰；与伍员并为楚之亡臣而同谋楚；事吴王阖庐、夫差（后事属 C2）,【称谓考订】《左传》称之曰「嚭」或「大宰嚭」「太宰嚭」（定公四年「伯州犁之孫嚭，為吳大宰以謀楚」，哀公元年「使大夫種因吳大宰嚭以行成」，哀公七年、十二年、十三年、十五年、二十四年等屡见），**全帙无「伯嚭」二字连书**；「伯嚭」之称见《史记·吴太伯世家》「其孫伯嚭亡奔吳」。本库 `name` 取通行之「伯嚭」——其氏为伯有经传明文（《左传·定公四年》「楚之殺郤宛也，伯氏之族出」），故「伯嚭」合于氏＋名之例、非杜撰——`alt_names` 存传文本字，各 passage 之 `quote_original` 一律照录传文。【奔吴之由】其祖伯州犁，《左传·定公四年》明书「伯州犁之孫嚭」；郤宛（左尹郤宛）之难在《左传·昭公二十七年》（费无极谮之，令尹子常令鄢将师攻而焚之，尽灭郤氏之族党）。**惟传只书「楚之殺郤宛也，伯氏之族出」，未明书郤宛为嚭之父**，二人之属本库不代补（后世多以郤宛为伯州犁之子、嚭之父，非经传明文）。【官】《左传·定公四年》「為吳大宰以謀楚」，与伍员之为行人同年同段，二人皆楚之亡臣而并谋楚。【C2 预注】其后事夫差为大宰，受越之赂而主许越平（《左传·哀公元年》「使大夫種因吳大宰嚭以行成」），与伍员异趋；吴亡之后，《左传·哀公二十二年》只书「越滅吳，請使吳王居甬東」而无诛嚭之文，「越王滅吳，誅太宰嚭，以為不忠」之说见《史记·吴太伯世家》（后出叙事层）——C2 立目时须分层。本行 `active_years_bce` 下限取前473（越灭吴之年，其人经传所见之末），`death_year_bce` 从阙。,0,,,楚伯州犁之孙。楚杀郤宛而伯氏之族出，遂奔吴为大宰，与伍员同年并谋楚。《左传》称之曰「嚭」「大宰嚭」，不书「伯嚭」。其后事夫差，与伍员异趋，为吴越之局中一大关节（事属 C2）。
P_CHUPING,楚平王,楚子居;弃疾,芈,熊,居,,楚,楚王（前528—前516 在位）,前523-前516,太子建之父；用费无极之谗，取太子之秦女、执伍奢而杀之；楚昭王之父,【名】名居。《春秋·昭公二十六年》经「九月，庚申，楚子居卒」，经文明书，`high`。其初封蔡公，名弃疾，弑灵王之子而自立（事在《左传·昭公十三年》，本批不涉，`alt_names` 存「弃疾」以备检索）。【与本批之关系】前523 使伍奢为太子建之师、费无极为少师；用无极之谗而自取所聘之秦女（E241）；前522 执伍奢、使奋扬杀太子（奋扬遣之）、以父质召二子而杀伍奢伍尚（E242）——楚国自此「無歲不有吳師」（《左传·定公四年》），至前506 而郢陷。【楚人之评】《左传·昭公二十七年》沈尹戌责令尹子常之辞，于数费无极五罪之后曰「不然，平王之溫惠共儉，有過成、莊，無不及焉。所以不獲諸侯，邇無及也」——楚人于平王不尽以昏主目之，以为其失在信谗而非其性，本库照录不作褒贬。【卒】前516，《春秋·昭公二十六年》经文明书；其子昭王立而年少，国政在令尹子常（库内 P_CHUZHAO、P_NANGWA，1a 所立）。【《史记》鞭尸之说所指即其墓其尸】说见 E228 之 Q377／Q378 层标——《左传》全无鞭尸之文。,0,,-516,楚王，名居。使伍奢为太子建之师，而信费无极之谗：取太子所聘之秦女，远太子于城父，终执伍奢而杀其父子。楚国之祸自此始，十六年后吴师入郢。
