id,person_a,person_b,rel_type,rel_label,reliability,source_note
R001,P_ZHENGHUAN,P_ZHENGZHUANG,亲属-直系,祖父,high,中间一代郑武公未入库，故记祖孙边
R002,P_WUJIANG,P_ZHENGZHUANG,亲属-直系,母,high,左传隐公元年
R003,P_WUJIANG,P_GONGSHUDUAN,亲属-直系,母,high,左传隐公元年
R004,P_ZHENGZHUANG,P_GONGSHUDUAN,亲属-同辈,同母兄,high,左传隐公元年
R005,P_ZHENGZHUANG,P_ZHENGZHAO,亲属-直系,父,high,左传桓公十一年
R006,P_ZHENGZHUANG,P_ZHENGLI,亲属-直系,父,high,左传桓公十一年
R007,P_ZHENGZHUANG,P_ZIWEI,亲属-直系,父,high,左传桓公十八年
R008,P_ZHENGZHAO,P_ZHENGLI,亲属-同辈,兄,high,左传桓公十一年（昭公为世子）
R009,P_ZHENGZHAO,P_ZIWEI,亲属-同辈,兄,high,诸子次序从通说
R010,P_JIZHONG,P_ZHENGZHUANG,君臣,宠臣为卿,high,左传桓公十一年
R011,P_JIZHONG,P_ZHENGZHAO,拥立,所立,high,左传桓公十一年
R012,P_JIZHONG,P_ZHENGLI,拥立,所立（受宋胁迫）,high,左传桓公十一年
R013,P_ZHENGLI,P_JIZHONG,敌对,谋去之而败,high,左传桓公十五年雍纠事
R014,P_GAOQUMI,P_ZHENGZHUANG,君臣,受知遇为卿,high,左传桓公十七年追叙
R015,P_GAOQUMI,P_ZHENGZHAO,敌对,弑之,high,左传桓公十七年
R016,P_GAOQUMI,P_ZIWEI,拥立,所立,high,左传桓公十七年
R017,P_QIXIANG,P_ZIWEI,敌对,杀之,high,左传桓公十八年
R018,P_QIXIANG,P_GAOQUMI,敌对,轘杀之,high,左传桓公十八年
R019,P_YINGKAOSHU,P_ZHENGZHUANG,君臣,谏臣,high,左传隐公元年
R020,P_ZHUDAN,P_ZHENGZHUANG,君臣,部将,high,左传桓公五年
R021,P_ZHENGZHAO,P_WENJIANG,其他,辞婚,high,左传桓公六年（初辞在文姜未嫁时，追叙）
R022,P_QIXIANG,P_WENJIANG,亲属-同辈,兄,high,同母异母无明文
R023,P_QIXIANG,P_WENJIANG,其他,私通,high,左传桓公十八年
R024,P_QIXIANG,P_QIHUAN,亲属-同辈,兄,high,左传庄公八年
R025,P_QIXIANG,P_ZIJIU,亲属-同辈,兄,high,左传庄公八年
R026,P_QIHUAN,P_ZIJIU,亲属-同辈,兄弟,medium,孰长异说（《史记》诸篇不一）
R027,P_WENJIANG,P_QIHUAN,亲属-同辈,姊,medium,长幼无明文，从文姜早嫁推
R028,P_WUZHI,P_QIXIANG,敌对,弑之,high,左传庄公八年
R029,P_QIXIANG,P_WUZHI,亲属-同辈,从兄,high,《史记》：僖公母弟夷仲年之子
R030,P_PENGSHENG,P_LUHUAN,敌对,拉杀之（受命）,high,左传桓公十八年；《史记》叙醉后拉杀
R031,P_QIXIANG,P_PENGSHENG,君臣,君（事后诛之以谢鲁）,high,左传桓公十八年
R032,P_GUANZHONG,P_QIHUAN,君臣,相,high,左传庄公九年；国语齐语
R033,P_BAOSHUYA,P_QIHUAN,拥立,奉之出奔而佐立,high,左传庄公八、九年
R034,P_GUANZHONG,P_ZIJIU,君臣,傅,high,左传庄公八年
R035,P_SHAOHU,P_ZIJIU,君臣,傅（死之）,high,左传庄公九年
R036,P_GUANZHONG,P_BAOSHUYA,师友,知交,high,管鲍之交；国语齐语让相
R037,P_GUANZHONG,P_SHAOHU,师友,同傅同僚,high,左传庄公八年
R038,P_BAOSHUYA,P_ZIJIU,敌对,请讨之,high,左传庄公九年
R039,P_QIHUAN,P_ZIJIU,敌对,争位致其死,high,左传庄公九年
R040,P_CAOGUI,P_LUZHUANG,君臣,谋臣战将,high,左传庄公十年
R041,P_CAOGUI,P_QIHUAN,敌对,长勺却之,high,劫盟为《史记》层（作曹沫）
R042,P_AIJIANG,P_LUZHUANG,婚姻,妻,high,左传庄公二十四年
R043,P_AIJIANG,P_QINGFU,其他,私通,high,左传闵公二年追叙
R044,P_AIJIANG,P_QIHUAN,其他,齐公室女（世系异说）,low,仅记齐女，是否桓公之女无考
R045,P_WENJIANG,P_LUHUAN,婚姻,妻,high,左传桓公三年
R046,P_WENJIANG,P_LUZHUANG,亲属-直系,母,high,左传桓公六年
R047,P_LUHUAN,P_LUZHUANG,亲属-直系,父,high,左传桓公六年
R048,P_QIXIANG,P_LUHUAN,敌对,主谋杀之,high,左传桓公十八年；两人亦属姻娅
R049,P_LUYIN,P_LUHUAN,亲属-同辈,异母兄,high,左传隐公元年（隐公庶长）
R050,P_LUHUAN,P_QINGFU,亲属-直系,父,high,通说三桓皆桓公子
R051,P_LUHUAN,P_SHUYA,亲属-直系,父,high,通说三桓皆桓公子
R052,P_LUHUAN,P_JIYOU,亲属-直系,父,high,通说三桓皆桓公子
R053,P_LUZHUANG,P_QINGFU,亲属-同辈,兄弟（行第有辨）,medium,仲叔季称谓推庆父居仲、或为庶长
R054,P_LUZHUANG,P_SHUYA,亲属-同辈,兄弟,high,左传庄公三十二年
R055,P_LUZHUANG,P_JIYOU,亲属-同辈,兄,high,季友最幼（以季为氏）
R056,P_QINGFU,P_SHUYA,亲属-同辈,兄,high,仲叔次序
R057,P_QINGFU,P_JIYOU,亲属-同辈,兄,high,仲季次序
R058,P_SHUYA,P_JIYOU,亲属-同辈,兄,high,叔季次序
R059,P_LUZHUANG,P_ZIBAN,亲属-直系,父,high,左传庄公三十二年
R060,P_QINGFU,P_ZIBAN,敌对,主使弑之,high,左传庄公三十二年
R061,P_JIYOU,P_ZIBAN,拥立,受顾命奉之,high,左传庄公三十二年
R062,P_JIYOU,P_SHUYA,敌对,以君命鸩之,high,左传庄公三十二年
R063,P_YUFU,P_LUYIN,敌对,谮而使贼弑之,high,左传隐公十一年
R064,P_YUFU,P_LUHUAN,拥立,弑隐而立之,high,左传隐公十一年
R065,P_ZANGXIBO,P_LUYIN,君臣,谏臣,high,左传隐公五年
R066,P_ZANGXIBO,P_LUYIN,其他,叔父,high,鲁孝公子、惠公弟；枚举无旁系类暂挂其他
R067,P_ZHENGZHUANG,P_ZHOUHUAN,君臣,王朝卿士,high,左传隐公三年
R068,P_ZHOUHUAN,P_ZHENGZHUANG,敌对,夺政伐之而败,high,左传桓公五年
R069,P_QIXIANG,P_LUZHUANG,其他,舅（兼杀父之仇）,high,文姜之兄；枚举无旁系类暂挂其他
R070,P_LUZHUANG,P_QIHUAN,其他,姻娅（娶齐公室女）,medium,哀姜世系不明
R071,P_LUZHUANG,P_ZIJIU,其他,纳而庇之,high,左传庄公九年
R072,P_ZHENGZHUANG,P_LUYIN,其他,盟好,high,祊田、伐宋、入许（隐公八至十一年）
R073,P_XIPENG,P_QIHUAN,君臣,大夫,high,左传僖公九年隰朋帅师纳晋惠公
R074,P_XIPENG,P_GUANZHONG,师友,同朝同志（管仲荐之自代）,medium,荐相语出《史记》后出层
R075,P_SHUDIAO,P_QIHUAN,君臣,内宠寺人,high,左传僖公十七年（作寺人貂）
R076,P_YIYA,P_QIHUAN,君臣,近幸主膳,high,左传僖公十七年（作雍巫）
R077,P_KAIFANG,P_QIHUAN,君臣,近幸,medium,三竖并称出《管子》《史记》；左传之乱未及其名
R078,P_GUANZHONG,P_SHUDIAO,敌对,临终论其不可近,medium,《史记》齐太公世家（后出叙事）
R079,P_GUANZHONG,P_YIYA,敌对,临终论其不可近,medium,《史记》齐太公世家（后出叙事）
R080,P_GUANZHONG,P_KAIFANG,敌对,临终论其不可近,medium,《史记》齐太公世家（后出叙事）
R081,P_ZAIKONG,P_QIHUAN,其他,代王赐胙而私论其乱,high,左传僖公九年
R082,P_QUWAN,P_QIHUAN,敌对,对垒之使（终与之盟）,high,左传僖公四年
R083,P_WEIWEN,P_QIHUAN,其他,受存国封城之惠,high,左传闵公二年、僖公二年
R084,P_XUMU,P_WEIWEN,亲属-同辈,姊妹,medium,通说戴公文公之姊妹，世系细节从简
R085,P_QIXI,P_WENJIANG,亲属-直系,父,high,左传桓公三年齐侯送姜氏、桓公六年齐侯欲以文姜妻忽（齐侯即僖公，父女关系经传可证）
R086,P_QIXI,P_QIXIANG,亲属-直系,父,high,左传桓公十四年齐侯禄父卒、诸儿继立；史记齐世家僖公卒太子诸儿立是为襄公
R087,P_QIXI,P_QIHUAN,亲属-直系,父,high,史记齐世家桓公小白僖公之子、襄公之弟（通说无异说，与R024同据）
R088,P_QIXI,P_ZIJIU,亲属-直系,父,high,史记齐世家公子纠僖公之子；纠桓孰长有异说不影响父子（参R026）
R089,P_JINXIAN,P_SHENSHENG,亲属-直系,父,high,左传庄公二十八年（烝于齐姜生太子申生）
R090,P_JINXIAN,P_JINWEN,亲属-直系,父,high,左传庄公二十八年（大戎狐姬生重耳）
R091,P_JINXIAN,P_JINHUI,亲属-直系,父,high,左传庄公二十八年（小戎子生夷吾）
R092,P_JINHUI,P_JINHUAI,亲属-直系,父,high,左传僖公二十二至二十四年、史记晋世家（惠公子圉即怀公）
R093,P_SHENSHENG,P_JINWEN,亲属-同辈,异母兄,high,左传庄公二十八年（申生嫡长·重耳庶出）
R094,P_JINWEN,P_JINHUI,亲属-同辈,异母兄,high,左传庄公二十八年（重耳兄·夷吾弟）
R095,P_JINXIAN,P_LIJI,婚姻,夫人（嬖）,high,左传庄公二十八年（骊姬嬖欲立其子）
R096,P_LIJI,P_SHENSHENG,敌对,谮而致其死,high,左传僖公四年（置鸩谮太子申生自缢）
R097,P_LIJI,P_JINWEN,敌对,谮而逐之,high,左传僖公五年（谮二公子重耳出奔）
R098,P_JINWEN,P_HUYAN,君臣,从亡股肱之舅氏（子犯）,high,左传僖公二十三至二十八年、国语晋语四
R099,P_HUYAN,P_JINWEN,其他,母舅（不同辈旁系暂挂其他）,high,狐偃为重耳母舅（狐姬之弟）·旁系8类无专项参fix6处理
R100,P_JINWEN,P_ZHAOCUI,君臣,从亡股肱,high,左传僖公二十三年、国语晋语四
R101,P_JINWEN,P_XIANZHEN,君臣,城濮中军将,high,左传僖公二十七、二十八年
R102,P_JINWEN,P_JIEZHITUI,君臣,从亡之臣（不言禄隐去）,high,左传僖公二十四年
R103,P_JINWEN,P_QIJIANG,婚姻,夫人（齐女）,high,左传僖公二十三年（齐桓公妻之）
R104,P_QINMU,P_JINHUI,拥立,纳之入晋（后遭背赂）,high,左传僖公九至十年、国语晋语二
R105,P_QINMU,P_JINHUI,敌对,韩原俘之,high,左传僖公十五年
R106,P_QINMU,P_JINWEN,拥立,纳之入晋而成其霸,high,左传僖公二十三至二十四年
R107,P_QINMU,P_JINHUAI,敌对,怨其自秦逃归,high,左传僖公二十二至二十四年
R108,P_XIFUJI,P_JINWEN,其他,馈飧置璧之惠,high,左传僖公二十三年、国语晋语四
R109,P_CHUCHENG,P_JINWEN,其他,享之厚遇而问报,high,左传僖公二十三年、国语晋语四
R110,P_CHUCHENG,P_JINWEN,敌对,城濮对垒,high,左传僖公二十八年
R111,P_ZHOUXIANG,P_JINWEN,君臣,策命为侯伯,high,左传僖公二十八年（践土策命）
R112,P_JINWEN,P_ZHOUXIANG,其他,勤王纳王复位,high,左传僖公二十五年
R113,P_WUJIANG,P_ZHENGWU,婚姻,妻,high,左传隐公元年（郑武公娶于申曰武姜）
R114,P_ZHENGWU,P_ZHENGZHUANG,亲属-直系,父,high,左传隐公元年、史记郑世家（生庄公寤生）
R115,P_ZHENGWU,P_GONGSHUDUAN,亲属-直系,父,high,左传隐公元年（生庄公及共叔段）
R116,P_ZHENGHUAN,P_ZHENGWU,亲属-直系,父,high,史记郑世家（桓公友子武公掘突）
R117,P_JIZHONG,P_YONGJI,亲属-直系,父,high,左传桓公十五年（祭仲女雍姬）
R118,P_YONGJIU,P_YONGJI,婚姻,夫,high,左传桓公十五年（雍纠妻雍姬）
R119,P_YONGJIU,P_JIZHONG,其他,婿（祭仲以女妻之）,high,左传桓公十五年
R120,P_JIZHONG,P_YONGJIU,敌对,杀之（婿受命图己反被杀）,high,左传桓公十五年
R121,P_ZHENGLI,P_YONGJIU,君臣,君（使杀祭仲）,high,左传桓公十五年
R122,P_QIXI,P_ZHENGZHUANG,其他,石门之盟同好（齐郑相盟）,high,左传隐公三年（齐郑盟于石门）
R123,P_MUJI,P_QINMU,婚姻,夫人,high,左传僖公十五年（秦穆姬）
R124,P_JINXIAN,P_MUJI,亲属-直系,父,high,左传僖公十五年（晋献公女穆姬）
R125,P_MUJI,P_JINHUI,亲属-同辈,姊,high,左传僖公十五年（韩原请以死赎晋侯·惠公姊）
R126,P_MUJI,P_JINWEN,亲属-同辈,姊,medium,通说晋献公女·重耳异母姊，长幼从简
R127,P_BAILIXI,P_QINMU,君臣,相（五羖大夫）,high,左传僖公十三年「谓百里」；五羖赎见史记秦本纪（后出）
R128,P_JIANSHU,P_QINMU,君臣,上大夫（谋臣）,high,左传僖公三十二年（穆公访诸蹇叔）
R129,P_BAILIXI,P_JIANSHU,师友,友（举之自代）,medium,百里奚举蹇叔·史记秦本纪（后出层）
R130,P_MENGMING,P_QINMU,君臣,将（崤帅·后复用）,high,左传僖公三十二至三十三年、文公三年
R131,P_BAILIXI,P_MENGMING,亲属-直系,父,medium,「百里孟明视」左传僖32；为百里奚子系通说
R132,P_ZHUZHIWU,P_QINMU,其他,夜说而退其师,high,左传僖公三十年
R133,P_XIANGAO,P_MENGMING,其他,矫命犒师纾郑难,high,左传僖公三十三年
R134,P_JINXIANGGONG,P_QINMU,敌对,崤败秦师,high,左传僖公三十三年
R135,P_JINWEN,P_JINXIANGGONG,亲属-直系,父,high,左传僖公三十二至三十三年、史记晋世家（襄公文公子）
R136,P_JINXIANGGONG,P_MENGMING,敌对,崤俘三帅（后纵之）,high,左传僖公三十三年
R137,P_QINMU,P_JINHUI,其他,输粟救晋饥（泛舟之役）,high,左传僖公十三年
R138,P_CHUCHENG,P_ZIYUAN,君臣,令尹,high,左传庄公二十八年
R139,P_CHUCHENG,P_ZIWEN,君臣,令尹,high,左传庄公三十年、僖公二十三至二十八年
R140,P_CHUCHENG,P_ZIYU,君臣,令尹,high,左传僖公二十七至二十八年
R141,P_ZIWEN,P_ZIYU,其他,荐为令尹自代,high,左传僖公二十七年（子文荐子玉）
R142,P_CHUCHENG,P_ZIYU,其他,使责而致其自杀,high,左传僖公二十八年
R143,P_CHUCHENG,P_SHANGCHEN,亲属-直系,父,high,左传文公元年
R144,P_SHANGCHEN,P_CHUCHENG,敌对,弑父自立（楚穆王）,high,左传文公元年
R145,P_ZIYU,P_JINWEN,敌对,城濮对垒败于晋,high,左传僖公二十八年
R146,P_SONGXIANG,P_CHUCHENG,敌对,泓之战为楚所败,high,左传僖公二十二年
R147,P_SONGXIANG,P_JINWEN,其他,过宋赠马二十乘之惠,high,左传僖公二十三年、国语晋语四
R148,P_SHANGCHEN,P_CHUZHUANG,亲属-直系,父,high,左传/史记（楚穆王商臣生庄王侣）
R149,P_CHUZHUANG,P_SUNSHUAO,君臣,令尹,high,左传宣公十二年（孙叔敖为令尹）
R150,P_CHUZHUANG,P_ZIYUEJIAO,君臣,令尹,high,左传宣公四年（子越椒为令尹）
R151,P_CHUZHUANG,P_ZIYUEJIAO,敌对,平其乱而灭若敖氏,high,左传宣公四年（皋浒之战）
R152,P_ZIWEN,P_ZIYUEJIAO,其他,族侄·遗言预其灭若敖氏,high,左传宣公四年（子文谏杀、遗言）
R153,P_WANGSUNMAN,P_CHUZHUANG,其他,劳楚子而对问鼎（在德不在鼎）,high,左传宣公三年
R154,P_CHUZHUANG,P_WUCAN,君臣,主战之嬖臣,high,左传宣公十二年（伍参主战）
R155,P_CHUZHUANG,P_ZICHONG,亲属-同辈,弟,high,通说楚穆王子·庄王弟（公子婴齐）
R156,P_CHUZHUANG,P_ZICHONG,君臣,将左军,high,左传宣公十二年（邲之战子重将左）
R157,P_CHUZHUANG,P_ZIFAN,亲属-同辈,弟,high,通说楚穆王子·庄王弟（公子侧）
R158,P_CHUZHUANG,P_ZIFAN,君臣,司马·将右军,high,左传宣公十二年（邲之战子反将右）
R159,P_HUAYUAN,P_ZIFAN,其他,夜登其床告困而约退,high,左传宣公十五年
R160,P_SHENZHOU,P_CHUZHUANG,君臣,奉命使齐过宋而遇害之臣,high,左传宣公十四年（庄王使申舟勿假道）
R161,P_XUNLINFU,P_CHUZHUANG,敌对,邲之战对垒而败,high,左传宣公十二年
R162,P_XIANGU,P_XUNLINFU,其他,违主帅之命擅济致败,high,左传宣公十二年（先縠违荀林父命）
R163,P_HUAYUAN,P_CHUZHUANG,敌对,守宋抗楚·拒城下之盟而终平,high,左传宣公十五年
R164,P_SHIHUI,P_XUNLINFU,其他,上军将·谏而备独全军以退,high,左传宣公十二年（士会全上军）
R165,P_WEIZHUANG,P_ZHUANGJIANG,婚姻,妻,high,左传隐公三年
R166,P_ZHUANGJIANG,P_WEIHUAN,亲属-直系,养母（庄姜以桓公为己子）,high,左传隐公三年
R167,P_WEIZHUANG,P_WEIHUAN,亲属-直系,父,high,左传隐公三年（陈戴妫所生）
R168,P_WEIZHUANG,P_ZHOUYU,亲属-直系,父,high,左传隐公三年（嬖人之子）
R169,P_ZHOUYU,P_WEIHUAN,敌对,弑之自立,high,左传隐公四年
R170,P_ZHUANGJIANG,P_ZHOUYU,敌对,恶之,high,左传隐公三年
R171,P_WEIXUAN,P_XUANJIANG,婚姻,妻（新台自纳）,high,左传桓公十六年
R172,P_XUANJIANG,P_JIZI,其他,本为急子所聘（宣公纳之）,high,左传桓公十六年
R173,P_WEIXUAN,P_JIZI,亲属-直系,父,high,左传桓公十六年（烝夷姜所生）
R174,P_XUANJIANG,P_SHOUZI,亲属-直系,母,high,左传桓公十六年
R175,P_XUANJIANG,P_WEIHUI,亲属-直系,母,high,左传桓公十六年
R176,P_WEIXUAN,P_SHOUZI,亲属-直系,父,high,左传桓公十六年
R177,P_WEIXUAN,P_WEIHUI,亲属-直系,父,high,左传桓公十六年
R178,P_JIZI,P_SHOUZI,亲属-同辈,异母兄,high,左传桓公十六年
R179,P_SHOUZI,P_WEIHUI,亲属-同辈,同母兄,high,左传桓公十六年
R180,P_WEIHUI,P_JIZI,敌对,与宣姜构杀之,high,左传桓公十六年
R181,P_SHOUZI,P_JIZI,其他,窃旌代兄先死,high,左传桓公十六年
R182,P_ZHAOBO,P_XUANJIANG,婚姻,烝（齐人强之）,high,左传闵公二年
R183,P_WEIXUAN,P_ZHAOBO,亲属-直系,父,high,左传闵公二年（昭伯即公子顽）
R184,P_XUANJIANG,P_XUMU,亲属-直系,母,high,左传闵公二年
R185,P_XUANJIANG,P_WEIWEN,亲属-直系,母,high,左传闵公二年
R186,P_ZHAOBO,P_XUMU,亲属-直系,父,high,左传闵公二年
R187,P_ZHAOBO,P_WEIWEN,亲属-直系,父,high,左传闵公二年
R188,P_QIXI,P_XUANJIANG,亲属-直系,女（通说）,medium,通说宣姜齐僖公女·与文姜姊妹
R189,P_XUANJIANG,P_WENJIANG,亲属-同辈,姊妹（通说）,medium,通说同为齐僖公女
R190,P_XIHOU,P_XIGUI,婚姻,妻,high,左传庄公十年
R191,P_CHUWEN,P_XIGUI,婚姻,妻（灭息而纳）,high,左传庄公十四年
R192,P_XIGUI,P_CHUCHENG,亲属-直系,母,high,左传庄公十四年
R193,P_CHUWEN,P_CHUCHENG,亲属-直系,父,high,史记楚世家（成王文王之子）
R194,P_CAIAI,P_XIGUI,其他,姨（蔡侯妻息妫之姊·止而弗宾）,high,左传庄公十年
R195,P_CHUWEN,P_CAIAI,敌对,败之于莘获之·以妫故入蔡,high,左传庄公十、十四年
R196,P_CHUWEN,P_XIHOU,敌对,如息灭之,high,左传庄公十四年
R197,P_ZIYUAN,P_XIGUI,其他,欲蛊之（振万于宫）,high,左传庄公二十八年
R198,P_CHUWEN,P_ZIYUAN,亲属-同辈,兄,high,左传庄公二十八年（子元文王弟）
R199,P_XIHOU,P_CAIAI,其他,连襟（俱娶于陈）,high,左传庄公十年
R200,P_LIJI,P_JINHUI,敌对,谮逐之,high,左传僖公五年（谮二公子·夷吾奔屈）
R201,P_MUJI,P_SHENSHENG,亲属-同辈,姊（同母·通说齐姜所生）,medium,通说穆姬申生同母
R202,P_BAOSHUYA,P_GUANZHONG,其他,让相荐贤（“使相可也”）,high,左传庄公九年鲍叔「管夷吾治于高傒，使相可也」；国语齐语鲍叔辞相让贤
R220,P_MUYI,P_SONGXIANG,亲属-同辈,庶兄,high,左传僖公八年「目夷长且仁」（书其长）、僖公九年「以公子目夷为仁」（书其为宋公之子）；「庶」字据《史记·宋微子世家》「太子兹甫让其庶兄目夷为嗣」，《左传》无「庶」字
R221,P_SONGXIANG,P_MUYI,君臣,以为左师使听政,high,左传僖公九年「宋襄公即位，以公子目夷为仁，使为左师以听政，于是宋治」；《史记·宋微子世家》作「为相」，官称异，从传
R222,P_SONGHUAN,P_SONGXIANG,亲属-直系,父,high,左传僖公八年「宋公疾，大子兹甫固请曰」；春秋僖公九年经「三月丁丑，宋公御说卒」、僖公二十三年经「宋公兹父卒」
R223,P_SONGHUAN,P_MUYI,亲属-直系,父,high,左传僖公九年「以公子目夷为仁」（「公子」即宋公之子）；《史记·宋微子世家》书目夷为襄公庶兄
R224,P_SONGXIANG,P_QIXIAOGONG,拥立,伐齐纳而立之,high,左传僖公十八年「宋襄公以诸侯伐齐……夏五月，宋败齐师于甗，立孝公而还」
R225,P_QIHUAN,P_QIXIAOGONG,亲属-直系,父,high,左传僖公十七年「郑姬，生孝公」
R226,P_QIHUAN,P_SONGXIANG,其他,属太子昭于宋襄公,high,左传僖公十七年「公与管仲属孝公于宋襄公，以为大子」
R227,P_GUANZHONG,P_QIXIAOGONG,其他,与桓公同属之于宋以为大子,high,左传僖公十七年「公与管仲属孝公于宋襄公，以为大子」；管仲卒于前645，属托在其生前
R228,P_XIAJI,P_XIAZHENGSHU,亲属-直系,母,high,左传成公二年巫臣辞「戮夏南」（夏南即徵舒之字）与宣公十年「飲酒於夏氏」「徵舒似女」并见；夏姬为陈夏氏之妻、徵舒为夏氏之子，母子关系传文可据
R229,P_XIANGLAO,P_XIAJI,婚姻,妻（王以夏姬予之）,high,左传成公二年「王以予連尹襄老」
R230,P_WUCHEN,P_XIAJI,婚姻,妻（聘诸郑，及郑以夏姬行而奔晋）,high,左传成公二年「巫臣聘諸鄭，鄭伯許之」「及鄭，使介反幣，而以夏姬行……遂奔晉」
R231,P_CHENLING,P_XIAJI,其他,《左传》宣公九年记与夏姬有私,high,左传宣公九年「陳靈公與孔寧、儀行父通於夏姬」；同条所记孔宁、仪行父二人同事，本轮未另立结构关系行（同一事实不三行并陈），原文具于 Q178
R232,P_XIAZHENGSHU,P_CHENLING,敌对,弑其君,high,春秋宣公十年经「陳夏徵舒弒其君平國」；左传同年「公出，自其廄射而殺之」
R233,P_XIEYE,P_CHENLING,君臣,陈大夫（谏宣淫而见杀）,high,左传宣公九年「洩冶諫曰：公卿宣淫，民無效焉」「遂殺洩冶」；春秋经「陳殺其大夫洩冶」
R234,P_KONGNING,P_CHENLING,君臣,陈卿,high,左传宣公九年、十年二子与灵公并见；春秋宣公十一年经作「公孫寧」
R235,P_YIXINGFU,P_CHENLING,君臣,陈卿,high,左传宣公十年「公謂行父曰：徵舒似女。對曰：亦似君」
R236,P_CHUZHUANG,P_XIAZHENGSHU,敌对,入陈杀之、轘诸栗门,high,左传宣公十一年「遂入陳，殺夏徵舒，轘諸栗門」；春秋经「楚人殺陳夏徵舒」
R237,P_SHENSHUSHI,P_CHUZHUANG,君臣,楚大夫（谏县陈，王善之而复封）,high,左传宣公十一年「今縣陳，貪其富也……王曰：善哉，吾未之聞也……乃復封陳」
R238,P_WUCHEN,P_CHUZHUANG,君臣,申公（谏勿纳夏姬，其后奔晋）,high,左传成公二年「申公巫臣曰：不可……王乃止」；同年「遂奔晉，而因郤至，以臣於晉」
R239,P_ZIFAN,P_WUCHEN,敌对,杀其族而取黑要、清尹之室,high,左传成公七年「子重、子反殺巫臣之族……子反取黑要與清尹之室」；巫臣遗书「余必使爾罷於奔命以死」
R240,P_ZICHONG,P_WUCHEN,敌对,杀其族而取子阎之室,high,左传成公七年「子重、子反殺巫臣之族子閻、子蕩……子重取子閻之室」
R241,P_SHOUMENG,P_WUCHEN,其他,悦其人而受其射御车战之教,high,左传成公七年「吳子壽夢說之。乃通吳于晉……與其射御，教吳乘車，教之戰陳，教之叛楚」
R242,P_JIETUIMU,P_JIEZHITUI,亲属-直系,母（两劝求禄不从而终与之偕隐）,high,左传僖公二十四年「其母曰：盍亦求之，以死誰懟」「其母曰：能如是乎？與女偕隱。遂隱而死」；《史记·晋世家》同载
R243,P_BAOSHUYA,P_LUZHUANG,敌对,帅师来言迫鲁讨子纠、受管仲,high,左传庄公九年「鮑叔帥師來言曰：子糾，親也，請君討之。管、召，讎也，請受而甘心焉。乃殺子糾于生竇」；《国语·齐语》载其请诸鲁之计
R244,P_JIEZHITUI,P_HUYAN,其他,耻其贪天之功要市于君、不忍与同位（《史记》层）,medium,史记晋世家「而子犯以為己功而要市於君，固足羞也。吾不忍與同位」；左传僖二十四推言「二三子以為己力，不亦誣乎」不指名，故此边只成立于《史记》层，reliability 降 medium
R245,P_ZIPI,P_ZICHAN,其他,授之以政而委国事（「虎帅以听，谁敢犯子」／「子皮以为忠，故委政焉」）,high,左传襄公三十年「郑子皮授子产政」；襄公三十一年「子皮以为忠，故委政焉，子产是以能为郑国」
R246,P_ZICHAN,P_ZIPI,师友,谏其勿使尹何为邑（「未能操刀而使割」），子皮服而听之；伯有之乱子皮怒止驷氏之攻以护之,high,左传襄公三十一年「猶未能操刀而使割也」「自今請雖吾家，聽子而行」；襄公三十年「子皮怒之曰：禮，國之幹也」
R247,P_ZICHAN,P_SHUXIANG,师友,诤友：叔向诒书责其铸刑书、子产复书「吾以救世也」；叔向又称「子产有辞，诸侯赖之」,high,左传昭公六年叔向诒书与子产复书；襄公三十一年「辭之不可以已也如是夫」；襄公三十年叔向问郑国之政于子产
R248,P_ZICHAN,P_RANMING,师友,始知然明而问为政；然明请毁乡校，闻其答而服曰「今而后知吾子之信可事也」,high,左传襄公二十五年「子產始知然明，問為政焉」；襄公三十一年「然明謂子產曰：毀鄉校，何如」
R249,P_ZICHAN,P_PIZAO,其他,两却其以宝禳火之请：「灶焉知天道？是亦多言矣」,high,左传昭公十七年「子產弗與」；昭公十八年「子產不可」「天道遠，人道邇」
R250,P_ZICHAN,P_ZIDASHU,其他,临终授政并诲以宽猛（「我死，子必为政」）；子大叔早年问政得「政如农功」之答,high,左传昭公二十年「鄭子產有疾，謂子大叔曰：我死，子必為政」；襄公二十五年「子大叔問政於子產」
R251,P_KONGZI,P_ZICHAN,其他,《左传》记仲尼三评子产：「人谓子产不仁，吾不信也」、宽猛相济、闻卒出涕「古之遗爱也」,high,左传襄公三十一年（前542，孔子时年十岁，系追记之评）、昭公二十年两处（前522，孔子年三十）
R252,P_CUIZHU,P_QIZHUANG,拥立,齐灵公疾而微逆公子光立之（襄公十九年）,high,左传襄公十九年「齊侯疾，崔杼微逆光。疾病，而立之」
R253,P_CUIZHU,P_QIZHUANG,敌对,以庄公通棠姜屡如崔氏故，伺间弑之于崔氏之室（襄公二十五年）,high,左传襄公二十五年「公踰牆，又射之，中股，反隊，遂弒之」；春秋经「夏五月乙亥，齊崔杼弒其君光」
R254,P_YANYING,P_QIZHUANG,君臣,君见弑而不死不亡：枕尸股而哭、三踊而出，以「君为社稷死则死之」为断,high,左传襄公二十五年「枕尸股而哭。興，三踊而出」「故君為社稷死，則死之；為社稷亡，則亡之」
R255,P_YANYING,P_CUIZHU,其他,崔氏之门不死不亡而崔子舍之「民之望也，舍之得民」；大宫之盟夺其辞而不与崔庆,high,左传襄公二十五年「人謂崔子：必殺之。崔子曰：民之望也，舍之得民」「嬰所不唯忠於君、利社稷者是與，有如上帝」
R256,P_ZICHONG,P_ZIFAN,其他,鄢陵败后责其陨师徒「盍图之」，子反遂死，王使止之弗及（成公十六年）,high,左传成公十六年「子重復謂子反曰：初隕師徒者，而亦聞之矣。盍圖之」「王使止之，弗及而卒」
R257,P_YANYING,P_QIJING,君臣,事景公：辞邶殿之邑、以「踊贵屦贱」谏刑、谏诛祝史、遄台论和同、谏禳彗、论陈氏厚施,high,左传襄公二十八年「與晏子邶殿，其鄙六十，弗受」；昭公三年「景公為是省於刑」；昭公二十年「公說，使有司寬政」「唯據與我和夫」；昭公二十六年「公說，乃止」「吾今而後知禮之可以為國也」
R258,P_YANYING,P_SHUXIANG,师友,昭公三年如晋成昏，受礼从宴而相与语，两番各道其国之季世,high,左传昭公三年「晏子受禮，叔向從之宴，相與語」「齊其為陳氏矣」「雖吾公室，今亦季世也」；又同年「既已告於君，故與叔向語而稱之」
R259,P_CUIZHU,P_QIJING,拥立,弑齐庄公而立景公，自相之（襄公二十五年）,high,左传襄公二十五年「丁丑，崔杼立而相之，慶封為左相。盟國人於大宮」
R260,P_SHUXIANG,P_QIXIDAFU,其他,栾氏之难见囚而曰「必祁大夫」；祁奚乘馹见范宣子请宥之，既免，不见叔向而归，叔向亦不告免焉而朝,high,左传襄公二十一年「叔向曰：必祁大夫」「於是祁奚老矣，聞之，乘馹而見宣子」「宣子說，與之乘，以言諸公而免之。不見叔向而歸。叔向亦不告免焉而朝」。二人于本事中并无相见之文，所结者是举与被举、免与被免之实，非师友之交，故 rel_type 取「其他」而不取「师友」。
R261,P_SHUXIANG,P_HANQI,师友,晋之同列：宣子忧贫而叔向贺之，举栾武子之贫与郤昭子之富为对，宣子拜稽首受其言,medium,国语晋语八末章「叔向見韓宣子，宣子憂貧，叔向賀之」「宣子拜稽首焉」；同篇又载「叔向為太傅，實賦祿，韓宣子問二公子之祿焉」，是二人相与问对不止一见。《左传》未见二人直接问对之文，且《国语》不系年，故标 medium 而非 high。
R262,P_SHUXIANG,P_WUCHEN,其他,婿：娶于申公巫臣氏（其母谏之而平公强使取之，生伯石）,high,左传昭公二十八年「初，叔向欲娶於申公巫臣氏……叔向懼，不敢取。平公強使取之，生伯石」——「娶於申公巫臣氏」为经传明文，故标 high。现行 rel_type 八类无「姻亲」一目，本条取「其他」而于 rel_label 写明其为婿，枚举是否宜增「姻亲」已列 CHANGES 观察项，本件不自行扩枚举。
R263,P_SHUXIANG,P_XIAJI,其他,婿：所娶为申公巫臣氏之女，通说以为巫臣与夏姬所生（跨线姻亲，叔向线与夏姬线于此相连）,medium,左传昭公二十八年叔向欲娶于申公巫臣氏，其母之谏专论「子靈之妻」（子灵即巫臣，其妻即夏姬）之美恶，并明言「是鄭穆少妃姚子之子，子貉之妹也」，故通说以所娶者为巫臣与夏姬之女；然经传无「夏姬之女」四字，其女之名亦不见于经传，本库不为之立人物行，此边亦标 medium 而不作 high——宁降不虚。本库既有 Q193（同段之文系于夏姬线 E182 之下）之注亦已作此表述。
R264,P_SHUXIANG,P_YANGSHIWO,亲属-直系,父,high,左传昭公二十八年「平公強使取之，生伯石」「晉殺祁盈及楊食我」；国语晋语八「楊食我生，叔向之母聞之」——两书同记一事而《国语》径书其名，伯石即杨食我为两书互证，非注家之说。
R265,P_HELU,P_WULIAO,敌对,弑之而代立：以「我，王嗣也」争位，使鱄设诸弑之,high,左传昭公二十七年「吳公子光曰：『此時也，弗可失也。』告鱄設諸曰：『……我，王嗣也，吾欲求之。』」「鱄設諸寘劍於魚中以進，抽劍刺王……遂弒王，闔廬以其子為卿」——谋、弑、代立三节俱经传明文，故 high。二人之亲属关系则不明：《史记·吴太伯世家》以僚为余眛之子、光为诸樊之子（则为从兄弟），《左传》无其父之明文，本库不据以另织亲属边。
R266,P_HELU,P_ZHUANZHU,其他,死士：为公子光刺吴王僚，事成而光以其子为卿,high,左传昭公二十七年「告鱄設諸曰……光曰：『我，爾身也。』」「鱄設諸寘劍於魚中以進，抽劍刺王」「闔廬以其子為卿」。其时光尚为公子、未为君，故不取「君臣」而取「其他」，于 rel_label 写明其为死士之属；荐之者为伍员（左传昭公二十年「乃見鱄設諸焉，而耕於鄙」），该边属本库 round27b（伍子胥件），本件不织。
R267,P_HELU,P_FUGAI,亲属-同辈,兄：夫概为其弟,high,左传定公四年「闔廬之弟夫概王，晨請於闔廬曰……」——兄弟之亲为经传明文，故 high。次年夫概归而自立、与阖庐战败奔楚为堂谿氏（左传定公五年），敌对之一节见于 E229 之著录，本库不另织敌对边（兄弟一伦已足，敌对为一时之事而非其关系之定性）。
R268,P_JIZHA,P_HELU,其他,从父（叔父）：据《史记》以光为诸樊之子，则季札为其从父,medium,《史记·吴太伯世家》「公子光者，王諸樊之子也」，又以季札为寿梦少子、诸樊之弟，据此则季札为阖庐之从父。**《左传》全帙无阖庐父名之明文**，光自称「我，王嗣也」而已，故本边依后出叙事层立而标 medium，不作 high。现行 rel_type 八类无「亲属-旁系」一目，本条取「其他」而于 rel_label 写明其属，体例同 R262（叔向—巫臣「婿」取「其他」）。
R269,P_HELU,P_SHOUMENG,亲属-直系,孙：据《史记》光为诸樊之子、诸樊为寿梦之子,medium,《史记·吴太伯世家》世系（「公子光者，王諸樊之子也」；寿梦四子长曰诸樊）。《春秋·襄公十二年》经「秋九月，吳子乘卒」、传「秋，吳子壽夢卒」为寿梦名乘之经传明文；《春秋·襄公二十五年》经「十有二月，吳子遏伐楚，門于巢，卒」为诸樊名遏之经传明文——两代之名有经文可据，而光之父为谁则无，故本边标 medium。
R270,P_JIZHA,P_SHOUMENG,亲属-直系,子：据《史记》季札为寿梦少子,medium,《史记·吴太伯世家》以季札为寿梦第四子；《左传·襄公十四年》只书「吳子諸樊既除喪，將立季札」而不书父子之属，襄公二十九年书「吳公子札」（称公子，为君之子之称，然不指其父）。经传无明文，故标 medium。
R271,P_HELU,P_GOUJIAN,敌对,槜李之役相攻，阖庐伤将指而卒,high,左传定公十四年「吳伐越，越子勾踐禦之，陳于檇李……靈姑浮以戈擊闔廬，闔廬傷將指，取其一屨。還，卒於陘」，经「五月，於越敗吳于檇李。吳子光卒」——经传俱明书，故 high。其后夫差报越诸事属 C2，本件不预织。
R272,P_NANGWA,P_CAIZHAOHOU,敌对,索其佩裘不得而留之三年，蔡侯遂结吴伐楚,high,左传定公三年「蔡昭侯為兩佩與兩裘以如楚……子常欲之，弗與，三年止之」「蔡人聞之，固請而獻佩于子常」「蔡侯歸，及漢，執玉而沈」「蔡侯如晉，以其子元與其大夫之子為質焉，而請伐楚」——经传明文，故 high。唐成公同受其留（同年传），本件依配额未为唐侯立人物行，故此边只及蔡。
R273,P_CHUZHAO,P_NANGWA,君臣,以之为令尹，昭王之世楚政在子常,high,左传昭公二十三年「楚囊瓦為令尹，城郢」；定公三年、四年屡书「令尹子常」，定公四年经「楚囊瓦出奔鄭」。昭王立于前516 而年少，国政在子常，柏举之败即由其贪与其争功而起（左传定公四年「楚人惡子而好司馬」），故君臣一伦为本役之枢。
R274,P_HELU,P_CHUZHAO,敌对,柏举之役破其师而入其都，昭王出奔云梦、郧、随,high,左传定公四年「冬，蔡侯、吳子、唐侯伐楚」「庚辰，吳入郢，以班處宮」「楚子涉睢，濟江，入于雲中」「鬥辛與其弟巢以王奔隨」，经「蔡侯以吳子及楚人戰于柏舉，楚師敗績……庚辰，吳入郢」——经传俱明书，故 high。次年秦师救楚、吴子乃归、楚子入于郢（定公五年），见 E229。
R275,P_WUYUAN,P_HELU,君臣,为吴行人以谋楚；其疲楚之谋阖庐从之，而楚始病,high,左传昭公三十年「吳子問於伍員曰……闔廬從之，楚於是乎始病」；定公四年「伍員為吳行人以謀楚」——问对、献策、任职三节俱经传明文，故 high。其相识在昭公二十年（「員如吳，言伐楚之利於州于」，其时光尚为公子而沮其请，见 E243），至阖庐立而用其谋，前后十馀年，本边取其君臣之定分而不取初见之一节。
R276,P_WUYUAN,P_SHENBAOXU,师友,友而立场相对：「我必復楚國」——包胥答「勉之！子能復之，我必能興之」,high,左传定公四年「初，伍員與申包胥友。其亡也，謂申包胥曰：『我必復楚國。』申包胥曰：『勉之！子能復之，我必能興之。』」——「友」字为经传明文，故 rel_type 取「师友」、reliability 取 high。**用字须留意**：传作「復」不作「覆」（两本一致），其义当训覆亡（「復」与「興」对举），杜预注训「報復」，后世遂多径写作「覆」；《史记·伍子胥列传》即作「我必覆楚」「我必存之」（Q375），《吴越春秋》作「子能亡之，吾能存之」（Q371，T 层旁证）。本 label 从传文本字「復」，训义见 Q372 层标。二人为友而所志相反，一覆一兴，前506 吴入郢、前505 楚复国，各如其言——现行八类无「友而敌」一目，本边取「师友」以从经传之「友」字，其立场相对写入 label，不另织敌对边（另织则两边互相抵销，反失其义）。
R277,P_WUYUAN,P_WUSHE,亲属-直系,子,high,左传昭公二十年「王使召之，曰：『來，吾免而父。』棠君尚謂其弟員曰……」「奢聞員不來」——父子之亲为经传明文，故 high。伍尚为其兄（传称「棠君尚」，为棠邑大夫），本件因配角配额已满未为伍尚立人物行，兄弟之边因之未织，说明见 CHANGES。
R278,P_WUSHE,P_TAIZIJIAN,君臣,太傅：平王使之为太子建之师,high,左传昭公十九年「及即位，使伍奢為之師，費無極為少師」；昭公二十年费无极谗辞以「建與伍奢」并举，正因二人有师傅之属。现行八类无「师傅」一目，取「君臣」以当之（傅者臣于君之子，其分属君臣一系），而于 rel_label 写明其为太傅。
R279,P_FEIWUJI,P_TAIZIJIAN,敌对,为其少师而无宠，遂谮之：取其秦女、远之城父、终以「将叛」中之,high,左传昭公十九年「費無極為少師，無寵焉，欲譖諸王」；昭公二十年「建與伍奢，將以方城之外叛……王信之」，三月太子建奔宋。昭公二十七年沈尹戌数其罪有「喪太子建」，是经传自陈其为祸首，故 high。
R280,P_FEIWUJI,P_WUSHE,敌对,谗之而致其父子之死,high,左传昭公二十年「王執伍奢」「楚人皆殺之」；昭公二十七年沈尹戌数费无极之罪有「殺連尹奢」——「连尹奢」即伍奢，是其官称之经传明文，亦是以其死归罪于无极之明文，故 high。
R281,P_CHUPING,P_TAIZIJIAN,亲属-直系,父,high,左传昭公十九年「楚子之在蔡也……生大子建」「故太子建居于城父」；昭公二十年「使城父司馬奮揚殺大子」——父子之亲与其欲杀之实俱见经传，故 high。父子之伦而终以谗隔、以兵相加，本库于 rel_label 只书其伦，其事见 E241、E242。
R282,P_CHUPING,P_FEIWUJI,君臣,以为太子少师而信其谗,high,左传昭公十九年「費無極為少師」「王說，從之」；昭公二十年「王信之」。昭公二十七年沈尹戌曰「無極，楚之讒人也，民莫不知……屏王之耳目，使不聰明」，又曰「不然，平王之溫惠共儉，有過成、莊」——楚人以为平王之失在信谗，本边取其君臣之实而不作褒贬。
R283,P_WUYUAN,P_CHUPING,敌对,父兄见杀于其手，遂亡命于吴而誓「我必復楚國」,high,左传昭公二十年「楚人皆殺之」（伍奢、伍尚）、「員如吳」；定公四年「我必復楚國」。**掘墓鞭尸之说出《史记》（Q377／Q378），《左传》全无其文**，本边所据只是父兄见杀与其誓言两节，故 high；鞭尸不入本边之依据，其分层见 Q377 层标。平王卒于前516（《春秋·昭公二十六年》「九月，庚申，楚子居卒」），先于吴入郢十年，二人生前未尝相接。
R284,P_WUYUAN,P_BOPI,其他,同为楚之亡臣而并谋楚：一为吴行人，一为吴大宰,high,左传定公四年「伍員為吳行人以謀楚。楚之殺郤宛也，伯氏之族出。伯州犁之孫嚭，為吳大宰以謀楚」——传以一段并书二人，同年同事，故 high。现行八类无「同僚」一目，取「其他」而于 rel_label 写明其属。二人后此异趋（哀公元年嚭受越赂而主许越平、哀公十一年伍员赐属镂而死），事属 C2，本件不预织敌对边。
R285,P_HELU,P_BOPI,君臣,以为吴大宰,high,左传定公四年「伯州犁之孫嚭，為吳大宰以謀楚」——其为吴大宰在定公四年（前506），阖庐在位（前514—前496），故君臣之属可定，high。《史记·吴太伯世家》系其奔吴于阖庐元年（前514）并作「吳以為大夫」（Q349），官称与系年皆与传异，本库从传。其后事夫差为大宰（属 C2），本边只及阖庐之世。
