id,title,work,section,category,source_type,url,notes
Z001,《春秋左传·桓公三年》,春秋左传,桓公三年,传世文献,primary,https://ctext.org/chun-qiu-zuo-zhuan/huan-gong-san-nian/zh,文姜嫁鲁、齐侯送姜氏、礼制评语；CText底本列武英殿十三经注疏等。
Z002,《春秋左传·桓公六年》,春秋左传,桓公六年,传世文献,primary,https://ctext.org/chun-qiu-zuo-zhuan/huan-gong-liu-nian/zh,子同生；郑太子忽救齐、拒婚文姜，'齐大非吾耦'。
Z003,《春秋左传·桓公十一年》,春秋左传,桓公十一年,传世文献,primary,https://ctext.org/chun-qiu-zuo-zhuan/huan-gong-shi-yi-nian/zh,郑庄公卒；祭仲受宋胁迫，突归郑，忽出奔卫。
Z004,《春秋左传·桓公十五年》,春秋左传,桓公十五年,传世文献,primary,https://ctext.org/chun-qiu-zuo-zhuan/huan-gong-shi-wu-nian/zh,郑厉公突出奔蔡，世子忽复归于郑。
Z005,《春秋左传·桓公十七年》,春秋左传,桓公十七年,传世文献,primary,https://ctext.org/chun-qiu-zuo-zhuan/huan-gong-shi-qi-nian/zh,高渠弥弑郑昭公忽，立公子亹。
Z006,《春秋左传·桓公十八年》,春秋左传,桓公十八年,传世文献,primary,https://ctext.org/chun-qiu-zuo-zhuan/huan-gong-shi-ba-nian/zh,鲁桓公、文姜如齐；齐襄公通文姜、鲁桓公薨于车；齐杀子亹并轘高渠弥。
Z007,《春秋左传·庄公元年》,春秋左传,庄公元年,传世文献,primary,https://ctext.org/chun-qiu-zuo-zhuan/zhuang-gong-yuan-nian/zh,鲁桓公死后，文姜'孙于齐'。
Z008,《春秋左传·庄公二年》,春秋左传,庄公二年,传世文献,primary,https://ctext.org/chun-qiu-zuo-zhuan/zhuang-gong-er-nian/zh,夫人姜氏会齐侯于禚；传曰'书奸也'。
Z009,《春秋左传·庄公四年》,春秋左传,庄公四年,传世文献,primary,https://ctext.org/chun-qiu-zuo-zhuan/zhuang-gong-si-nian/zh,文姜享齐侯于祝丘；齐迫纪，纪侯大去其国。
Z010,《春秋左传·庄公五年》,春秋左传,庄公五年,传世文献,primary,https://ctext.org/chun-qiu-zuo-zhuan/zhuang-gong-wu-nian/zh,夫人姜氏如齐师；齐、宋、陈、蔡伐卫相关。
Z011,《春秋左传·庄公七年》,春秋左传,庄公七年,传世文献,primary,https://ctext.org/chun-qiu-zuo-zhuan/zhuang-gong-qi-nian/zh,夫人姜氏会齐侯于防、于谷；同年有大水、无麦苗。
Z012,《春秋左传·庄公八年》,春秋左传,庄公八年,传世文献,primary,https://ctext.org/chun-qiu-zuo-zhuan/zhuang-gong-ba-nian/zh,鲁、齐围郕；齐无知弑其君诸儿。
Z013,《春秋左传·庄公二十一年》,春秋左传,庄公二十一年,传世文献,primary,https://ctext.org/chun-qiu-zuo-zhuan/zhuang-gong-er-shi-yi-nian/zh,夫人姜氏薨。
Z014,《春秋左传·庄公二十二年》,春秋左传,庄公二十二年,传世文献,primary,https://ctext.org/chun-qiu-zuo-zhuan/zhuang-gong-er-shi-er-nian/zh,葬我小君文姜。
Z015,《春秋左传·隐公十一年》,春秋左传,隐公十一年,传世文献,primary,https://ctext.org/chun-qiu-zuo-zhuan/yin-gong-shi-yi-nian/zh,鲁隐公被弑、桓公即位背景。
Z016,《春秋左传·隐公五年》,春秋左传,隐公五年,传世文献,primary,https://ctext.org/chun-qiu-zuo-zhuan/yin-gong-wu-nian/zh,郑曼伯/公子忽与子元败南燕师，是郑昭公早年军事资历线索。
Z017,《春秋左传·桓公五年》,春秋左传,桓公五年,传世文献,primary,https://ctext.org/chun-qiu-zuo-zhuan/huan-gong-wu-nian/zh,繻葛之战；曼伯为右拒，原繁、高渠弥以中军奉郑伯。
S001,《史记·齐太公世家》,史记,齐太公世家,传世文献,primary_secondary,https://ctext.org/shiji/qi-tai-gong-shi-jia/zh,齐襄公与无知旧怨、文姜事件、伐纪、齐襄公之死；汉代综合叙事。
S002,《史记·鲁周公世家》,史记,鲁周公世家,传世文献,primary_secondary,https://ctext.org/shiji/lu-zhou-gong-shi-jia/zh,鲁桓公、文姜、鲁庄公继位及三桓背景；汉代综合叙事。
S003,《史记·郑世家》,史记,郑世家,传世文献,primary_secondary,https://ctext.org/shiji/zheng-shi-jia/zh,郑庄公诸子、忽/突 succession narrative；汉代综合叙事。
G001,《国语·郑语》,国语,郑语,传世文献,primary_secondary,https://ctext.org/guo-yu/zheng-yu/zh,郑桓公迁国与雒东、河济之南等地缘判断；用于郑国地理前史。
G002,《国语·齐语》,国语,齐语,传世文献,primary_secondary,https://ctext.org/guo-yu/qi-yu/zh,齐地治理、工商鱼盐与后世齐桓公改革背景；时代稍后，作齐国社会经济参照。
P001,《诗经·齐风·南山》,诗经,齐风·南山,诗歌/舆论,primary,https://ctext.org/book-of-poetry/nan-shan/zh,传统多以为讽刺文姜、齐襄公、鲁桓公。
P002,《诗经·齐风·敝笱》,诗经,齐风·敝笱,诗歌/舆论,primary,https://ctext.org/book-of-poetry/bi-gou/zh,传统多以为刺文姜。
P003,《诗经·齐风·载驱》,诗经,齐风·载驱,诗歌/舆论,primary,https://ctext.org/book-of-poetry/zai-qu/zh,传统多以为刺文姜往来齐鲁。
P004,《诗经·郑风·有女同车》,诗经,郑风·有女同车,诗歌/舆论,primary,https://ctext.org/book-of-poetry/you-nu-tong-che/zh,毛诗序等传统有联系郑忽拒婚的解读；现代使用需标注为阐释而非史实。
A001,曲阜鲁国故城考古与文保资料,考古资料,曲阜鲁国故城,考古/遗址,archaeology,https://zh.wikipedia.org/wiki/%E6%9B%B2%E9%98%9C%E9%B2%81%E5%9B%BD%E6%95%85%E5%9F%8E,1961年第一批全国重点文保；西周至汉长期都城遗址。后续应补考古报告原文。
A002,临淄齐国故城考古与文保资料,考古资料,临淄齐国故城,考古/遗址,archaeology,https://zh.wikipedia.org/wiki/%E4%B8%B4%E6%B7%84%E9%BD%90%E5%9B%BD%E6%95%85%E5%9F%8E,齐都遗址，大、小城格局、宫殿区、手工业区和春秋墓葬。后续应补《文物》勘探纪要。
A003,郑韩故城与郑国车马坑资料,考古资料,郑韩故城,考古/遗址,archaeology,https://zh.wikipedia.org/wiki/%E9%83%91%E9%9F%A9%E6%95%85%E5%9F%8E,新郑郑韩故城，东西城、宫殿/作坊/贵族墓区；郑国三号车马坑为2017年度全国十大考古新发现之一。
B001,竺可桢《中国近五千年来气候变迁的初步研究》,现代研究,历史气候,气候/自然地理,secondary,,古气候经典研究；用于'春秋黄河流域较今偏暖'等大尺度判断，需与区域环境考古互证。
Z018,《春秋左传·隐公元年》,春秋左传,隐公元年,传世文献,primary,https://ctext.org/chun-qiu-zuo-zhuan/yin-gong-yuan-nian/zh,郑伯克段于鄢全篇（含寤生出生追叙、掘地见母）；鲁隐公摄位不书即位。
Z019,《春秋左传·隐公三年》,春秋左传,隐公三年,传世文献,primary,https://ctext.org/chun-qiu-zuo-zhuan/yin-gong-san-nian/zh,周郑交质；平王崩；郑取温之麦、成周之禾，周郑交恶。
Z020,《春秋左传·隐公六年》,春秋左传,隐公六年,传世文献,primary,https://ctext.org/chun-qiu-zuo-zhuan/yin-gong-liu-nian/zh,郑伯如周始朝桓王，王不礼焉；周桓公'我周之东迁，晋郑焉依'谏语。
Z021,《春秋左传·隐公八年》,春秋左传,隐公八年,传世文献,primary,https://ctext.org/chun-qiu-zuo-zhuan/yin-gong-ba-nian/zh,郑伯请释泰山之祀而祀周公，以泰山之祊易许田；郑使宛来归祊。
Z022,《春秋左传·隐公十年》,春秋左传,隐公十年,传世文献,primary,https://ctext.org/chun-qiu-zuo-zhuan/yin-gong-shi-nian/zh,羽父帅师会齐郑伐宋；公败宋师于菅；郑师入郜、入防，归于鲁。
Z023,《春秋左传·桓公元年》,春秋左传,桓公元年,传世文献,primary,https://ctext.org/chun-qiu-zuo-zhuan/huan-gong-yuan-nian/zh,桓公即位；郑伯以璧假许田，为周公、祊故也。
G003,《国语·周语中》,国语,周语中,传世文献,primary_secondary,https://ctext.org/guo-yu/zhou-yu-zhong/zh,富辰谏襄王语，追述'郑武、庄有大勋力于平、桓'，佐证郑之卿士地位与周郑关系前史。
Z024,《春秋左传·庄公九年》,春秋左传,庄公九年,传世文献,primary,https://ctext.org/chun-qiu-zuo-zhuan/zhuang-gong-jiu-nian/zh,雍廪杀无知；桓公自莒先入；乾时之战；杀子纠、召忽死之；堂阜脱囚、管仲相齐。
Z025,《春秋左传·庄公十年》,春秋左传,庄公十年,传世文献,primary,https://ctext.org/chun-qiu-zuo-zhuan/zhuang-gong-shi-nian/zh,长勺之战曹刿论战；乘丘之战败宋师；冬齐师灭谭。
Z026,《春秋左传·庄公十三年》,春秋左传,庄公十三年,传世文献,primary,https://ctext.org/chun-qiu-zuo-zhuan/zhuang-gong-shi-san-nian/zh,北杏之会平宋乱；齐人灭遂；冬盟于柯，鲁始及齐平。
Z027,《春秋左传·庄公十四年》,春秋左传,庄公十四年,传世文献,primary,https://ctext.org/chun-qiu-zuo-zhuan/zhuang-gong-shi-si-nian/zh,冬单伯会齐侯、宋公、卫侯、郑伯于鄄（鄄之初会）。
Z028,《春秋左传·庄公十五年》,春秋左传,庄公十五年,传世文献,primary,https://ctext.org/chun-qiu-zuo-zhuan/zhuang-gong-shi-wu-nian/zh,春复会于鄄，齐始霸也。
Z029,《春秋左传·庄公二十四年》,春秋左传,庄公二十四年,传世文献,primary,https://ctext.org/chun-qiu-zuo-zhuan/zhuang-gong-er-shi-si-nian/zh,公如齐逆女；秋哀姜至，公使宗妇觌用币，非礼也。
Z030,《春秋左传·庄公三十二年》,春秋左传,庄公三十二年,传世文献,primary,https://ctext.org/chun-qiu-zuo-zhuan/zhuang-gong-san-shi-er-nian/zh,庄公问后、叔牙饮鸩；公薨于路寝；共仲使圉人荦弑子般于党氏。
Z031,《春秋左传·庄公二十三年》,春秋左传,庄公二十三年,传世文献,primary,https://ctext.org/chun-qiu-zuo-zhuan/zhuang-gong-er-shi-san-nian/zh,公如齐观社，非礼也；曹刿谏。
Z032,《春秋左传·庄公三十年》,春秋左传,庄公三十年,传世文献,primary,https://ctext.org/chun-qiu-zuo-zhuan/zhuang-gong-san-shi-nian/zh,齐人伐山戎；鲁济之遇谋山戎，以其病燕故也。
Z033,《春秋左传·闵公元年》,春秋左传,闵公元年,传世文献,primary,https://ctext.org/chun-qiu-zuo-zhuan/min-gong-yuan-nian/zh,狄伐邢，管仲'诸夏亲昵不可弃'谏；仲孙湫省鲁难，'不去庆父，鲁难未已'。
Z034,《春秋左传·闵公二年》,春秋左传,闵公二年,传世文献,primary,https://ctext.org/chun-qiu-zuo-zhuan/min-gong-er-nian/zh,狄入卫，懿公好鹤亡国；宋桓迎卫遗民；许穆夫人赋载驰；齐使无亏戍曹；卫文公中兴叙述。
Z035,《春秋左传·僖公元年》,春秋左传,僖公元年,传世文献,primary,https://ctext.org/chun-qiu-zuo-zhuan/xi-gong-yuan-nian/zh,齐宋曹师次聂北救邢；邢迁夷仪，诸侯城之，救患也。
Z036,《春秋左传·僖公二年》,春秋左传,僖公二年,传世文献,primary,https://ctext.org/chun-qiu-zuo-zhuan/xi-gong-er-nian/zh,城楚丘，诸侯封卫。
Z037,《春秋左传·僖公四年》,春秋左传,僖公四年,传世文献,primary,https://ctext.org/chun-qiu-zuo-zhuan/xi-gong-si-nian/zh,侵蔡伐楚；风马牛不相及；包茅之责；屈完对与召陵之盟。
Z038,《春秋左传·僖公五年》,春秋左传,僖公五年,传世文献,primary,https://ctext.org/chun-qiu-zuo-zhuan/xi-gong-wu-nian/zh,会于首止，会王大子郑，谋宁周也；郑伯逃归不盟。
Z039,《春秋左传·僖公九年》,春秋左传,僖公九年,传世文献,primary,https://ctext.org/chun-qiu-zuo-zhuan/xi-gong-jiu-nian/zh,葵丘之会；王使宰孔赐胙，下拜登受；宰孔论齐侯不务德而勤远略。
Z040,《春秋左传·僖公十二年》,春秋左传,僖公十二年,传世文献,primary,https://ctext.org/chun-qiu-zuo-zhuan/xi-gong-shi-er-nian/zh,齐侯使管夷吾平戎于王；管仲辞上卿之礼，受下卿之礼而还。
Z041,《春秋左传·僖公十七年》,春秋左传,僖公十七年,传世文献,primary,https://ctext.org/chun-qiu-zuo-zhuan/xi-gong-shi-qi-nian/zh,齐侯小白卒；易牙与寺人貂因内宠杀群吏，立无亏，孝公奔宋。
Z042,《春秋左传·僖公三年》,春秋左传,僖公三年,传世文献,primary,https://ctext.org/chun-qiu-zuo-zhuan/xi-gong-san-nian/zh,齐侯与蔡姬乘舟，荡公；怒而归之，蔡人嫁之——伐蔡张本。
Z043,《春秋左传·僖公八年》,春秋左传,僖公八年,传世文献,primary,https://ctext.org/chun-qiu-zuo-zhuan/xi-gong-ba-nian/zh,盟于洮，谋王室也；襄王定位。
P005,《诗经·鄘风·载驰》,诗经,鄘风·载驰,诗歌/舆论,primary,https://ctext.org/book-of-poetry/zai-chi/zh,许穆夫人闵卫之亡；与《左传·闵公二年》'许穆夫人赋载驰'互证。
Z044,《春秋左传·僖公十年》,春秋左传,僖公十年,传世文献,primary,https://ctext.org/chun-qiu-zuo-zhuan/xi-gong-shi-nian/zh,晋惠公背秦赂而杀里克；里克伏剑前对欲加之罪其无辞乎。
Z045,《春秋左传·僖公十五年》,春秋左传,僖公十五年,传世文献,primary,https://ctext.org/chun-qiu-zuo-zhuan/xi-gong-shi-wu-nian/zh,秦晋韩原之战；晋惠公乘小驷陷濘被俘，秦获晋侯以归。
Z046,《春秋左传·僖公二十二年》,春秋左传,僖公二十二年,传世文献,primary,https://ctext.org/chun-qiu-zuo-zhuan/xi-gong-er-shi-er-nian/zh,晋太子圉质秦将逃归谓嬴氏而遂逃归。
Z047,《春秋左传·僖公二十三年》,春秋左传,僖公二十三年,传世文献,primary,https://ctext.org/chun-qiu-zuo-zhuan/xi-gong-er-shi-san-nian/zh,重耳出亡过狄卫齐曹宋郑楚秦之叙事总纲；懷與安实败名、退避三舍、怀嬴奉匜等。
Z048,《春秋左传·僖公二十四年》,春秋左传,僖公二十四年,传世文献,primary,https://ctext.org/chun-qiu-zuo-zhuan/xi-gong-er-shi-si-nian/zh,重耳济河入晋即位、杀怀公于高梁、介之推不言禄隐绵上。
Z049,《春秋左传·僖公二十五年》,春秋左传,僖公二十五年,传世文献,primary,https://ctext.org/chun-qiu-zuo-zhuan/xi-gong-er-shi-wu-nian/zh,晋文公勤王纳周襄王杀王子带；围原退舍示信。
Z050,《春秋左传·僖公二十八年》,春秋左传,僖公二十八年,传世文献,primary,https://ctext.org/chun-qiu-zuo-zhuan/xi-gong-er-shi-ba-nian/zh,城濮之战晋退三舍败楚；践土之盟王策命晋侯为侯伯。
Z051,《春秋左传·僖公三十二年》,春秋左传,僖公三十二年,传世文献,primary,https://ctext.org/chun-qiu-zuo-zhuan/xi-gong-san-shi-er-nian/zh,晋文公卒将殡于曲沃，柩有声如牛，卜偃预言西师过轶（殽之战张本）。
Z052,《春秋左传·庄公二十八年》,春秋左传,庄公二十八年,传世文献,primary,https://ctext.org/chun-qiu-zuo-zhuan/zhuang-gong-er-shi-ba-nian/zh,晋献公娶二女于戎生重耳夷吾、伐骊戎得骊姬生奚齐，骊姬嬖欲立其子——骊姬之乱张本。
G004,《国语·晋语一》,国语,晋语一,传世文献,primary_secondary,https://ctext.org/guo-yu/jin-yu-yi/zh,晋献公卜伐骊戎、史苏占胜而不吉、骊姬始嬖等骊姬乱起前史。
G005,《国语·晋语二》,国语,晋语二,传世文献,primary_secondary,https://ctext.org/guo-yu/jin-yu-er/zh,骊姬谮杀申生、优施教骊姬歌暇豫以间里克、谮逐二公子、惠公入国等。
G006,《国语·晋语三》,国语,晋语三,传世文献,primary_secondary,https://ctext.org/guo-yu/jin-yu-san/zh,晋惠公背秦赂、闭籴、韩之战被俘及杀庆郑等。
G007,《国语·晋语四》,国语,晋语四,传世文献,primary_secondary,https://ctext.org/guo-yu/jin-yu-si/zh,重耳流亡过列国之问对（过卫、齐姜、曹僖负羁、宋、郑、楚成王、秦纳怀嬴、赋诗、济河入晋）——晋语独有主力。
S004,《史记·晋世家》,史记,晋世家,传世文献,primary_secondary,https://ctext.org/shiji/jin-shi-jia/zh,骊姬之乱、重耳流亡、文公霸业之汉代综合叙事；焚绵山、割股等戏剧化情节属晚出传说层。
S005,《史记·秦本纪》,史记,秦本纪,传世文献,primary_secondary,https://ctext.org/shiji/qin-ben-ji/zh,秦穆公纳夷吾、韩原之战、纳重耳入晋之秦方叙事；汉代综合。
Z053,《春秋左传·桓公十四年》,春秋左传,桓公十四年,传世文献,primary,https://ctext.org/chun-qiu-zuo-zhuan/huan-gong-shi-si-nian/zh,冬十有二月齐侯禄父（僖公）卒；御廪灾、宋以郕故伐郑等。「禄父」从经之明证。
Z054,《春秋左传·僖公十三年》,春秋左传,僖公十三年,传世文献,primary,https://ctext.org/chun-qiu-zuo-zhuan/xi-gong-shi-san-nian/zh,晋饥乞籴于秦；秦输粟自雍及绛相继命之曰泛舟之役；百里奚「救灾恤邻」之议。
Z055,《春秋左传·僖公三十年》,春秋左传,僖公三十年,传世文献,primary,https://ctext.org/chun-qiu-zuo-zhuan/xi-gong-san-shi-nian/zh,秦晋围郑；烛之武夜缒见秦伯「邻之厚君之薄」退秦师，秦郑盟而还。
Z056,《春秋左传·僖公三十三年》,春秋左传,僖公三十三年,传世文献,primary,https://ctext.org/chun-qiu-zuo-zhuan/xi-gong-san-shi-san-nian/zh,弦高犒师；晋及姜戎败秦师于殽、获孟明视等三帅；先轸论战与怒唾；秦伯素服郊次乡师而哭。
Z057,《春秋左传·文公元年》,春秋左传,文公元年,传世文献,primary,https://ctext.org/chun-qiu-zuo-zhuan/wen-gong-yuan-nian/zh,楚太子商臣以宫甲围成王，王请食熊蹯不许而缢；谥「灵」不瞑「成」乃瞑；商臣立为穆王。
Z058,《春秋左传·文公三年》,春秋左传,文公三年,传世文献,primary,https://ctext.org/chun-qiu-zuo-zhuan/wen-gong-san-nian/zh,秦伯伐晋济河焚舟、取王官及郊、封殽尸而还，遂霸西戎，用孟明也。
Z059,《春秋左传·文公六年》,春秋左传,文公六年,传世文献,primary,https://ctext.org/chun-qiu-zuo-zhuan/wen-gong-liu-nian/zh,秦伯任好卒，以子车氏三子奄息、仲行、鍼虎为殉，国人赋黄鸟；君子讥其死而弃民。
S006,《史记·楚世家》,史记,楚世家,传世文献,primary_secondary,https://ctext.org/shiji/chu-shi-jia/zh,楚成王弑堵敖代立、初政布德结好受天子胙；商臣弑成王等；汉代综合叙事，戏剧化处属后出层。
P006,《诗经·秦风·黄鸟》,诗经,秦风·黄鸟,诗歌/舆论,primary,https://ctext.org/book-of-poetry/huang-niao-1/zh,哀秦穆公以三良（子车奄息、仲行、鍼虎）殉葬；与左传文六「为之赋黄鸟」互证，属舆论／文学层。
Y001,《公羊传·僖公三十三年》,春秋公羊传,僖公三十三年,传世文献,primary,https://ctext.org/gongyang-zhuan/xi-gong-san-shi-san-nian/zh,春秋三传之公羊传（Y 前缀首条·领队裁定启用）；崤之战「匹马只轮无反者」、百里子蹇叔子谏哭「宰上之木拱矣」。属经义／异闻层——传文夸饰与义理，史实可靠度低于左传经传，用时须与 Z/S 层互证并标层。
Z060,《春秋左传·文公十六年》,春秋左传,文公十六年,传世文献,primary,https://ctext.org/chun-qiu-zuo-zhuan/wen-gong-shi-liu-nian/zh,楚大饥、群蛮百濮叛，楚庄王会秦巴之师灭庸。
Z061,《春秋左传·宣公三年》,春秋左传,宣公三年,传世文献,primary,https://ctext.org/chun-qiu-zuo-zhuan/xuan-gong-san-nian/zh,楚子观兵周疆问鼎，王孙满对「在德不在鼎、天命未改」。
Z062,《春秋左传·宣公四年》,春秋左传,宣公四年,传世文献,primary,https://ctext.org/chun-qiu-zuo-zhuan/xuan-gong-si-nian/zh,子文预言子越椒必灭若敖氏、遗言「若敖氏之鬼不其馁而」；子越椒之乱、若敖氏灭。
Z063,《春秋左传·宣公十一年》,春秋左传,宣公十一年,传世文献,primary,https://ctext.org/chun-qiu-zuo-zhuan/xuan-gong-shi-yi-nian/zh,厉之役郑伯逃归；辰陵之盟，陈郑服楚；蒍艾猎（孙叔敖）城沂。
Z064,《春秋左传·宣公十二年》,春秋左传,宣公十二年,传世文献,primary,https://ctext.org/chun-qiu-zuo-zhuan/xuan-gong-shi-er-nian/zh,邲之战：楚克郑、荀林父救郑、先縠违命、孙叔敖主进、晋师败绩；庄王「止戈为武、武有七德」不为京观。
Z065,《春秋左传·宣公十四年》,春秋左传,宣公十四年,传世文献,primary,https://ctext.org/chun-qiu-zuo-zhuan/xuan-gong-shi-si-nian/zh,楚使申舟过宋不假道被杀，庄王投袂而起围宋。
Z066,《春秋左传·宣公十五年》,春秋左传,宣公十五年,传世文献,primary,https://ctext.org/chun-qiu-zuo-zhuan/xuan-gong-shi-wu-nian/zh,华元夜登子反之床「易子而食、析骸以爨」，宋楚平、华元为质。
Z067,《春秋左传·宣公十八年》,春秋左传,宣公十八年,传世文献,primary,https://ctext.org/chun-qiu-zuo-zhuan/xuan-gong-shi-ba-nian/zh,「楚子旅卒」——楚庄王卒（名从经作旅）。
G008,《国语·楚语上》,国语,楚语上,传世文献,primary_secondary,https://ctext.org/guo-yu/chu-yu-shang/zh,庄王使士亹傅太子箴、申叔时论傅太子九法（教之春秋世诗礼乐令语故志训典）。
T001,《韩非子·喻老》,韩非子,喻老,诸子说部,secondary,https://ctext.org/hanfeizi/yu-lao/zh,先秦诸子（法家）说理寓言层：「一鸣惊人」右司马隐语版。成书战国末，非当代记事；作 E123 楚庄王即位（S006 骨架）之说部旁证，与史记楚世家相发明、左传无此文。依裁定4 T 层纪律用。
T002,《说苑·复恩》,说苑,复恩,诸子说部,secondary,https://ctext.org/shuo-yuan/fu-en/zh,秦汉说部轶闻层：西汉刘向编「绝缨之宴」庄王容过得士、后得死力。成书西汉，非当代记事；依裁定4 挂 E128 邲之战为旁证（说苑云绝缨后三年晋楚战报恩），不单独立事件。
S007,《史记·循吏列传》,史记,循吏列传,传世文献,primary_secondary,https://ctext.org/shiji/xun-li-lie-zhuan/zh,孙叔敖列循吏之首：三月为楚相、施教导民、政缓禁止（汉综合叙事·循吏层）。
Z068,《春秋左传·僖公二十一年》,春秋左传,僖公二十一年,传世文献,primary,https://ctext.org/chun-qiu-zuo-zhuan/xi-gong-er-shi-yi-nian/zh,盂之会——宋公、楚子等会于盂、楚执宋公以伐宋、子鱼「祸其在此乎」；冬会于薄释宋公。楚成王亲会执宋、北向压宋之明证。
Z069,《春秋左传·僖公二十七年》,春秋左传,僖公二十七年,传世文献,primary,https://ctext.org/chun-qiu-zuo-zhuan/xi-gong-er-shi-qi-nian/zh,楚子将围宋、子文治兵于睽子玉治兵于蒍；冬楚子及诸侯围宋、宋公孙固如晋告急、先轸「报施救患取威定霸」——城濮之战张本。传作「楚子」（经作「楚人」）为成王亲围之明文。
Z070,《春秋左传·僖公十八年》,春秋左传,僖公十八年,传世文献,primary,https://ctext.org/chun-qiu-zuo-zhuan/xi-gong-shi-ba-nian/zh,郑伯始朝于楚、楚子赐之金既而悔之、与之盟「无以铸兵」故以铸三钟——郑首朝楚、附楚之明文。
Z071,《春秋左传·隐公四年》,春秋左传,隐公四年,传世文献,primary,https://ctext.org/chun-qiu-zuo-zhuan/yin-gong-si-nian/zh,卫州吁弑桓公自立、伐郑求宠、石碏大义灭亲杀州吁于濮。
Z072,《春秋左传·桓公十六年》,春秋左传,桓公十六年,传世文献,primary,https://ctext.org/chun-qiu-zuo-zhuan/huan-gong-shi-liu-nian/zh,卫宣公烝夷姜生急子、为之娶齐而自纳之（新台）、宣姜与朔构急子、寿子争死、二公子立黔牟惠公奔齐。
P007,《诗经·卫风·硕人》,诗经,卫风·硕人,诗歌/舆论,primary,https://ctext.org/book-of-poetry/shi-ren/zh,美卫庄公夫人庄姜之诗；「巧笑倩兮、美目盼兮」传诵，属舆论／文学层，非史实。
P008,《诗经·邶风·燕燕》,诗经,邶风·燕燕,诗歌/舆论,primary,https://ctext.org/book-of-poetry/yan-yan/zh,毛序谓卫庄姜送归妾（戴妫大归于陈），属传统阐释异说；亦有他说，非史实。
P009,《诗经·邶风·新台》,诗经,邶风·新台,诗歌/舆论,primary,https://ctext.org/book-of-poetry/xin-tai/zh,刺卫宣公筑新台纳伋（急子）之妻宣姜，属舆论／文学层。
P010,《诗经·邶风·二子乘舟》,诗经,邶风·二子乘舟,诗歌/舆论,primary,https://ctext.org/book-of-poetry/er-zi-cheng-zhou/zh,传统谓哀卫急子、寿子争死，属舆论／文学层。
S008,《史记·管晏列传》,史记,管晏列传,传世文献,primary_secondary,https://ctext.org/shiji/guan-yan-lie-zhuan/zh,管仲晏婴合传：管鲍之交分财轶事、三仕三见逐、九合一匡、仓廪实而知礼节等；汉代后出叙事层，先秦经传无管仲自述交谊文，轶闻/戏剧处从严标 后出叙事/low。
T003,《论语》,论语,宪问·八佾,诸子说部,secondary,https://ctext.org/analects/xian-wen/zh,先秦诸子·孔门语录评价层：孔子评管仲——宪问「微管仲吾其被发左衽」「九合诸侯不以兵车」「夺伯氏骈邑无怨言」，八佾「管仲之器小」「不知礼」，褒贬俱见。成书战国初，为评价/舆论层非当代编年记事；依 §2 T 层纪律只作既有骨架旁证挂 passage、reliability 从严、不单立事件。
Z073,《春秋左传·僖公十九年》,春秋左传,僖公十九年,传世文献,primary,,曹南之盟、宋公使邾文公用鄫子于次睢之社与司马子鱼谏所在；同年另有宋人执滕宣公、宋人围曹与子鱼引文王伐崇之谏、冬盟于齐。经传并存。
S009,《史记·宋微子世家》,史记,宋微子世家,传世文献,primary_secondary,,宋世家汉代综合叙事层：襄公让国一节作「太子兹甫让其庶兄目夷为嗣。桓公义太子意，竟不听」，与《左传》僖公八年「公命子鱼」（桓公一度许之、由子鱼固辞）异；又以目夷为「相」而《左传》作「左师」。本层引文一律标 quote_type=后出叙事，不与经传混编。
Z074,《春秋左传·宣公九年》,春秋左传,宣公九年,传世文献,primary,https://ctext.org/chun-qiu-zuo-zhuan/xuan-gong-jiu-nian/zh,陈灵公与孔宁、仪行父事；泄冶谏而见杀（经书「陳殺其大夫洩冶」）；传末孔子引《诗·大雅·板》「民之多辟，無自立辟」评泄冶。经作「洩冶」。
Z075,《春秋左传·宣公十年》,春秋左传,宣公十年,传世文献,primary,https://ctext.org/chun-qiu-zuo-zhuan/xuan-gong-shi-nian/zh,夏徵舒弑陈灵公——经「癸巳，陳夏徵舒弒其君平國」（经文序次在「五月，公至自齊」后、「六月，宋師伐滕」前，故系夏五月）；传记饮酒于夏氏、公出而徵舒自其厩射杀之、孔宁仪行父奔楚。
Z076,《春秋左传·成公二年》,春秋左传,成公二年,传世文献,primary,https://ctext.org/chun-qiu-zuo-zhuan/cheng-gong-er-nian/zh,夏姬线主干（追叙）：楚讨陈夏氏后庄王欲纳夏姬、申公巫臣两谏（谏庄王、谏子反）、王以予连尹襄老、襄老死于邲不获其尸、其子黑要烝焉、巫臣使道、王遣夏姬归郑、巫臣聘诸郑；共王即位后巫臣使齐尽室以行、及郑以夏姬行而奔晋、晋人使为邢大夫。全段为成公二年之追叙，所叙诸事系年跨前598—前589，各事系年之推定与 reliability 分层见相应事件 summary。
Z077,《春秋左传·成公七年》,春秋左传,成公七年,传世文献,primary,https://ctext.org/chun-qiu-zuo-zhuan/cheng-gong-qi-nian/zh,子重、子反杀巫臣之族（子阎、子荡、清尹弗忌及襄老之子黑要）而分其室；巫臣自晋遗二子书「余必使爾罷於奔命以死」；巫臣请使于吴、通吴于晋、教吴射御乘车战陈叛楚、置其子狐庸为吴行人；吴始伐楚伐巢伐徐、子重子反一岁七奔命、「是以始大，通吳於上國」——本库吴国登场所本。
Z078,《春秋左传·昭公二十八年》,春秋左传,昭公二十八年,传世文献,primary,https://ctext.org/chun-qiu-zuo-zhuan/zhao-gong-er-shi-ba-nian/zh,叔向欲娶于申公巫臣氏（巫臣与夏姬之女），其母止之曰「子靈之妻，殺三夫、一君、一子，而亡一國、兩卿矣」「甚美必有甚惡」，并著夏姬出身「是鄭穆少妃姚子之子，子貉之妹也」。事在前514，去夏姬之世逾七十年：出身一节为经传明文（high）；归罪之评为时人话术、文本立场，非事实判断，引用时须保留分层标注（见 Q193）。【并源说明，r28 随批清账】`Z098`（同篇，昭公二十八年，祁盈之狱／羊舌氏之亡一段）与本条同引《春秋左传·昭公二十八年》一篇，本轮清账并入本条、Z098 退役：祁盈之狱；夏六月晋杀祁盈及杨食我，遂灭祁氏、羊舌氏；传系「初，叔向欲娶于申公巫臣氏」一段追叙其娶与其母「甚美必有甚恶」之谏，及伯石始生而其姑闻声弗视；秋韩宣子卒，魏献子为政，分祁氏之田为七县、羊舌氏之田为三县；成鱄论九德（「经纬天地曰文」即本站站名题眼所出，见 conventions §13）。
S010,《史记·陈杞世家》,史记,陈杞世家,传世文献,primary_secondary,https://ctext.org/shiji/chen-qi-shi-jia/zh,陈世家汉代综合叙事层：所记灵公与二卿通夏姬、泄冶谏而见杀、徵舒伏弩厩门射杀灵公，与《左传》宣公九年、十年两条大体相合而合叙于一处；异同两点——泄冶谏辞作「君臣淫亂，民何效焉」（传作「公卿宣淫，民無效焉」）、末增「靈公太子午奔晉」一节（可与《左传》宣公十一年「陳侯在晉」互证）。本层引文一律标 quote_type=后出叙事，不与经传混编。
P011,《诗经·陈风·株林》,诗经,陈风·株林,诗歌/舆论,primary,https://ctext.org/book-of-poetry/zhu-lin/zh,毛诗序「《株林》，刺靈公也。淫乎夏姬，驅馳而往，朝夕不休息焉」。P 层舆论材料：诗为当时或稍后陈地的舆论回声，序为汉儒传统阐释，二者均不作史实骨架用；本库只挂 passage（Q180）于 E176，不入 events.source_ids。
Y002,《公羊传·庄公十三年》,春秋公羊传,庄公十三年,传世文献,primary,https://ctext.org/gongyang-zhuan/zhuang-gong-shi-san-nian/zh,春秋三传之公羊传：柯之盟「莊公升壇，曹子手劍而從之」劫盟一节。公羊称其人为「曹子」，不作刿亦不作沫；此为劫盟叙事今见最早出处（成书战国至汉初，早于《史记》），仍属传解层而非当代记事，与《左传》庄十三只书「盟于柯，始及齐平也」须分层并置。
L001,《穀梁传·庄公十三年》,春秋穀梁传,庄公十三年,传世文献,primary,https://ctext.org/guliang-zhuan/zhuang-gong-shi-san-nian/zh,春秋三传之穀梁传（L 前缀首条启用，规则见 conventions §2/§11 已关闭项）：柯盟传文径称「曹劌之盟也，信齊侯也」，以曹刿之名系于柯盟而不载劫盟情节。是三传内部支持「长勺之曹刿即柯盟之人（《史记》作曹沫）」的直接异文证据。
T004,《庄子·杂篇·盗跖》,庄子,杂篇·盗跖,诸子说部,secondary,https://ctext.org/zhuangzi/robber-zhi/zh,先秦诸子（道家后学）说理寓言层：盗跖斥「世之所谓贤士」举介子推「自割其股以食文公……抱木而燔死」为例。介之推焚死之说今见最早出处即在此篇，成书战国末，属寓言举例而非当代记事；《左传》僖公二十四年、《史记·晋世家》正文皆无焚山文，寒食禁火与介之推挂钩更在汉魏以后。依 conventions §2「T 层不得单独立事件骨架」，本源只作 passage 挂靠。
T005,《吕氏春秋·孟春纪·贵公》,吕氏春秋,孟春纪·贵公,诸子说部,secondary,https://ctext.org/lv-shi-chun-qiu/gui-gong/zh,先秦诸子（杂家）说理层：管仲病中桓公问相，管仲以鲍叔牙「清廉潔直，視不己若者，不比於人；一聞人之過，終身不忘」而不可为政，转荐隰朋。成书战国末（吕不韦门客集撰），非当代记事；《管子·戒》《庄子·徐无鬼》有同类异文而措辞各异，本库只取吕览一家以免混淆；《左传》全无病榻论相之文。
Z079,《春秋左传·襄公八年》,春秋左传,襄公八年,传世文献,primary,https://ctext.org/chun-qiu-zuo-zhuan/xiang-gong-ba-nian/zh,子产首见于《左传》：谏郑人侵蔡之喜「小国无文德而有武功」。
Z080,《春秋左传·襄公十年》,春秋左传,襄公十年,传世文献,primary,https://ctext.org/chun-qiu-zuo-zhuan/xiang-gong-shi-nian/zh,郑西宫之难：尉止等五族作乱杀子驷、子国、子耳；子产完守备攻盗于北宫，又请焚子孔之载书。
Z081,《春秋左传·襄公二十四年》,春秋左传,襄公二十四年,传世文献,primary,https://ctext.org/chun-qiu-zuo-zhuan/xiang-gong-er-shi-si-nian/zh,子产寓书于子西以告晋范宣子论重币：「德，国家之基也」。
Z082,《春秋左传·襄公二十五年》,春秋左传,襄公二十五年,传世文献,primary,https://ctext.org/chun-qiu-zuo-zhuan/xiang-gong-er-shi-wu-nian/zh,子产始知然明而问为政；子大叔问政于子产得「政如农功」之答。按：本年另载崔杼弑齐庄公一节，round23 第二件（时代骨干批）当复用本行，勿重建。
Z083,《春秋左传·襄公三十年》,春秋左传,襄公三十年,传世文献,primary,https://ctext.org/chun-qiu-zuo-zhuan/xiang-gong-san-shi-nian/zh,郑伯有之乱与子皮授子产政；子产使都鄙有章、庐井有伍，从政一年及三年舆人之诵。
Z084,《春秋左传·襄公三十一年》,春秋左传,襄公三十一年,传世文献,primary,https://ctext.org/chun-qiu-zuo-zhuan/xiang-gong-san-shi-yi-nian/zh,子产坏晋馆垣、不毁乡校；又谏子皮勿使尹何为邑，子皮委政焉。
Z085,《春秋左传·昭公六年》,春秋左传,昭公六年,传世文献,primary,https://ctext.org/chun-qiu-zuo-zhuan/zhao-gong-liu-nian/zh,三月郑人铸刑书；晋叔向诒书责之，子产复书「吾以救世也」；士文伯以火见占郑将火。
Z086,《春秋左传·昭公十七年》,春秋左传,昭公十七年,传世文献,primary,https://ctext.org/chun-qiu-zuo-zhuan/zhao-gong-shi-qi-nian/zh,冬有星孛于大辰；郑裨灶言宋卫陈郑将同日火、请用瓘斝玉瓒禳之，子产弗与。
Z087,《春秋左传·昭公十八年》,春秋左传,昭公十八年,传世文献,primary,https://ctext.org/chun-qiu-zuo-zhuan/zhao-gong-shi-ba-nian/zh,五月壬午宋卫陈郑皆火；裨灶复请禳，子产不可，曰「天道远，人道迩」；又载子产救火之措置。
Z088,《春秋左传·昭公二十年》,春秋左传,昭公二十年,传世文献,primary,https://ctext.org/chun-qiu-zuo-zhuan/zhao-gong-er-shi-nian/zh,子产有疾遗言宽猛、疾数月而卒；子大叔为政与萑苻之盗；仲尼评宽猛相济，闻子产卒出涕曰「古之遗爱也」。
Z089,《春秋左传·成公十六年》,春秋左传,成公十六年,传世文献,primary,https://ctext.org/chun-qiu-zuo-zhuan/cheng-gong-shi-liu-nian/zh,晋楚鄢陵之战：范文子不欲战而栾武子主战；吕锜射共王中目；子反醉而不能见、楚师宵遁；子反自请死而卒。
Z090,《春秋左传·襄公四年》,春秋左传,襄公四年,传世文献,primary,https://ctext.org/chun-qiu-zuo-zhuan/xiang-gong-si-nian/zh,无终子使孟乐如晋请和诸戎；魏绛谏勿伐、引后羿之戒而进「和戎五利」，晋侯说，使之盟诸戎。
Z091,《春秋左传·襄公十一年》,春秋左传,襄公十一年,传世文献,primary,https://ctext.org/chun-qiu-zuo-zhuan/xiang-gong-shi-yi-nian/zh,晋侯以乐之半赐魏绛「八年之中，九合诸侯」；绛辞而以「居安思危，思则有备，有备无患」为规，乃受。
Z092,《春秋左传·襄公二十七年》,春秋左传,襄公二十七年,传世文献,primary,https://ctext.org/chun-qiu-zuo-zhuan/xiang-gong-er-shi-qi-nian/zh,向戌弭兵：晋楚齐秦皆许，子木请晋楚之从交相见，盟于宋西门之外；向戌请赏而子罕削简。本年另载崔氏之乱与崔杼之死，本件未立事目。
Z093,《春秋左传·襄公十七年》,春秋左传,襄公十七年,传世文献,primary,https://ctext.org/chun-qiu-zuo-zhuan/xiang-gong-shi-qi-nian/zh,齐晏桓子（晏弱）卒，晏婴麤缞斩、苴绖带杖菅屦、食鬻居倚庐，其家老谓「非大夫之礼也」，答「唯卿为大夫」——晏婴见于《左传》之第一条，本库晏婴线之首（E207）。
Z094,《春秋左传·襄公二十八年》,春秋左传,襄公二十八年,传世文献,primary,https://ctext.org/chun-qiu-zuo-zhuan/xiang-gong-er-shi-ba-nian/zh,庆氏既亡，齐分其邑：与晏婴邶殿其鄙六十而弗受，子尾问而晏婴申「富如布帛之有幅」之「幅利」义；同段并记北郭佐受邑六十、子雅辞多受少、子尾受而稍致之（E208）。
Z095,《春秋左传·昭公三年》,春秋左传,昭公三年,传世文献,primary,https://ctext.org/chun-qiu-zuo-zhuan/zhao-gong-san-nian/zh,① 景公欲更晏子之宅，晏子辞而以「踊贵屦贱」对物价之问，「景公为是省于刑」；晏子如晋归，毁已成之新宅复为里室（E209）。② 齐侯使晏婴请继室于晋，既成昏受礼，叔向从之宴相与语，两番季世之论——晏婴「齐其为陈氏矣」、叔向「虽吾公室，今亦季世也」（E210，晏婴、叔向共用事件）。
Z096,《春秋左传·昭公二十六年》,春秋左传,昭公二十六年,传世文献,primary,https://ctext.org/chun-qiu-zuo-zhuan/zhao-gong-er-shi-liu-nian/zh,① 齐有彗星，齐侯使禳之，晏子谏止「天道不謟，不贰其命」「君无秽德，又何禳焉」，公说乃止（E213）。② 齐侯与晏子坐于路寝，公叹「美哉室，其谁有此乎」，晏子对以陈氏厚施「其陈氏乎」及「唯礼可以已之」（E214）。
T006,《晏子春秋·内篇杂下》,晏子春秋,内篇杂下,诸子说部,secondary,https://ctext.org/yanzi-chun-qiu/za-xia/zh,后出文献层（诸子说部）：《晏子春秋》缀辑晏婴言行而成书，成书年代众说不一，通说为战国至西汉间齐人所纂集（《汉书·艺文志》著录于儒家「晏子八篇」，《史记·管晏列传》称「世多有之，是以不论」），非当代记事，与《左传》《国语》一类编年记事不同层。本篇（内篇杂下第六）记晏子使楚二章：章九「晏子使楚楚为小门晏子称使狗国者从狗门入」（狗门之对）、章十「楚王欲辱晏子指盗者为齐人晏子对以橘」（橘枳之对）。《左传》《国语》《史记》全无晏婴使楚之文，二章无系年、楚王亦不著名（后世指为楚灵王系附会）。依 conventions §2 T 层分层纪律（reliability 从严、quote_type 标「经义异闻」、不得单独立事件骨架）与 §7 无系年材料挂靠通例，本源只作既有经传骨架事件之 passage 旁证（挂 E210），不新建 events 行。
T007,《晏子春秋·内篇谏下》,晏子春秋,内篇谏下,诸子说部,secondary,https://ctext.org/yanzi-chun-qiu/jian-xia/zh,后出文献层（诸子说部）：层级同 T006。本篇（内篇谏下第二）第二十四章「景公养勇士三人无君臣之义晏子谏」即后世所称「二桃杀三士」——公孙接、田开疆、古冶子以勇力事齐景公而无君臣之义，晏婴谏为「危国之器」，请馈二桃使计功而食，三士争功皆自杀。此章为汉乐府《梁甫吟》「二桃杀三士……谁能为此谋，国相齐晏子」所本，流传极广而《春秋》经传、《国语》、《史记》俱无一字，三士之名亦不见于经传，属典型「后出文献层名篇而经传无征」。依 conventions §2 T 层纪律不单独立事件、不为三士立人物行、不据以织关系边，只作既有经传骨架事件之 passage 旁证（挂 E214）。章次说明：传统通行本作内篇谏下第二十四，ctext 页面章序列作第 23 章（页面序号与传统章次编号不一，非异文）。
Z097,《春秋左传·襄公二十一年》,春秋左传,襄公二十一年,传世文献,primary,https://ctext.org/chun-qiu-zuo-zhuan/xiang-gong-er-shi-yi-nian/zh,秋，栾盈出奔楚；范宣子（士匄）杀箕遗等十人、囚伯华、叔向、籍偃；「初，叔向之母妒叔虎之母」一段追叙羊舌氏及难之由；乐王鲋请为叔向言而叔向弗应，曰「必祁大夫」；晋侯问叔向之罪于乐王鲋；祁奚已老，乘馹见宣子请宥之，既免不见叔向而归。
G009,《国语·晋语八》,国语,晋语八,传世文献,primary_secondary,https://ctext.org/guo-yu/jin-yu-ba/zh,晋平公之世晋国大夫言行：阳毕论去栾氏、辛俞不叛其君、叔鱼与杨食我之生（叔向之母闻其号而还）、范宣子与和大夫争田而叔向劝访訾祏、叔向责行人子朱、宋之盟叔向谓赵文子「子务德，无争先」、赵文子与叔向游于九原、医和视平公之疾、叔向为太傅均二公子之禄、末章叔向贺贫（韩宣子忧贫）。《国语》非编年记事、原文不系年，凡据以立事目者其系年皆为推定，reliability 从严标 medium（体例同 E186／E187）。
Z099,《春秋左传·成公六年》,春秋左传,成公六年,传世文献,primary,https://ctext.org/chun-qiu-zuo-zhuan/cheng-gong-liu-nian/zh,晋人谋去故绛：诸大夫欲居郇瑕氏之地「沃饒而近盬，國利君樂」，韩献子难之曰「郇瑕氏土薄水淺，其惡易覯……不如新田。土厚水深，居之不疾，有汾澮以流其惡。且民從教，十世之利也」，公说从之；「夏，四月，丁丑，晉遷于新田」；「冬，季文子如晉，賀遷也」。本条为本库晋都双点分立（L_JIANG＝故绛／L_XINTIAN＝新田）之系年与地望依据，「故絳」之称亦出此篇。
A004,侯马晋国遗址考古与文保资料,考古资料,侯马晋国遗址,考古资料,archaeology,,晋自故绛迁新田（前585）后之都城遗址群，在今山西侯马汾、浍二水交汇处，含牛村、平望、台神、马庄、呈王等古城与铸铜、制陶作坊区及盟誓遗址；1961年第一批全国重点文物保护单位。1965—1966年于遗址出土「侯马盟书」（朱书玉石片，晋卿大夫盟誓文书）。本条与 A001—A003 同为文保与通说层摘要，学术级使用须补《侯马盟书》《侯马铸铜遗址》等发掘报告原文。
Z100,《春秋左传·襄公十四年》,春秋左传,襄公十四年,传世文献,primary,https://ctext.org/chun-qiu-zuo-zhuan/xiang-gong-shi-si-nian/zh,季札让国：吴子诸樊既除丧将立季札，札引曹之子臧为比而辞，「棄其室而耕」乃舍之。同年另有戎子驹支对晋、诸侯之大夫从晋侯伐秦之「迁延之役」，与本库吴线无涉。引文用字据 ctext《春秋左传·襄公十四年》页与维基文库《春秋左氏傳·襄公》整理本双本比对，两本用字一致（维基文库本以「．」代句读，标点为本库整理所加）。
Z101,《春秋左传·襄公二十九年》,春秋左传,襄公二十九年,传世文献,primary,https://ctext.org/chun-qiu-zuo-zhuan/xiang-gong-er-shi-jiu-nian/zh,季札聘鲁观周乐之全篇：经「閽弒吳子餘祭」「吳子使札來聘」，传载见叔孙穆子之戒、请观周乐、评十五国风与二雅三颂及六舞、末曰「觀止矣」，续载其历聘齐郑卫晋（说晏平仲、见子产、讥孙文子、谓叔向）。同年另载吴人伐楚获俘为阍、吴子余祭观舟而阍以刀弑之。【引文底本与校勘（r27c 更新）】引文用字原据 ctext 与维基文库《春秋左氏傳·襄公》双本比对，两本一致；**惟评《魏》风一段两本皆作「渢楓乎」（重文符号误录之讹）且断句两本相异**，r27a 因不作校勘论定而摘录避开该段，遂令《豳》《秦》《魏》《唐》《陈》一组整体留白。r27c 经站长纸本核对**杨伯峻《春秋左传注》**（**纸本，站长核对**，2026-08-04；页 1163，页码 2026-08-13 补核）定作「美哉，渢渢乎！大而婉，險而易行，以德輔此，則明主也」，并经本库以**《春秋左传正义》十三经注疏本**电子本独立复核，与杨本逐字一致；杜预注「渢渢，中庸之聲」「『險』當為『儉』字之誤也」「大而約，則儉節易行」与《经典释文》「渢，扶弓反」「險，依注音儉」并为内证。留白遂于 Q379 补齐，校勘三则（渢渢非渢楓、断句从杨本、《史记》「儉」与杜注所定正字暗合）详见该条层标。**《秦》末句已定案（r30 页码回填件）**：评《秦》末句注疏本作「大之至也，其周之舊乎」，经站长纸本核对**杨伯峻《春秋左传注》襄公二十九年注**（**纸本，站长核对**，2026-08-13；页 1163）作同一文，二本相合，Q379 正文维持不改；ctext 与维基文库两整理本作「大之至乎，其周之舊也」（「也」「乎」互易），降为异文注存此备考、不入正文。r27c 待核清单 B 项随本件关闭。【r41 版本著录之承接（裁定 17）】本行既有之杨伯峻《春秋左传注》页码引注，自本版起承以下版次：**中华书局第 2 版修订本（1990.5 首印；站长所据 2008.7 重印）**，著录见 `B002`——**页码自此可核**；原文照 conventions §10.1 留痕纪律不回改。
Z102,《春秋左传·昭公二十七年》,春秋左传,昭公二十七年,传世文献,primary,https://ctext.org/chun-qiu-zuo-zhuan/zhao-gong-er-shi-qi-nian/zh,专诸刺吴王僚与阖庐即位：经「夏四月，吳弒其君僚」，传载吴子因楚丧伐楚而吴师不能退、公子光告鱄设诸、伏甲堀室而享王、「鱄設諸寘劍於魚中以進，抽劍刺王，鈹交於胸，遂弒王」、「闔廬以其子為卿」、季子至而復命哭墓。同年另载楚郤宛之难（费无极、鄢将师谮郤宛，子常灭其族，九月子常杀费无极与鄢将师），为伍子胥件（round27b）伯嚭奔吴之由，亦费无极之终，其文见 P_FEIWUJI.notes 与 P_BOPI.notes。传文作「寘劍」（非「置劍」），本库引文照录，通行写法作「置剑于鱼中」，特此标出。【底本与三本复核（r27c 更新）】引文用字原据 ctext 与维基文库《春秋左氏傳·昭公》双本比对，两本一致；r27c 复以**《春秋左传正义》十三经注疏本**（卷五十二）电子本作第三底本逐句核之，结果分三类：① **字形层面，本库维持通行点校本用字**——「寘劍」注疏本作「窴劍」（《释文》「窴，之豉反」，同音同义之或体）、「抽劍刺王」注疏本作「剌」（《释文》音「七亦反」正是「刺」音，刻本形近之别）、「遂弒王」注疏本作「弑」（异体）；② **断句一处订正**——「王使甲坐於道，及其門」依杜注「坐道邊至光門」与注疏本连读，改为「王使甲坐於道及其門」（只改标点、不改一字，见 Q340）；③ **实质异文一处已定案（r31）**——注疏本正文作「**覆**命哭墓」而杜注作「**復**使命於僚墓」，两整理本皆作「復命」与杜注合；经站长纸本核定**杨伯峻《春秋左传注》昭公二十七年**（**纸本，站长核对**，2026-08-15；页 1485，页码同次核）**定案从「復」**，本库正文维持不改，注疏本之「覆」降为异文注（见 Q344），**r27c 待核清单 A1 项随本件关闭**。**本源尚未取得杨伯峻《春秋左传注》纸本之逐句核对**——r27c 任务书第⑥项「昭二十七引文以杨本全句复核」，本件已在电子层面做尽（三本比对），杨本纸本核对之具体待核点已整理成清单交站长，见 r27c CHANGES §4。（**r31 更新**：该清单之 A1 项已由站长纸本核定并关闭，见上 ③；A3〔寘／窴、刺／剌、弒／弑三处字形〕、A4〔昭二十七其余引文全句比对〕两项仍待，本轮未在范围。）【★r41 裁定 15：杨注页 1485 所载杜注亦作「復使命於僚墓」】站长纸本核 杨伯峻《春秋左传注》（中华书局第 2 版修订本，1990.5 首印；站长所据 2008.7 重印，版次著录见 `B002`） 昭公二十七年，**页 1485**，该句下所载杜预注作「**復使命於僚墓**」（**纸本，站长核对**，2026-08-29），与《春秋左传正义》十三经注疏本所载杜注同文；上 ③ 段之定案（从「復」）依据链由一重（杨本正文）增为两重（杨本正文 ＋ 杨本所载杜注），**结论不变、正文仍不改**。回填表 C 项兼问「有无校勘语」，站长未答此问，本库不写「无校勘语」，列待考实（详见 `Q344`）。**A3／A4 两项仍待**，本轮未在范围。【r41 版本著录之承接（裁定 17）】本行既有之杨伯峻《春秋左传注》页码引注，自本版起承以下版次：**中华书局第 2 版修订本（1990.5 首印；站长所据 2008.7 重印）**，著录见 `B002`——**页码自此可核**；原文照 conventions §10.1 留痕纪律不回改。
Z103,《春秋左传·昭公三十年》,春秋左传,昭公三十年,传世文献,primary,https://ctext.org/chun-qiu-zuo-zhuan/zhao-gong-san-shi-nian/zh,吴灭徐与阖庐问伐楚之谋于伍员：吴子使徐人执掩馀、钟吾人执烛庸，二公子奔楚，楚封之以害吴，子西谏而王弗听（「吳，周之冑裔也，而棄在海濱，不與姬通」为吴姬姓之经传内证）；冬十二月吴灭徐；传末「吳子問於伍員曰……」，员献「亟肄以罷之，多方以誤之」之策，「闔廬從之，楚於是乎始病」。引文用字据 ctext 与维基文库《春秋左氏傳·昭公》双本比对，两本用字一致。
Z104,《春秋左传·定公三年》,春秋左传,定公三年,传世文献,primary,https://ctext.org/chun-qiu-zuo-zhuan/ding-gong-san-nian/zh,唐蔡之怨：蔡昭侯以两佩两裘如楚，令尹子常欲之弗与而三年止之；唐成公有两肃爽马，子常欲之弗与，亦三年止之；唐人窃马以献而唐侯归，蔡人献佩而蔡侯归，蔡侯「及漢，執玉而沈」誓不復济汉而南，遂如晋以子为质请伐楚。此为柏举之役（前506）之由。同年另载邾庄公卞急好洁自投于床而卒。引文用字据 ctext 与维基文库《春秋左氏傳·定公》双本比对，两本用字一致。
Z105,《春秋左传·定公四年》,春秋左传,定公四年,传世文献,primary,https://ctext.org/chun-qiu-zuo-zhuan/ding-gong-si-nian/zh,柏举之役与吴入郢：经「冬，十有一月，庚午，蔡侯以吳子及楚人戰于柏舉，楚師敗績。楚囊瓦出奔鄭。庚辰，吳入郢」；传载召陵之会、蔡灭沈、楚围蔡、「伍員為吳行人以謀楚」「伯州犁之孫嚭為吳大宰以謀楚」、蔡吴唐三国伐楚、沈尹戌夹击之谋与史皇促战、夫概王先击子常之卒、清发半济、「五戰，及郢」「庚辰，吳入郢，以班處宮」、左司马戌之死、楚昭王奔郧奔随、吴人告随人「周之子孫在漢川者，楚實盡之」，末载申包胥如秦乞师、立依庭墙而哭七日、秦哀公赋《无衣》而秦师出。本年之文一篇兼含 1a（柏举、入郢、伍员为行人）与 1b（申包胥乞师、伍员之约）两件所需，两件共用本源而不重立事目，交接见各自 CHANGES。同篇另有祝佗论周初封建一大段（分鲁公、康叔、唐叔之典），与本库吴线无涉，不引。引文用字据 ctext 与维基文库《春秋左氏傳·定公》双本比对，两本用字一致。
Z106,《春秋左传·定公五年》,春秋左传,定公五年,传世文献,primary,https://ctext.org/chun-qiu-zuo-zhuan/ding-gong-wu-nian/zh,秦师救楚与吴师之归：「申包胥以秦師至。秦子蒲、子虎帥車五百乘以救楚」，大败夫概王于沂，子西败吴师于军祥；秋七月子期、子蒲灭唐；九月夫概王归而自立，战败奔楚为堂谿氏；吴师居麇，子期焚之而战，吴师大败于公婿之谿，「吳子乃歸」；末载「楚子入于郢」及昭王赏功、申包胥逃赏（「吾為君也，非為身也。君既定矣，又何求」）。经另书「於越入吳」，传释曰「越入吳，吳在楚也」——越乘吴虚而入，是槜李之役（前496）之先声。引文用字据 ctext 与维基文库《春秋左氏傳·定公》双本比对，两本用字一致。
Z107,《春秋左传·定公十四年》,春秋左传,定公十四年,传世文献,primary,https://ctext.org/chun-qiu-zuo-zhuan/ding-gong-shi-si-nian/zh,槜李之役：经「五月，於越敗吳于檇李。吳子光卒」（阖庐名光之经文明证）；传载越子勾践御吴、使罪人三行属剑于颈自刭以乱吴师、「靈姑浮以戈擊闔廬，闔廬傷將指，取其一屨。還，卒於陘，去檇李七里」，续书「夫差使人立於庭……三年，乃報越」。勾践、夫差二人皆首见于本年，为 C2 吴越篇之起点。引文用字据 ctext 与维基文库《春秋左氏傳·定公》双本比对，两本用字一致（ctext 断作「取其一屨。還卒於陘」，维基文库断作「取其一屨還．卒於陘」，用字无异，本库依文意断为「取其一屨。還，卒於陘」，标点为本库整理所加）。
Z108,《春秋左传·哀公元年》,春秋左传,哀公元年,传世文献,primary,https://ctext.org/chun-qiu-zuo-zhuan/ai-gong-yuan-nian/zh,本库本批只取其秋「吳師在陳」一段中楚子西论吴之辞——追述「昔闔廬食不二味，居不重席，室不崇壇，器不彤鏤……勤恤其民，而與之勞逸，是以民不罷勞，死不知曠」，并以夫差之奢与之相形。此为经传对阖庐其人最完整之评述，然事在前494、在阖庐既卒之后，属追述之辞，依 conventions §7 作 passage 挂 E225，不另立事目。同年另载吴王夫差败越于夫椒、越子保于会稽、大夫种因太宰嚭行成，及伍员谏「樹德莫如滋，去疾莫如盡」，俱属 C2 吴越篇下半，本批不引、不立目。
S011,《史记·吴太伯世家》,史记,吴太伯世家,传世文献,primary_secondary,https://ctext.org/shiji/wu-tai-bo-shi-jia/zh,吴国世系与阖庐一朝之汉代综合叙事层。本库所涉四处与《左传》互有异同，一律标 quote_type=后出叙事，不与经传混编：① 季札挂剑徐君（「始吾心已許之，豈以死倍吾心哉」）——无系年之轶事，《左传》无此文，依 conventions §7 挂靠通例作 passage 挂 E223，不另立事目；② 专诸行刺作「使專諸置匕首於炙魚之中以進食」，器作匕首而不作剑、鱼作炙鱼，与《左传》「寘劍於魚中」异；③「王闔廬元年，舉伍子胥為行人而與謀國事」，系年较《左传·定公四年》早八年，且以伯嚭为「大夫」而传作「大宰」；④「公子光者，王諸樊之子也」，为阖庐父系之唯一依据，《左传》全帙无其父名之明文，本库据以织 relations 之边者一律标 medium。另本篇有「將軍孫武」之文，而《左传》《国语》皆无孙武其名（本件已作 ctext 全书检索，零命中），故本库依 r27 裁定 2 不为孙武立 people 行，说明见 CHANGES 与 E228 相关注记。
T008,《越绝书·外传记宝剑》,越绝书,外传记宝剑,诸子说部,secondary,https://ctext.org/yue-jue-shu/wai-zhuan-ji-bao-jian/zh,秦汉说部层：《越绝书》旧题东汉袁康、吴平所纂（成书年代与作者系通说，本件未逐一核证），非当代记事。本篇载薛烛相剑，谓欧冶子造大刑三、小刑二——「一曰湛盧，二曰純鈞，三曰勝邪，四曰魚腸，五曰巨闕」，「吳王闔廬之時，得其勝邪、魚腸、湛盧」，又曰「時闔廬又以魚腸之劍刺吳王僚，使披腸夷之甲三事。闔廬使專諸為奏炙魚者，引劍而刺之，遂弒王僚」。此为「鱼肠」剑名与专诸行刺相连之现存较早文献之一；《左传·昭公二十七年》本文只书「寘劍於魚中」「抽劍刺王」，有鱼有剑而剑无名。依 conventions §2 T 层纪律：quote_type 标「经义异闻」、不得单独立事件骨架、不立 people 行、不织 relations 边，本源只作 E224 之 passage。
T009,《吴越春秋·王僚使公子光传》,吴越春秋,王僚使公子光传,诸子说部,secondary,https://ctext.org/wu-yue-chun-qiu/wang-liao-shi-gong-zi-guang-zhuan/zh,秦汉说部层：《吴越春秋》旧题东汉赵晔撰（成书年代与作者系通说，本件未逐一核证），非当代记事，敷演吴越故事而多细节，与《左传》详略悬殊。本篇载伍胥求勇士得专诸、专诸「從太湖學炙魚，三月得其味」、公子光「佯為足疾，入窋室裹足，使專諸置魚腸劍炙魚中進之」、专诸擘炙鱼推匕首刺王僚「貫甲達背」、左右共杀专诸，续载季札使还而阖闾以位让、季札復哭僚墓。其「鱼肠剑」「炙鱼」「学炙鱼三月」诸节皆《左传》所无。依 conventions §2 T 层纪律：quote_type 标「经义异闻」、不得单独立事件骨架、不立 people 行、不织 relations 边，本源只作 E224 之 passage。
T010,《吕氏春秋·孝行览·忠廉》,吕氏春秋,孝行览·忠廉,诸子说部,secondary,https://ctext.org/lv-shi-chun-qiu/zhong-lian/zh,先秦诸子（杂家）说理层：成书战国末（吕不韦门客集撰），以「士议之不可辱」立论，举要离刺王子庆忌与弘演纳肝二事为例，属说理性举例而非当代编年记事。本篇载吴王欲杀王子庆忌而要离请任之，吴王「加要離罪」、执其妻子焚而扬灰，要离奔见庆忌于卫，与之涉江而中江拔剑刺之，庆忌捽而三投之江，末曰「汝天下之國士也，幸汝以成而名」；要离归吴，辞与分国之赏，自陈「不仁不義，又且已辱，不可以生」，伏剑而死。其事《春秋》经传、《国语》一无所载（本件已就 ctext 两书检索「要離」，零命中）；《左传》全帙「慶忌」仅一见，即哀公二十年吴公子庆忌骤谏夫差、出居于艾、后为吴人所杀，其时在前475，与本篇所言王僚之子庆忌是否一人，经传无从取证。依 conventions §2 T 层纪律与 §7 挂靠通例：quote_type 标「经义异闻」、不立事目、不为要离与庆忌立 people 行、不织 relations 边，本源只作 E225 之 passage。
A005,阖闾城遗址考古与文保资料,考古资料,阖闾城遗址,考古资料,archaeology,https://zh.wikipedia.org/wiki/%E9%98%96%E9%97%BE%E5%9F%8E%E9%81%97%E5%9D%80,2007—2008 年南京博物院考古研究所与无锡市第三次全国文物普查办公室联合勘探复查；确认春秋晚期城墙、高台建筑、陆门与水门，大城约 2.94 平方公里；2008 年国家文物局专家论证会初步认定为吴王阖闾都城（前515—前496），入选 2008 年度全国十大考古新发现；2013 年 3 月列第七批全国重点文物保护单位。遗址实测坐标约 31.51N／120.11E，本条所据为维基百科条目所载之实测值与文保资料，未与《文物》或南京博物院勘探简报原文核对，学术级使用须补发掘报告原文（同 A001—A004 之体例）。其「是否即吴都」之异说见 ARC008 与 L_WUDU.description。
A006,苏州木渎春秋城址考古资料,考古资料,苏州木渎春秋城址,考古资料,archaeology,http://kaogu.cssn.cn/zwb/xcczlswz/201103/t20110318_3920959.shtml,2009—2010 年中国社会科学院考古研究所与苏州市考古研究所联合考古队调查发掘；确认木渎、胥口间山间盆地内一座春秋晚期具都邑性质之超大型城址，总面积约 24.79 平方公里，北城墙一段长 1150 米、残墙上宽约 13 米下宽约 22 米、外侧护城河宽 14 米以上；入选中国社会科学院「2010 年中国考古新发现」及国家文物局 2010 年度全国十大考古新发现。张学锋等另主张其主体遗存属越灭吴后徙都之越人，若成立则本城址为越都而非吴都。本条所据为中国考古网报道与学界综述，本轮未取得发掘简报全文（该站执行环境不可达），所记坐标 31.28N／120.44E 为约值待核（r27 裁定 8，round27b 复核项）；学术级使用须补发掘报告原文。
Z109,《春秋左传·昭公十九年》,春秋左传,昭公十九年,传世文献,primary,https://ctext.org/chun-qiu-zuo-zhuan/zhao-gong-shi-jiu-nian/zh,费无极谗太子建之始：楚平王使伍奢为太子建之师、费无极为少师而无宠，欲谮诸王；先以「建可室矣」劝王自取所聘之秦女，正月楚夫人嬴氏至自秦；继言「若大城城父而寘大子焉，以通北方，王收南方，是得天下也」，王说从之，太子建遂居城父。同年另载齐高发伐莒、郑驷偃卒、楚人城州来而沈尹戌预言其败，与本库伍子胥线无涉。**本源引文本轮只取得维基文库《春秋左氏傳·昭公》整理本单本**，ctext 于本轮执行环境不可达（DNS 解析失败），未能作双本比对；本篇有一处两本可能相异之地名（太子建之母出身之「具陽／郹陽」封人），本库因此避开该句不引，说明见 E241.summary 与 P_TAIZIJIAN.notes。其余所引诸句已与《史记·伍子胥列传》所载互勘、文意相符，惟仍属单本见证，已列 CHANGES 待复核。
Z110,《春秋左传·哀公十六年》,春秋左传,哀公十六年,传世文献,primary,https://ctext.org/chun-qiu-zuo-zhuan/ai-gong-shi-liu-nian/zh,本库本批只取其「楚大子建之遇讒也」一段——传于白公胜作乱之年以追叙记太子建自城父奔宋、避华氏之乱于郑、适晋而与晋人谋袭郑、事泄为郑人所杀（传称之曰「子木」），并载其子胜在吴、子西召之为白公。此为《左传》记太子建结局之唯一处，**年月不书**，本库依 conventions §7 通例作 passage 挂 E242，不另立事目、不代推其年。同篇所载白公之乱（杀子西、子期于朝而劫惠王，叶公入而定之）属 C2 之后事，本批不引、不立目；孔子卒（哀公十六年夏四月己丑）亦在本篇，本库既有 P_KONGZI 之 `death_year_bce` 现为留空，是否据本篇回填由领队另裁（本件不动）。本源引文本轮只取得维基文库整理本单本，ctext 不可达，已列 CHANGES 待复核。
S012,《史记·伍子胥列传》,史记,伍子胥列传,传世文献,primary_secondary,https://zh.wikisource.org/wiki/%E5%8F%B2%E8%A8%98/%E5%8D%B7066,伍子胥一生之汉代综合叙事层，本库所涉五处一律标 quote_type=后出叙事，不与经传混编：① 伍奢料二子「尚為人仁，呼必來；員為人剛戾忍訽，能成大事」与伍员贯弓执矢向使者而亡——《左传》只书棠君尚与员之对答，无此节；② 奔吴行程：奔宋、遇华氏之乱、与太子建奔郑、「到昭關」「至江，江上有一漁父」「未至吳而疾，止中道，乞食」——《左传》记其奔吴只「員如吳」三字，**且本篇亦无「一夜白发」之文**；③「鄭定公與子產誅殺太子建」——与子产卒于前522（《左传·昭公二十年》，库内 E199）冲突，为可由本库既有事目直接勘出之系年误，本库登记而不据以改写；④ 鞭平王尸：「及吳兵入郢，伍子胥求昭王。既不得，乃掘楚平王墓，出其尸，鞭之三百，然後已」，并载申包胥自山中使人责之与子胥「吾日莫途遠，吾故倒行而逆施之」之答——《左传·定公四年》详叙入郢诸节而**全无鞭尸之文**，处置见 E228 之 Q377 层标；⑤ 伍员与申包胥之约作「我必覆楚」「我必存之」，与《左传》「我必復楚國」「子能復之，我必能興之」字辞俱异，见 Q375。本源引文据维基文库《史記·卷066》整理本，ctext 于本轮不可达，未作双本比对，已列 CHANGES 待复核。
Z111,《春秋左传·哀公十一年》,春秋左传,哀公十一年,传世文献,primary,https://zh.wikisource.org/wiki/%E6%98%A5%E7%A7%8B%E5%B7%A6%E6%B0%8F%E5%82%B3/%E5%93%80%E5%85%AC,本篇本库所取有三事：① 经「五月，公會吳伐齊。甲戌，齊國書帥師及吳戰于艾陵，齊師敗績，獲齊國書」与传所载艾陵之役全程（五月克博、壬申至于嬴、吴齐两军将佐之列、战前齐诸大夫之诀辞「人尋約，吳髮短」、战果「革車八百乘，甲首三千」、鲁公归国子之元并寘书其上）；② 吴将伐齐而越子率其众以朝，子胥独惧而谏「越在我，心腹之疾也」，弗听，使于齐，属其子于鲍氏为王孙氏，反役而王赐属镂以死，将死曰「樹吾墓檟」——**《左传》所记伍员临终之言止于此，无抉目、无悬门、无鸱夷**，三源分层之判据即在此篇（详见 E248 与 Q394—Q399）；③ 同年春齐伐鲁、鲁郊之战（冉有用矛、孔子评之），非本件事目所取，不引。【底本与核对状态】本件所引本篇正文，据维基文库整理本《春秋左氏传·哀公》（https://zh.wikisource.org/wiki/%E6%98%A5%E7%A7%8B%E5%B7%A6%E6%B0%8F%E5%82%B3/%E5%93%80%E5%85%AC）逐字录入；ctext 本本轮未取，**两本互校未作**，已列 CHANGES 复核项。url 栏所填即本件实际所据之底本页面（既有 Z 行多填 ctext 页面，此处从实不从例，见 CHANGES 上报）。
Z112,《春秋左传·哀公十三年》,春秋左传,哀公十三年,传世文献,primary,https://zh.wikisource.org/wiki/%E6%98%A5%E7%A7%8B%E5%B7%A6%E6%B0%8F%E5%82%B3/%E5%93%80%E5%85%AC,本篇载吴之极盛与其一日之顿挫，同年三事相续：① 夏，公会单平公、晋定公、吴夫差于黄池；② 六月丙子—丁亥，越子伐吴，为二隧，获吴大子友、王孙弥庸、寿于姚，丁亥入吴，「吳人告敗于王，王惡其聞也，自剄七人於幕下」；③ 秋七月辛丑盟，吴晋争先，吴人曰「於周室，我為長」，晋人曰「於姬姓，我為伯」，司马寅视吴王之色而曰「肉食者無墨，今吳王有墨」，**「乃先晉人」**——此四字与《国语·吴语》「吳公先歃，晉侯亞之」正相反，为本库 Z/G 两源互异之显例（见 Q401／Q403 层标）。另载子服景伯辞吴、申叔仪乞粮于公孙有山氏「佩玉繠兮」一节，见吴师之窘。经文别书「於越入吳」（书「於越」而不名其君，与定公十四年同例）。冬，吴及越平。【底本与核对状态】本件所引本篇正文，据维基文库整理本《春秋左氏传·哀公》（https://zh.wikisource.org/wiki/%E6%98%A5%E7%A7%8B%E5%B7%A6%E6%B0%8F%E5%82%B3/%E5%93%80%E5%85%AC）逐字录入；ctext 本本轮未取，**两本互校未作**，已列 CHANGES 复核项。url 栏所填即本件实际所据之底本页面（既有 Z 行多填 ctext 页面，此处从实不从例，见 CHANGES 上报）。
Z113,《春秋左传·哀公十七年》,春秋左传,哀公十七年,传世文献,primary,https://zh.wikisource.org/wiki/%E6%98%A5%E7%A7%8B%E5%B7%A6%E6%B0%8F%E5%82%B3/%E5%93%80%E5%85%AC,本库本件只取其三月一段：「越子伐吳，吳子禦之笠澤，夾水而陳。越子為左右句卒，使夜或左或右，鼓譟而進，吳師分以御之。越子以三軍潛涉，當吳中軍而鼓之，吳師大亂，遂敗之。」——笠泽之役，吴越攻守之势自此易，为前473 越灭吴之前奏。同篇另载卫庄公之难、楚灭陈、赵鞅围卫诸事，与本件无涉，不引。【底本与核对状态】本件所引本篇正文，据维基文库整理本《春秋左氏传·哀公》（https://zh.wikisource.org/wiki/%E6%98%A5%E7%A7%8B%E5%B7%A6%E6%B0%8F%E5%82%B3/%E5%93%80%E5%85%AC）逐字录入；ctext 本本轮未取，**两本互校未作**，已列 CHANGES 复核项。url 栏所填即本件实际所据之底本页面（既有 Z 行多填 ctext 页面，此处从实不从例，见 CHANGES 上报）。
Z114,《春秋左传·哀公二十年》,春秋左传,哀公二十年,传世文献,primary,https://zh.wikisource.org/wiki/%E6%98%A5%E7%A7%8B%E5%B7%A6%E6%B0%8F%E5%82%B3/%E5%93%80%E5%85%AC,本库本件取其冬十一月一段：「越圍吳」，晋赵孟（无恤）以黄池之质降丧食，使楚隆入越军而告于吴王，吴王「拜稽首」而受，与之一箪珠，反问赵孟曰「句踐將生憂寡人，寡人死之不得矣」——此为《左传》所记夫差生前之末一次言语，亦是本库夫差「亲至」明文之末一处。同篇秋另载「吳公子慶忌驟諫吳子曰：『不改必亡』，弗聽，出居于艾，遂適楚，聞越將伐吳，冬，請歸平越，遂歸，欲除不忠者以說于越，吳人殺之」——**「庆忌」之名于《左传》有明文，即在此处**，与 round27a 依 T 层纪律不立人物行之「庆忌」（要离刺庆忌，说部层）为同名之两处材料，本件未立此事目，已在 CHANGES 上报为候补事目并提请复核。【底本与核对状态】本件所引本篇正文，据维基文库整理本《春秋左氏传·哀公》（https://zh.wikisource.org/wiki/%E6%98%A5%E7%A7%8B%E5%B7%A6%E6%B0%8F%E5%82%B3/%E5%93%80%E5%85%AC）逐字录入；ctext 本本轮未取，**两本互校未作**，已列 CHANGES 复核项。url 栏所填即本件实际所据之底本页面（既有 Z 行多填 ctext 页面，此处从实不从例，见 CHANGES 上报）。
Z115,《春秋左传·哀公二十二年》,春秋左传,哀公二十二年,传世文献,primary,https://zh.wikisource.org/wiki/%E6%98%A5%E7%A7%8B%E5%B7%A6%E6%B0%8F%E5%82%B3/%E5%93%80%E5%85%AC,春秋编年中吴国之末条。本篇传文仅两段，其一即「冬，十一月，丁卯，越滅吳。請使吳王居甬東，辭曰：『孤老矣，焉能事君。』乃縊。越人以歸」——三十四字了一国。经文本年无（哀公十四年获麟以后，本库所据整理本哀公诸年只存传文），故本篇为传而无经。《国语·吴语》《史记·吴太伯世家》所记同事，于流放之地、随从之数、死法、临终之辞四事皆与此异，本库骨架从本篇，异者各作 passage 分层（Q411／Q412／Q413）。【底本与核对状态】本件所引本篇正文，据维基文库整理本《春秋左氏传·哀公》（https://zh.wikisource.org/wiki/%E6%98%A5%E7%A7%8B%E5%B7%A6%E6%B0%8F%E5%82%B3/%E5%93%80%E5%85%AC）逐字录入；ctext 本本轮未取，**两本互校未作**，已列 CHANGES 复核项。url 栏所填即本件实际所据之底本页面（既有 Z 行多填 ctext 页面，此处从实不从例，见 CHANGES 上报）。
Z116,《春秋左传·昭公二十三年》,春秋左传,昭公二十三年,传世文献,primary,https://zh.wikisource.org/wiki/%E6%98%A5%E7%A7%8B%E5%B7%A6%E6%B0%8F%E5%82%B3/%E6%98%AD%E5%85%AC,本库本件只取鸡父之役：经「秋七月……戊辰，吳敗頓、胡、沈、蔡、陳、許之師于雞父。胡子髡、沈子逞滅，獲陳夏齧」；传载吴人伐州来、楚薳越及诸侯之师奔命，公子光献「七國同役而不同心，帥賤而不能整，無大威命，楚可敗也」之策，吴子从之，以罪人三千先犯胡、沈与陈，「中軍從王，光帥右，掩餘帥左」，大败七国之师。传又释经之书法：「不言戰，楚未陳也。」此役为公子光（后之阖庐）军功之最，亦其见于经传之第二役（第一为昭公十七年长岸）。同篇另载楚大子建之母召吴人、囊瓦城郢、沈尹戌论城守诸事，本件不引。【底本与核对状态】本件所引本篇正文，据维基文库整理本《春秋左氏传·昭公》（https://zh.wikisource.org/wiki/%E6%98%A5%E7%A7%8B%E5%B7%A6%E6%B0%8F%E5%82%B3/%E6%98%AD%E5%85%AC）逐字录入；ctext 本本轮未取，**两本互校未作**，已列 CHANGES 复核项。
G010,《国语·吴语》,国语,吴语,传世文献,primary_secondary,https://zh.wikisource.org/wiki/%E5%9C%8B%E8%AA%9E/%E5%8D%B719,《国语》卷十九，专记夫差一世之言语，凡九章，自「越王句踐命諸稽郢行成於吳」至「句踐滅吳夫差自殺」，首尾即本件所著录之十年（前494—前473）。本库所取六节：诸稽郢行成与大夫种献谋、申胥谏许成「為虺弗摧，為蛇將若何」、申胥谏伐齐、奚斯释言于齐、**申胥自杀**（夫差誶申胥、申胥对而自杀、「以懸吾目於東門」、王慍而盛以鸱夷投之于江）、黄池之会王孙雒之谋与「吳公先歃，晉侯亞之」、句践灭吴与夫差之自杀。【分层与 reliability】《国语》非编年记事、原文不系年，凡据以立事目者系年皆为推定，事目 reliability 从严标 medium（体例同 E186／E187）；本件所立事目骨架一律取《左传》系年，《国语》只作 passage，故不因此降级。**《国语》为当代记言文献（G 层），非 T 层说部**，其人物（如王孙雒）可立 people 行，与 §2「T 层不立 people 行」不同科。【韦昭注】本篇正文与韦昭注同页并存，本库引正文时不掺注文；凡引韦注（如「甬句東，今句章東海口外洲也」「江，松江，去吳五十里」）皆于 modern_note／coord_basis 中标明其为韦注并注明核对状态（电子本转引，维基文库《国语》卷十九）。【底本】本件据维基文库整理本（https://zh.wikisource.org/wiki/%E5%9C%8B%E8%AA%9E/%E5%8D%B719）逐字录入，ctext 本未取、两本互校未作，已列复核项。
Z117,《春秋左传·哀公二十三年》,春秋左传,哀公二十三年,传世文献,primary,https://zh.wikisource.org/wiki/%E6%98%A5%E7%A7%8B%E5%B7%A6%E6%B0%8F%E5%82%B3/%E5%93%80%E5%85%AC,本库本件只取其秋一段：「秋，八月，叔青如越，始使越也。越諸鞅來聘，報叔青也。」——**「始使越」三字是《左传》记诸侯事越之始**，在越灭吴（前473）之后一年，为本库著录越之霸业所据之经传明文（E267）。同篇另载宋景曹卒、晋荀瑶伐齐、战于犁丘诸事，本件不引。【底本】据维基文库整理本《春秋左氏传·哀公》逐字录入；ctext 本本轮未取、两本互校未作，列复核项（同 28a 各 Z 行）。
G011,《国语·越语上》,国语,越语上,传世文献,primary_secondary,https://zh.wikisource.org/wiki/%E5%9C%8B%E8%AA%9E/%E5%8D%B720,《国语》卷二十，全卷只一章「句踐滅吳」，自「越王句踐棲於會稽之上」起，至「遂滅吳」止，是越方视角之首尾一贯之叙——与《吴语》（G010，吴方视角）适成对读之两卷。本库所取五节：文种「無乃後乎」之进对（**本件名段**）、行成于吴之辞、子胥「有吳則無越，有越則無吳」之谏与越人饰美女八人纳太宰嚭、勾践「卑事夫差，宦士三百人於吳，其身親為夫差前馬」与「十年不收於國，民俱有三年之食」之生聚、末章夫差行成而越王「吾請達王甬句東」。【分层与 reliability】《国语》非编年记事、原文不系年，凡据以立事目者系年皆为推定，事目 reliability 从严标 medium；本件事目骨架凡有《左传》可依者一律取《左传》系年（E265 取哀公元年）。【与《吴语》之互异一处】《吴语》记灭吴作「寡人其達王於甬句東，夫婦三百」，本卷作「吾請達王甬句東，吾與君為二君乎」，同书两卷措辞已异，本库两存不校。【底本】维基文库整理本，韦昭注与正文同页并存，引正文时不掺注文。
G012,《国语·越语下》,国语,越语下,传世文献,primary_secondary,https://zh.wikisource.org/wiki/%E5%9C%8B%E8%AA%9E/%E5%8D%B721,《国语》卷二十一，通卷以范蠡为主：自「越王句踐即位三年而欲伐吳」范蠡进谏「持盈、定傾、節事」三术起，历「王弗聽」而败、「棲於會稽」、行成、**「令大夫種守於國，與范蠡入宦於吳。三年，而吳人遣之」**、逐年问对（「未可也」四问四答）、「遂興師伐吳，至於五湖」、居军三年而吴师自溃、范蠡代王答王孙雒之行成、「至於姑蘇之宮……遂滅吳」，末章「反至五湖，范蠡辭於王」「遂乘輕舟以浮於五湖，莫知其所終極」。【本卷之特出者二】① **「戰於五湖，不勝，棲於會稽」**——前494 之败，本卷系于「五湖」而《左传》系于「夫椒」，是《史记索隐》驳杜预椒山之说所本（「《國語》云敗之五湖，則杜預云在椒山爲非」），本库据以补记 `L_FUJIAO` 之异说（见 CHANGES 修正建议）；② **勾践亲入宦于吴三年**——《左传》全无，《史记·越王勾践世家》则作范蠡与柘稽为质、「二歲而吳歸蠡」而不书勾践亲往，G／S 两层于此互异（E266，Q429／Q430）。【分层与 reliability】同 G011。【底本】维基文库整理本。
S013,《史记·越王勾践世家》,史记,越王勾践世家,传世文献,primary_secondary,https://zh.wikisource.org/wiki/%E5%8F%B2%E8%A8%98/%E5%8D%B7041,秦汉正史层（`S` 前缀 v1.25 已广义化）。本库所涉五处，一律标 `quote_type=后出叙事`，不与经传混编：① **「置膽於坐，坐臥即仰膽，飲食亦嘗膽也」**——「尝胆」之所自出，**全篇无「卧薪」二字**（本件已就本卷全文逐字核读），见 Q427 与领队 r28 裁定 2；② 范蠡与大夫柘稽行成为质于吴「二歲而吳歸蠡」——与《国语·越语下》「與范蠡入宦於吳，三年」互异（Q430）；③ 徐州之会「與齊、晉諸侯會於徐州，致貢於周。周元王使人賜句踐胙，命爲伯……號稱霸王」（Q434）；④ 范蠡「乘舟浮海以行，終不反」、变名鸱夷子皮、止于陶为陶朱公，与遗文种书「蜚鳥盡，良弓藏；狡兔死，走狗烹」及文种受剑自杀（Q436）——其「浮海」与《越语下》「浮於五湖」亦异；⑤ 「句踐卒，子王鼫與立」——**本篇正文不书其年**，《索隐》引《竹书纪年》「晉出公十年十一月，於粵子句踐卒，是爲菼執」，本库 `P_GOUJIAN.death_year_bce` 之 -465 即由此推得（medium，推算依据见该行 notes）。【底本】维基文库整理本《史记》卷四十一；三家注文另据维基文库《史记三家注》卷四十一（电子本转引）。【核对状态（§7 v1.26）】本行所引杜预注、《史记》三家注（集解／索隐／正义）、《竹书纪年》（三家注转引）、《越绝记》《会稽典录》《吴越春秋》（皆三家注转引）等，**一律为电子本转引**（维基文库整理本／四库本，2026-08-13 取），非纸本核对；谭其骧《中国历史地图集》与杨伯峻《春秋左传注》本轮未取得，属未核待补。
S014,《汉书·地理志下》,汉书,地理志下（会稽郡）,传世文献,primary_secondary,https://zh.wikisource.org/wiki/漢書/卷28下,秦汉正史层（`S` 前缀 v1.25 已广义化涵《汉书》）。本库所涉一处：会稽郡「吳，故國，周太伯所邑」，为现存最早系太伯所邑于吴县（今苏州）之正史地理志明文，早于唐人梅里之说约七百年，为 L_WUDU 甲·苏州说文献链中年代最早、分量最重之一条。r27a 时暂只在 `L_WUDU.description` 中以文字引述、未建正式来源行（见 `docs/changes/r27a_helu.md` §2.3 与 conventions §2『S###前缀广义化』条所记之待办）；本条随 r28 随批清账任务补建，`L_WUDU.source_ids` 已加入本行。quote_type 应标『后出叙事』，不与经传混编。【核对状态】本条为文字引述之正式来源行化，未新作电子本核对；url 依团队既有《汉书》/《史记》维基文库页面命名惯例填列，本轮网络环境不可达，未能实测校验，列复核项（同 Z109/Z110/S011 等既有条目之体例；亦即 conventions v1.27 新增『sources.url 体例从实』通例——本行如实注明未验证，不作断言）。
J001,《清华大学藏战国竹简（贰）·系年》第五章,清华大学藏战国竹简,系年·第五章,出土文献,primary,https://zh.wikisource.org/wiki/清華大學藏戰國竹簡/系年,战国中期楚地写本，出土文献层（`J` 前缀首条，分层纪律见 conventions §2 拟入新节）。【入藏与发现性质】清华简系 2008 年由校友捐赠入藏清华大学，**非科学发掘出土品**，其来源链有别于考古发掘资料；学界曾有辨伪之议（主流已认其真），本库不作论定、只如实著录其为入藏简。此项系 J 层单独支撑者默认取 `medium` 之理据之一，凡 J 行 `notes` 必录、不得省略——medium 默认的理据必须可见。【整理本出版信息】清华大学出土文献研究与保护中心编、李学勤主编《清华大学藏战国竹简（贰）》，上海：中西书局，2011 年 12 月出版；《系年》全篇（一百三十八简、二十三章）收入此册。【本库所据底本】维基文库「清華大學藏戰國竹簡/系年」页之**电子转录本**；该页凡例自述「原簡文古體字、異體字甚多，這裡一概改用通行字」，故其正文不等于整理本释文，整理本释文之通假括注在转录中已失，**整理本待纸本**。据此立本库口径：**转录本可证有无某事、次第如何，不可证某字作某**。【核对状态】电子转录本已核，Sophia，2026-08-15（`url` 复验 2026-08-17、2026-08-29 两次，末次实取 22810 字节，第五章正文与简号 23–30 俱在）；整理本（中西书局，2011）**三处用字已核（纸本扫描本，站长核对，2026-08-29，见下 ★r41 一节）；其余部分仍待纸本**——**须分别言之**：站长所核者是三个指定之字，非通读全章，故本行不得改写为「整理本已核」之概括语。本条通篇无「页 N」引注——本轮无一处取得纸本页码，末缀二式（「，页码 YYYY-MM-DD 补核」／「，页码同次核」）均不适用，不机械照抄。【★r41 裁定 18：三处用字已由整理本（纸本扫描本）核定，本项清账】本章「新（莘？）」「弗訓（弗順？）」「命視（命見？）」三处用字，站长据整理本（中西书局，2011）**纸本扫描本**逐字核出（**整理本纸本扫描本，站长核对**，2026-08-29），依裁定 18「扫描存字形、与重录转录本有本质之别，视同纸本核字，著录如实带『扫描本』三字」定案：① 「新／莘」——整理本作「**莘**」，**与《左传·庄公十年》「敗蔡師于莘」同字**，故此处本无异可言，此前所悬之名物用字项**就此消解**（转录本之「新」系该本改用通行字所致）；② 「弗訓／弗順」——整理本作「**弗順**」，`Q442.quote_original` 已据以订正（「息侯弗訓」→「息侯弗順」），转录本用字「訓」记为版本形貌；③ 「命視／命見」——整理本作「**命見**」，库内无 `quote_original` 引及该段，故只作定案登记而无正文可订正。**本项之方法论分量**：本行所立口径句「**转录本可证有无某事、次第如何，不可证某字作某**」于 ① 得一次**正面实证**——转录本之「新」若当日被径用，本库便会立起一条并不存在的《系年》／《左传》用字异文；口径句拦下的正是这一步，其价值在本轮由「谨慎的自限」变为「经检验的判据」。**尚待者二小项**（已非「待纸本」而是「待考实」）：②之整理本释文排印形貌（径作「順」抑或「訓（順）」括注式，回填表未问）；③之相邻「既視之」一处（站长未及，本库从严不推及、不代读）。【★r44 校记落地·就地注记，上句原文照留不删】上列二小项**一结一存**，2026-09-02 记：**②已结**——站长实翻纸本作答：第五章印**括注式**「（息）侯弗**訓（順）**」；`Q442.quote_original` 依丙档由光板「順」改录括注式「**訓（順）**」，六项校记见 `Q442` 末【校】节。**③仍存**——「既視之」一处站长仍未及，本库从严不推及、不代读，**照旧挂「待考实」**。**并新开一小项（本轮所生，非旧账）**：站长所报之形貌作「（**息**）侯弗訓（順）」，「（息）」之前**是否另有隶定字**（转录本【原簡】隶定栏作「**賽**侯弗訓」，若整理本作「賽（息）」则其前当有「賽」字）**报中未见**；本库不判、不代填，`Q442` 之「息」字维持底本通行字形不动，**列为回填表新问一条**：「整理本第五章此句『（息）』之前是否印有隶定字？其全形貌如何？」第六章五处用字（婢／里之克／悼子／梁城／「牙」之否定复核）不在本件范围。`url` 栏**已实测可达**：2026-08-15（Skipper，`curl` 直连实测 HTTP 200，页名实核为「清華大學藏戰國竹簡/系年」——简体作「系年」非「繫年」，正文含「蔡哀侯」「弗訓」「蔡哀侯妻之」诸引文关键词，见 conventions v1.30 版本记录）、2026-08-17（Sophia，`curl` 取 `action=raw` 实取源码，HTTP 200，22810 字节，第五章正文与简号 23–30 俱在）两次复验，页名与链接均无误（依 conventions §7 v1.27「`sources.url` 体例从实」、v1.26「二手引述须标核对状态」标注核对人与日期）。**清账留痕·不抹平**：本行原注作「`url` 栏本轮未能实测复验：备料环境网络不可达（`zh.wikisource.org` 域名解析失败）……列复核项、不作已验证之断言」，系 r32 备料当时之实况；今经两度实测，该「网络不可达」应理解为特定工具／环境之解析限制，**非该维基文库页面本身不可达**，据此改写为已核状态（依 §7 v1.29「判定反转须如实记录，不得抹平」；本项清账系 r40 所报修正建议之一，2026-08-17 站长准，落于本件 `fixes_sources.csv`）。【文献性质】学界尚无定论：宋镇豪主楚史官所作纪年大事之史书、夏含夷主多国综合比较之编年体、胡平生疑为摘抄或整理编纂本；三说系维基百科条目转述，本库未核其原文出处，只作「学界有此三说」之登记，不引为判据。【与《左传》之关系】二者为独立成书之两支记载，**非祖本亦非抄本**（本库结构性观察：《系年》二十三章与《左传》记事重叠不足其半，双向大面积互无，非传抄关系所应有）；对读取互证与见异，不以一裁一，异处一律并陈不裁。【★r44 版次补实（站长 2026-09-02 补告，上文原著录照留不回改）】本行上文【整理本出版信息】一节所记之出版者作「上海：中西书局，2011 年 12 月」，系本库前此所据之简称；站长 2026-09-02 补告其**规范全称版次**为「上海：**上海文艺出版集团·中西书局**，2011 年 12 月」，**自本版起，本库凡著录《系年》整理本（含各 `passage`【校】节之「核字所据之本与版次」栏）一律承此全称**；上文原著录**照留不回改**（依 §10.1 留痕纪律，同 r41 裁定 17「两书版次之承接」体例——承而不改，改在此后不在此前）。**页码之自限**：站长同日所补之「**页 151**」系**第六章注释〔七〕**之页（梁城地望案所引），**非释文正文之页**；本库各处释文用字之核，其页码仍系**未告、不代填**，不得以此页移充。【校记体例（2026-09-02 立，丙案四档判据落地）】本章引文之用字校记，自本版起依 `docs/kaoding_jiaoji.md` §4.1 **四档判据**分档著录，校记落于 `passage` 之 `modern_note` **【校】固定节**（六项定式），并于首段层标加**增句**一句。**本章现状（2026-09-02）**：`Q442`（訓（順））**落丙档**，正文已由光板「順」改录整理本括注式「訓（順）」，**排印形貌已核**；本章「命視／命見」与「新／莘」二处**不落于任何 `quote_original`**，无正文可校，不立【校】。**尚存之形貌未明一处**：站长所报「（息）侯弗訓（順）」之「（息）」前是否另有隶定字，报中未见，已列回填表新问（见上【★r44 校记落地·就地注记】）；`Q442` 之「息」字维持底本通行字形不动。【★r44c 清账·就地注记（2026-09-02，站长四答＋术语勘正；上文原文照留不删）】**㈠ 页码之自限已解（第五章）**：上文【★r44 版次补实】节所记「页码之自限——各处释文用字之核，其页码仍系未告、不代填」，于**第五章**一处**已解**——站长 2026-09-02 告**第五章释文在页 147**（逐处直答），`Q442`【校】③ 已据以补实。**该自限之立本身得一次正面实证**：第五章释文页 147 与第六章注释页 151 相去四页，当日若以页 151 移充，即成一处错记；上文原文照留不删（依 §7 v1.29、v1.34）。**㈡ 回填表新问之一结一新**——上文所开之新问「整理本第五章此句『（息）』之前是否印有隶定字？其全形貌如何？」**已答**：站长实翻纸本（附扫描图，图存站长处；本库照录其转报之文，未见图，如实记明），第五章此句作「**郶（蔡）哀侯取妻於陳，賽＝（息）侯亦取妻於陳，是賽＝爲＝（息媯）〔二〕**」——隶定字**实有**，作「**賽**」，与转录本【原簡】隶定栏相合。本项**结**。**并新开一问（本轮所生，为本件之停点）**：「賽＝」「爲＝」之「**＝**」系何种符号？——是**简上书手所书之符**（重文号／合文号／羨符之属），抑或**整理本为标识某种释读关系所加之排印符号**？整理本之凡例或符号说明有无明文？**此问决定该符可否入 `quote_original`，亦即四档判据之枢（「简上写的是什么形」）是否被拉歪**；站长所称之「重文号」系**称名**而非判据，且与所报之读相牴（「賽＝」只对一通行字「息」、「賽＝爲＝」只对二通行字「息媯」，若为重文号则当读作二字、四字），故本库**不据以判**。此问未决之前，`Q442` 之再扩**全句持有**，`quote_original` 一字不动（其判据五条与两支预登记去向具于 `Q442` 末【★r44c】节）。**并附一顺问（可选，非必问）**：第五章此句之「**取**」（转录本作「娶」）释文是否确为光板无括注？——所报之行文已见其为光板，此问只为将判据由「据所报之行文」升为「直核」。**㈢ 「娶／取」之判已定，登记于此**：属**转录本之体例性改字**（该本凡例自述「一概改用通行字」），**非版本异文**（只有一支简本，转录本非独立传本），**亦非转录之失**（守其自定之例，与「牙／与」之形近致误有别）；与《左传》一侧（`Q161` 作「娶」）**不构成两支之异**（同一词之古今字），不入三层、不立异、不作双向互指。此项**自「待核之用字」名单外**——它从来不是一处异，与「新／莘」同判。判据四条全文见 `Q442` 末【★r44c】节⒌。**㈣ 「既視之」一处仍存**：站长仍未及，本库从严不推及、不代读，**照旧挂「待考实」**。**㈤ 术语勘正之承接（站长 2026-09-02 明示）**：竹简书不称「正文」——校对之文字称**释文**、考释之文字称**注释**。本行上文凡作「释文正文」者**照留不回改**（依 §10.1，承而不改，改在此后不在此前）；**自本版起本库著录《系年》整理本一律书「释文」「注释」**，`passage`【校】节同。【★r44d 就地注记（2026-09-02 站长二裁·据图版；上文原文照留不删）】**㈠ 回填表新问「＝之性质」已答，本项结**：站长明告所据者为整理本之**扫描图版（原简照片）**，简上实见「＝」，故判为**简上书手所书之符**，非整理本之排印标记——**可入 `quote_original`**。上文所书「此问未决之前，`Q442` 之再扩全句持有，`quote_original` 一字不动」一句**照留不删**（依 §10.1 承而不改、§7 v1.29 留痕），惟其所述之现状**自本版起不再成立**：`Q442` 首句已依**预登记支①**一次全录，作「**郶（蔡）哀侯取妻於陳，賽＝（息）侯亦取妻於陳，是賽＝爲＝（息媯）**」（三「＝」全录，「〔二〕」注释号不录），「娶→取」甲档回改随全句执行；其判据、履历与合成文之界见 `Q442` 末【★r44d】节。**㈡ 本章现状（2026-09-02 二裁后）**：`Q442` 落**丙档**，`quote_original` 为合成文——**已核者**为首句与「訓（順）」一处（取整理本释文），**其余仍取电子转录本**，界明书于 `Q442`【★r44d】㈥；本章「命視／命見」与「新／莘」二处仍不落于任何 `quote_original`，无正文可校，不立【校】。**㈢ 页码**：第五章**释文页 147** 已入 `Q442`【校】③ 之六项定式；**图版之页站长未告，本库不代填**，不以释文页移充。**㈣ 仍存者三**：⒈「＝」之**功能之读**（重文号／合文号／羨符之属未定；本轮所决者只是其归属，二事须分，本库不代读）；⒉ 顺问「第五章此句之『取』是否确为光板无括注」（可选，只为由「据所报之行文」升为「直核」）；⒊「既視之」一处照旧挂「待考实」。**㈤ 「娶／取」非新判**：其判（体例性改字，非版本异文、非转录之失，与 `Q161` 为古今字不立异不互指）已定于【★r44c】㈢，本轮只是**执行**其甲档回改，随全句一并落地。
J002,《清华大学藏战国竹简（贰）·系年》第六章,清华大学藏战国竹简,系年·第六章,出土文献,primary,https://zh.wikisource.org/wiki/清華大學藏戰國竹簡/系年,战国中期楚地写本，出土文献层（`J` 前缀第二条，分层纪律见 conventions §2「`J###` 前缀分层纪律」）；本条为《系年》第六章（简 31–40），所记为骊姬之乱至晋文公入晋一段晋事。【入藏与发现性质】清华简系 2008 年由校友捐赠入藏清华大学，**非科学发掘出土品**，其来源链有别于考古发掘资料；学界曾有辨伪之议（主流已认其真），本库不作论定、只如实著录其为入藏简。此项系 J 层单独支撑者默认取 `medium` 之理据之一，凡 J 行 `notes` 必录、不得省略——medium 默认的理据必须可见。【整理本出版信息】清华大学出土文献研究与保护中心编、李学勤主编《清华大学藏战国竹简（贰）》，上海：中西书局，2011 年 12 月出版；《系年》全篇（一百三十八简、二十三章）收入此册。【本库所据底本】维基文库「清華大學藏戰國竹簡/系年」页之**电子转录本**；该页凡例自述「原簡文古體字、異體字甚多，這裡一概改用通行字」，故其正文不等于整理本释文，整理本释文之通假括注在转录中已失——r40 至本轮之前故标「**整理本待纸本**」；2026-08-29 本条之整理本已由站长以**纸本扫描本**核字（见下【核对状态】与【本章五处用字】），此「待纸本」之标随之解除，**惟口径句本身不因之废**——它辖的是「未经纸本核定之用字」，本章五处既核而出此辖区，本章之外仍一体适用。据此立本库口径：**转录本可证有无某事、次第如何，不可证某字作某**。该页于通行字正文之后另附【原簡】隶定字序一栏（第六章为简 31–40），本库视其为同一转录本之自附材料、非整理本释文，**不据以判定某字作某**，只用以复核简号与字序，口径不因之放宽。【核对状态】电子转录本已核，Sophia，2026-08-16；2026-08-17 复取同页 `action=raw` 源码复核，HTTP 200、22810 字节，字节数与内容与前次实取全同，第六章末节引文（`Q452`）即取自此次实取；**整理本（中西书局，2011）纸本扫描本已核，站长**（2026-08-29 落定）——依站长裁定 18（纸本批次二裁定备案：「F 八字定档『整理本（纸本扫描本）已核』；扫描存字形、与重录转录本有本质之别，视同纸本核字，著录如实带『扫描本』三字」）；本条自此**不再挂「待纸本」**，惟其著录一律带「扫描本」三字，不与经手纸本原书混同。核对之确切日期回填表未告，本库不代填。【本章落库范围】第六章十二节全数落库：`Q443`–`Q452` 十条引文逐字拼接即第六章全文（简 31–40），无重出、无遗漏——末节（简 39–40，秦晋伐鄀）r40 备料时因本库无骨架事目可挂而从严不落，2026-08-17 站长准补立 `E273`，随之落定。本条通篇无「页 N」引注——本轮无一处取得纸本页码，末缀二式（「，页码 YYYY-MM-DD 补核」／「，页码同次核」）均不适用，不机械照抄。【本章五处用字·2026-08-29 全数核定，四处悬标尽解】本章「婢妾（嬖妾？）」「里之克（里克？）」「悼子（卓子？）」「梁城（解梁城？）」「牙（迓？）」五处用字，r40 至本轮之前一律标「待纸本」，其中四处挂「悬（待纸本）」（五处之性质有三等，系 2026-08-17 站长裁定后重排）；今整理本（中西书局，2011）**纸本扫描本**经站长核对，五处逐一得果，照录如下（依站长裁定 18（纸本批次二裁定备案：「F 八字定档『整理本（纸本扫描本）已核』；扫描存字形、与重录转录本有本质之别，视同纸本核字，著录如实带『扫描本』三字」））：① 「**婢／嬖**」——**作「婢」，异成立、已定案**。此处所悬者是**同异之格局本身**（若「婢」读为「嬖」则两支全合、异自消），今核定作本字，依 conventions §7 v1.33「悬」标预登记之去向落定为「**异·措辞层**」，强度依同条判「**并存之异**」（见 `Q443`／`Q073`）。本件初稿所设回退条件（「若见『婢〈嬖〉』式括注则回退为同·异自消」）**已由追加裁定 21（2026-08-18 备案）关闭**——站长复看扫描本**坐实无通假括注**，判**不回退**；「并存之异」之强度经追加裁定 22（2026-08-18 备案）**核可落定**。原回退条件之文字于 `Q443`／`Q073` 照留不删（不抹平）。「**嬖**」入注**备考**：其出处**已由追加裁定 24（2026-08-29 备案，即 r43 上报处置第①项）定为**《左传·庄公二十八年》本文「驪姬嬖」与本库 r40 所记「婢、嬖音近」之通假说。**【出处之勘误·留痕不抹平】**此项曾经一改，三步俱记：**初记**——追加裁定 21（2026-08-18 备案）记「嬖」为**本页之转录破读**；**实核**——本库 2026-08-29 第三度实取本页源码复核（`action=raw`，HTTP 200、22810 字节，与前两次实取字节数全同），实测**本页第六章正文与【原簡】隶定栏皆作「婢」，全页「嬖」三见俱在他章，第六章无「嬖」字**，初记与实测不合，列为上报；**勘误**——追加裁定 24（2026-08-29 备案，即 r43 上报处置第①项）**采纳实核之结论**，判初记之「本页转录破读」**系误**，出处改定为上开二者，著录随改。初记之文字照留不删（依 §7「条件关闭之留痕与判定反转之留痕同例」）。**须辨明者**：此勘误**只涉「嬖」字出处之著录**——**本页仍为本条之底本**，本章五字之核定结果（婢／里之克／悼子／梁城／與）与「转录本可证有无某事、次第如何，不可证某字作某」之口径**一概不因之改动**；本案对该口径之实证价值亦仍成立，惟实证之内容为「**偶合无证字之力**」（详见 `Q443` ⑤）。② 「里之克／里克」——**作「里之克」**；③ 「悼子／卓子」——**作「悼子」**；④ 「梁城／解梁城」——**作「梁城」**（无「解」字）。【★r44 就地注记】此字之核只决**用字**；其**地望**（简文「梁城」是否即《左传》「解梁城」、今地何在）另于 2026-09-02 由站长纸本三证结案（整理者注释〔七〕／杨注页 352／谭图晋秦幅页 22–23），本库据以新立 `L_JIELIANGCHENG`（解梁城），同一性系整理者一家之说故从严判 `medium`，结案全文见 `Q447` 末【r44 梁城地望结案】节。此三处属「**名物用字之异**」，**不入三层**，径归本条口径句「转录本可证有无某事、次第如何，不可证某字作某」辖区处置；今核定属实异写、非转录本改用通行字所致，其判由「待核」落为「**已核定**」，悬标解除，而顶层同异之格局仍不因之改动（见 `Q446`／`Q447`／`Q080`）。⑤ 「牙」——**终局：整理本正读作「與」，句为「秦公率師與惠公戰」，出简 34**（追加裁定 22（2026-08-18 备案），站长核对整理本（中西书局，2011）**纸本扫描本**）。本案两步：先得**否定性结果**「第六章未见『牙』字」（站长裁定 18），本库依**否定结果之效力自限**记为 `unknown`、不写「作迓」「作御」；后由裁定 22 补齐正读。**自限救下一处错断**——当日唯一通行之读法为「迓」，而正读实为「與」；若以通行读法代核对即成错断，此自限条之价值由本案反证。复核原清单提法：转录本此处确作「牙」（三度 `action=raw` 实取复核，HTTP 200、22810 字节，字节数全同），故**清单提法无误、非清单之误**；二本之别系转录本改用通行字与整理本释文之别，正是本条口径句之实例。**并得【原簡】隶定栏自限条之首个实证**：本页隶定栏于此亦作「牙」，与整理本正读「與」不合——本轮**用隶定栏核对简号**（实测正文作「秦公率師牙【34】惠公戰于韓」，隶定栏第 34 行止于「……秦公率師牙」，故「牙」为**简 34 之末字**，与裁定所记之简号相合）、**不用它判字**，两用之界正在此。本条本不挂悬标（《左传》于此无对应之字，无异可悬），此判不变；「牙／與」之别属同一支内转录本与整理本之释字之别，不入事实相抵三层。`quote_original` 仍照录底本作「牙」，不以正读回改（见 `Q448`／`E084`）。【★r44 校记落地·就地注记，上句原文照留不删】上句所记之处置**自 2026-09-02 起不再是现状**：站长实翻纸本报本章简 34 整理本释文正文印**括注式**、整理本**隶定作「与」非「牙」**（全句「立六年，秦公衒（率）自（師）与（與）【三四】惠公戰」），`Q448.quote_original` 依丙档**改录括注式**。上句原文照留不删（§7 v1.29）。**五处既核、一格既补，本章用字之账全清：「待纸本」零、悬标零、`unknown` 零。**`url` 栏**本轮已实测可达**：2026-08-16 于备料环境以 `curl` 直取该页 `action=raw` 源码，HTTP 200，第六章正文与简号 31–40 俱在，引文逐字取自本次实取之转录本（依 conventions §7 v1.27「`sources.url` 体例从实」）。【文献性质】学界尚无定论：宋镇豪主楚史官所作纪年大事之史书、夏含夷主多国综合比较之编年体、胡平生疑为摘抄或整理编纂本；三说系维基百科条目转述，本库未核其原文出处，只作「学界有此三说」之登记，不引为判据。【与《左传》之关系】二者为独立成书之两支记载，**非祖本亦非抄本**；本章尤可见其证——第六章十二节所记，《左传》几乎节节有其对应之文（庄公二十八年至僖公二十五年），而两支于人事细节与行次多有不能并立处，若为传抄关系不当如此；对读取互证与见异，不以一裁一，异处一律并陈不裁。【★r44 版次补实（站长 2026-09-02 补告，上文原著录照留不回改）】本行上文【整理本出版信息】一节所记之出版者作「上海：中西书局，2011 年 12 月」，系本库前此所据之简称；站长 2026-09-02 补告其**规范全称版次**为「上海：**上海文艺出版集团·中西书局**，2011 年 12 月」，**自本版起，本库凡著录《系年》整理本（含各 `passage`【校】节之「核字所据之本与版次」栏）一律承此全称**；上文原著录**照留不回改**（依 §10.1 留痕纪律，同 r41 裁定 17「两书版次之承接」体例——承而不改，改在此后不在此前）。**页码之自限**：站长同日所补之「**页 151**」系**第六章注释〔七〕**之页（梁城地望案所引），**非释文正文之页**；本库各处释文用字之核，其页码仍系**未告、不代填**，不得以此页移充。【校记体例（2026-09-02 立，丙案四档判据落地）】本章十条引文之用字校记，自本版起依 `docs/kaoding_jiaoji.md` §4.1 **四档判据**（甲＝整理本正文之读则回改／乙＝整理者之破读则正文不动、读入校记／丙＝整理本作括注式则正文逐字照录括注式／丁＝未核或否定性结果则照录底本不动）分档著录，校记落于各 `passage` 之 `modern_note` **【校】固定节**（六项定式：底本原字／已核之读／所据之本与版次／核字人与日期／排印形貌之核对状态／判定履历与预登记之去向），并于首段层标加**增句**一句，使读者于引文之前即知此栏之字是否已依整理本落定。**本章现状（2026-09-02）**：`Q448`（牙／与（與））**落丙档**，正文已改录整理本括注式，**排印形貌已核**；`Q443`（婢）**落甲档而回改为空**，二本偶合，**排印形貌已核（无括注）**；`Q446`（里之克／悼子）、`Q447`（梁城）**落甲档而回改为空**，二本偶合，**排印形貌未核**，丙档之可能未排除，各已预登记「若核得括注式则转丙档」之去向；`Q444`／`Q445`／`Q449`／`Q450`／`Q451`／`Q452` 六条**无涉核字之处**，不立【校】。**本章之形貌账**：已核 2（`Q448`／`Q443`）、未核 2（`Q446`／`Q447`）、不适用 6。**须辨明者**：本章「五处用字之账全清」（见上【本章五处用字】节末句）所清者是「**字**」之账；「**排印形貌**」之账系 2026-09-02 新开之一层，**尚有二处未核**，两账不相掩，上句原文照留不删。【★r44c 清账·就地注记（2026-09-02，站长四答＋术语勘正；上文原文照留不删）】**㈠ 页码之自限已解（第六章），惟须分书直答与章级两级**：站长 2026-09-02 告**第六章释文在页 150、注释在页 151**。**逐处直答者只一处**——**简 34**（`Q448` 所校之「衒（率）自（師）与（與）」句），其释文页 150 为直答之著录；**其余三条系章级之著录**——`Q443`（简 31）、`Q446`（简 32–33）、`Q447`（简 33–34，其中简 34 为直答、简 33 未分告），所填之「页 150」依站长「第六章释文页 150」之明文照填，**明记其为章级而非逐简**，不冒充直答，日后得逐简之告可就此收紧。**上文自限之立得一次正面实证**：第六章释文页 150 与注释页 151 果非同一页，当日若以页 151 移充释文之页即成错记；上文原文照留不删（依 §7 v1.29、v1.34）。**注释〔七〕之「页 151」与本轮章级之答相合，互为印证**。**㈡ 本章五处用字之形貌状态（2026-09-02 更新）**：`Q448`（与（與））**丙档·形貌已核（括注式）**，正文已录，不变；`Q443`（婢）**已核·无括注（直核**，站长复看扫描本坐实，追加裁定 21**）**，正文不动；`Q446`（里之克／悼子）**本轮由「未核」改为「已核·无括注」**——站长答有**注释〔五〕**（「里之克，即晉大夫里克。悼子，晉獻公之子，史書多稱『卓子』」），其说见于**注释**而非**释文**，本库据注释之词头与整理本通例判释文为光板，**判据系间接**（非直核，与 `Q443` 强弱有别，已于该行记明），其⑥所登记之「若核得括注式则转丙档」**条件不成就，故不转丙档、正文一字不动**——**「预登记不兑现」亦是一种兑现**，本项自待核名单除名；`Q447`（梁城）**维持「未核」**——站长本轮之答**未及此处**（注释〔五〕无一字涉梁城；注释〔七〕所论者是地望非形貌，不能移作形貌之证），依「未核即不代填」照旧挂着，其预登记照旧不动。**同批不等于同答**：三处同问同批同章，答之所及不同则处置不同，此为本件从严之关键一处。**㈢ 术语勘正之承接（站长 2026-09-02 明示）**：竹简书不称「正文」——校对之文字称**释文**、考释之文字称**注释**。本行上文凡作「释文正文」者**照留不回改**（依 §10.1，承而不改）；**自本版起本库著录《系年》整理本一律书「释文」「注释」**。**此正名于本章非文辞之事，是判据之事**——「改读见于注释而非释文」正是乙档与丙档之分野所在（`Q446` 即其首个实例）。**㈣ 回填表本章未结之问（登记）**：⑴ `Q447`（梁城）释文之形貌是否带括注（未答，照旧挂）；⑵ `Q443`／`Q446`／`Q447` 三处之释文**逐简页码**（本轮只得章级之答）；⑶ `Q446` 之「无括注」可否由**间接**升为**直核**（若站长顺手可直告释文一行之形）。
B002,杨伯峻《春秋左传注》（中华书局第 2 版修订本）,现代研究,版本著录·全库杨注引注之版次基准,注释/版本著录,secondary,,【本行性质：版本著录之权威位置，非引文来源行】依 r41 领队裁定 17 设立。本库自 r27c 起陆续以本书纸本核定用字、异文与地望，注文中散见「页 N」形式之引注（截至本轮共 `Q344` 页 1485、`Q347` 页 1509、`Q379`／`Z101` 页 1163、`Z102` 页 1485、`L_YU` 页 389、`L_BOJU` 页 1534、`L_ZUILI` 页 1593、`Q373` 页 1548 诸处），而**此前全库未有一处著录其版次**——页码无版次则不可核，是本库引注体例上一处实实在在的缺口。本行即为补此缺口而立。【版次（站长 2026-08-29 回告，据其手边原书）】杨伯峻《春秋左传注》，**中华书局，第 2 版修订本**；**1990 年 5 月第 2 版首印**；**站长所据者为 2008 年 7 月重印本**。**全库既有及此后之「页 N」引注，一律以此版次为准**，页码自此可核。**一处如实留白**：裁定 17 只给出上列版次信息，第 1 版年份、册数、ISBN 等项站长未告，本库**不代填、不据常识补写**（`sources.url` 体例从实之同一纪律，conventions §7 v1.27）。【引注体例】本书引注沿用既有形式「杨伯峻《春秋左传注》〔某公某年〕注（核对状态；页 N〔，末缀〕）」，末缀二式（「，页码 YYYY-MM-DD 补核」／「，页码同次核」）照 conventions v1.29 所立不变。【何以取 `B` 前缀】`B` 为现代研究层（conventions §2）。本书虽为古籍注本，其性质是今人之注释与考订著作，非古籍本文，故不入 `Z`（左传）而入 `B`；本行亦**不作引文之来源用**——引杨注之处，`passage`／`place` 各自在注文中标其页码与核对状态即可，**不改任何行之 `source_ids`**（避免以版本著录行冒充史料来源）。【核对状态】版次信息系**站长据其手边原书回告**（2026-08-29，`team/zhiben_batch2.md` 交回时之追问答复），本库未另取书影核验，属「站长告知、未另核」；此为版次著录之常态，非缺陷，如实记之。
B003,谭其骧主编《中国历史地图集》（中国地图出版社）,现代研究,版本著录·全库谭图引注之版次与幅页基准,历史地理/版本著录,secondary,,【本行性质：版本著录与引注体例之权威位置，非引文来源行】依 r41 领队裁定 16、17 设立。本书居本库地望考证优先序之**第一位**（conventions §5），全库地望注文中散见其幅名与页码之引注，而**此前未有一处著录其版次**；裁定 16 并统一其引注体例。本行即为此二事而立。【版次（站长 2026-08-29 回告，据其手边原书）】谭其骧主编《中国历史地图集》，**中国地图出版社**；**站长所据者为 1996 年 6 月重印本**。**全库既有及此后之谭图页码引注，一律以此版次为准**，页码自此可核。**一处如实留白**：裁定 17 只给出「中国地图出版社（站长所据 1996.6 重印）」一句，初版年份、第一册之分册副题（本库既有注文一律只作「第一册」而不展其副题）等项站长未告，**本库不代填、不据常识补写**。【引注体例（裁定 16）】统一作「**《中国历史地图集》第一册·春秋·〔幅名〕幅（页 N–M）**」式。已知两幅之页码对照：**郑宋卫幅＝页 24–25**；**楚吴越幅＝页 29–30**。**郑宋卫幅之幅名已由站长照第一册目录核实**（`team/zhiben_batch2.md` D 项，2026-08-29，回告作「中国历史地图集 春秋 郑宋卫」）——此项非小事：r31 `L_YU`（盂）一案之判定反转，其病根正在**误查他幅**（盂是宋地而当日查了楚吴越幅），自本轮起幅名有目录可对，同类风险关闭。楚吴越幅之幅名本轮未照目录核，仍系沿用 r27c 以来之称谓，如实记之。【既有引注不回改】本行设立前之谭图引注（`L_YU`／`L_WUDU`／`L_BOJU`／`L_ZUILI`／`L_SHOUZHI` 诸处）照 conventions §10.1 归档与留痕纪律**原文不回改**，各行已就地补一句承接本行之体例与版次；本轮新出之引注（r41 郑宋卫幅 21 点）一律照裁定 16 式书写。【何以取 `B` 前缀·不改 `source_ids`】同 `B002`：本书为今人之历史地理著作，入现代研究层；本行**不作引文之来源用**，**不改任何 `places` 行之 `source_ids`**——地望之依据仍由各行 `coord_basis` 自述，版本著录行只答「所据者何本、页码可核否」一问。【核对状态】版次信息系**站长据其手边原书回告**（2026-08-29），本库未另取书影核验，属「站长告知、未另核」。
Z118,《春秋左传·定公十年》,春秋左传,定公十年,传世文献,primary,https://zh.wikisource.org/wiki/%E6%98%A5%E7%A7%8B%E5%B7%A6%E6%B0%8F%E5%82%B3/%E5%AE%9A%E5%85%AC,本篇本库本件所取有二事：① 经「夏，公會齊侯于夾谷。公至自夾谷」与「齊人來歸鄆、讙、龜陰田」（Q454）；② 传夹谷一节全文（「夏，公會齊侯于祝其，實夾谷。孔丘相」至「齊人來歸鄆、讙、龜陰之田」，Q455／Q456）。【经传落差·本篇为其首件著录】经于此会不书孔丘一字，传则五书其名（实测：本节「孔丘」二字凡 5 见，含犁弥语中一见）；《春秋》经全帙书孔子仅一见，在哀公十六年「孔丘卒」（穷检结论见 docs/kaoding_kongzi.md，该文档待 Skipper 微件提交入库）。【双本比对·本件实做】引文以维基文库《春秋左氏傳·定公》（`action=raw`，2026-09-01 实取）为底本，另取 ctext《春秋左傳》定公十年（其页面自著底本为《武英殿十三經注疏》本《春秋左傳正義》，同日实取）逐字比对：去标点后经文 108 字、传文夹谷节 274 字，**两本汉字全同、无一字之异**；所异者惟断句——维基本通篇以「．」断，「梁丘據」处断作「梁丘．據」，ctext 作「梁丘據」。本库 `quote_original` 从 ctext 一系之新式标点，用字则两本无别。依 conventions §7 v1.30 口径句，两本俱属电子转录本，本条只据以判有无与次第，不作用字层之断言。【一处易误为衍文者】经同年「叔孫州仇、仲孫何忌帥師圍郈」夏、秋各一见，非衍——传作「武叔懿子圍郈，弗克」与「秋，二子及齊師復圍郈，弗克」，是两次围郈；两本俱如此，已比对。
S015,《史记·孔子世家》,史记,孔子世家,传世文献,primary_secondary,https://zh.wikisource.org/wiki/%E5%8F%B2%E8%A8%98/%E5%8D%B7047,《史记·孔子世家》，秦汉正史层（`S` 前缀 v1.25 已广义化）。本库本件所涉一处（夹谷之会，Q457），标 `quote_type=后出叙事`，不与经传混编。其与《左传·定公十年》之异，逐项如下（只并陈、不据以改本库骨架）：① 齐方进言者——传作「犁彌」，于会上言「孔丘知禮而無勇」而请劫鲁侯；《史记》作「黎鉏」，且其言在会前（「魯用孔丘，其勢危齊」，因而请为好会）；② 孔子之身位——传只书「孔丘相」二字，《史记》作「孔子攝相事」，并有「請具左右司馬」之武备一节，传无；③ 劫盟之形——传作「使萊人以兵劫魯侯」，《史记》作齐有司请奏「四方之樂」而「旍旄羽袚矛戟劍撥鼓噪而至」；④ 优倡侏儒一节——《史记》有「優倡侏儒為戲而前」、孔子请诛而「有司加法焉，手足異處」，**《左传》全无此节**，是本条增饰之最显者；⑤ 归田之名——经、传俱作「鄆、讙、龜陰（之）田」，《史记》作「鄆、汶陽、龜陰之田」（以「汶陽」易「讙」；传文「汶陽之田」别见于兹无还揖对之辞）；⑥ 晏婴之在否——《史记》有「左右視晏子與景公」，《左传》夹谷一节无晏婴之名。**本库据 presence 从严通例，不为晏婴（`P_YANYING`）挂链本条**：S 层孤证不足以立在场之明文。【核对状态】本条据维基文库《史記·卷047》（`action=raw`，2026-09-01 实取），电子转录本，未取纸本（中华书局点校本）核对。
Z119,《春秋左传·昭公二十五年》,春秋左传,昭公二十五年,传世文献,primary,https://ctext.org/chun-qiu-zuo-zhuan/zhao-gong-er-shi-wu-nian/zh,本篇本库本批所取为三桓逐君一事（E275）：经「九月，巳月己亥，公孫于齊，次于陽州。齊侯唁公于野井」，传自「公居於長府，九月，戊戌，伐季氏」至「己亥，公孫于齊，次于陽州」一节（Q458／Q459）。【一处两本俱有之疑文，照录不改】经文「九月，巳月己亥」之「巳月」二字，文义难通（同年经他处书日皆作「某月+干支」，无「巳月」之例），旧说或以为「乙酉」「己亥」之讹、或以为衍文。**本批实测：维基文库本与 ctext 本俱作「巳月己亥」，两本无异**——依 §7 v1.30 口径句「转录本可证有无某事、次第如何，不可证某字作某」，本库**照录不改、亦不据两本相同而断其必如是**，此系**未核**（纸本未取），非已核之正面结果，列作待核项（见 CHANGES 回填表）。【同篇未取者】本篇另载子大叔答赵简子论礼一长节（「夫禮，天之經也」）、鴝鵒来巢之童谣与师己之说、季公鸟之狱等，皆与本事目所立之骨架相涉而非其本体，本批不引、不立目。【底本与核对状态】用字底本取维基文库整理本《春秋左氏傳·昭公》（`action=raw`，2026-09-02 实取，181972 字节）；另取 ctext《春秋左傳》昭公二十五年 页（其站自著所据为四库、武英殿一系注疏本）同日实取，作双本互校。本批所引本篇各节，**去标点后逐字比对，两本汉字全同**——**此语只及本批实际所引之各节，非谓两本全篇无异**（合并模拟设机器断言逐节复核，见 CHANGES §9）。本批双本比对实扫出两本相异者一处，在 `Z121`（定公元年经文之一条，见该行注与 `Q461`）；其余各源所引之节两本俱同。`quote_original` 之**标点系本库整理所加**（依 conventions §7 照录范围之则②「标点系本库所加」，非所照录之形貌）；依 §7 v1.30 口径句，两本俱属电子转录本，本库只据以判有无与次第，**不作用字层之断言**，纸本（阮刻十三经注疏、杨伯峻《春秋左传注》）未取，已列自限。
Z120,《春秋左传·昭公二十九年》,春秋左传,昭公二十九年,传世文献,primary,https://ctext.org/chun-qiu-zuo-zhuan/zhao-gong-er-shi-jiu-nian/zh,本篇本库本批所取为晋铸刑鼎一事（E276）：传「冬，晉趙鞅、荀寅帥師城汝濱，遂賦晉國一鼓鐵，以鑄刑鼎，著范宣子所謂刑書焉」（Q460）。【本批不取之两段·分层与登记】其下紧接「仲尼曰：晉其亡乎，失其度矣……」一段，属本库孔子线**评语账**（`docs/kaoding_kongzi.md` §1.3 评-17），依本轮任务书**批甲不含任何孔子 passage**之限，本批不摘录，留待批乙挂靠本骨架；再下「蔡史墨曰：范氏、中行氏其亡乎……」一段非孔子之评而属传所系之另一评断，本批亦未摘录，**系配额之择而非分层之判**，登记待补（见 CHANGES 待补项）。【与既有事目之对】本条与库内 `E196`（郑铸刑书，前536）成对，两次成文法公布相距二十三年。【底本与核对状态】用字底本取维基文库整理本《春秋左氏傳·昭公》（`action=raw`，2026-09-02 实取，181972 字节）；另取 ctext《春秋左傳》昭公二十九年 页（其站自著所据为四库、武英殿一系注疏本）同日实取，作双本互校。本批所引本篇各节，**去标点后逐字比对，两本汉字全同**——**此语只及本批实际所引之各节，非谓两本全篇无异**（合并模拟设机器断言逐节复核，见 CHANGES §9）。本批双本比对实扫出两本相异者一处，在 `Z121`（定公元年经文之一条，见该行注与 `Q461`）；其余各源所引之节两本俱同。`quote_original` 之**标点系本库整理所加**（依 conventions §7 照录范围之则②「标点系本库所加」，非所照录之形貌）；依 §7 v1.30 口径句，两本俱属电子转录本，本库只据以判有无与次第，**不作用字层之断言**，纸本（阮刻十三经注疏、杨伯峻《春秋左传注》）未取，已列自限。
Z121,《春秋左传·定公元年》,春秋左传,定公元年,传世文献,primary,https://ctext.org/chun-qiu-zuo-zhuan/ding-gong-yuan-nian/zh,本篇本库本批所取为葬昭公于墓道南一事（E277）：经「秋，七月，癸巳，葬我君昭公」（Q461，止于此句，其由见下「两本异文」条），传「秋，七月，癸巳，葬昭公於墓道南。孔子之為司寇也，溝而合諸墓。昭公出故，季平子禱于煬公」「九月，立煬宮」（Q461／Q462）。【★两本异文一处·本批双本比对所扫出，如实登记】本篇**经**文，维基文库整理本于「秋，七月，癸巳，葬我君昭公」与「冬，十月，隕霜殺菽」之间尚有一条「**九月，大雩。立煬宮**」，而 **ctext 本之经文无此一条**。依 §7 v1.30 口径句，转录本**可**证「有无某事」，故此处所得者是一条该口径句所许之判：**两电子本于此一经条之有无不一致**。本库处置：`Q461` 只录两本俱有之句，该条不入引文；其事不失（传文「九月，立煬宮」两本俱有，已录于 `Q462`）。孰脱孰衍**须纸本方能定，本轮无从核**，已列 CHANGES 回填表待核，**不得读作「ctext 本必脱」或「维基本必衍」**。**此为本批双本比对唯一扫出之两本相异处**（余十五源所引各节两本俱同）。【孔子之名见于本篇而本批不为其挂链】传此一句系**追叙**（「孔子之為司寇也」，其事在本条系年前509 之后），本库依任务书「孔子名偶见于骨干事目引文者照录原文即可，不作挂链」之限，原文照录而不挂 `P_KONGZI`，亦不据以改动 `P_KONGZI` 之 `active_years_bce`／`role`（升格属批乙）。**本批孔子之名入 `quote_original` 者实测二处**：本篇之「孔子」与 `Z125`（定公十二年）`Q471` 之「仲尼」，二处俱照录而俱不挂链。【同篇未取者】本篇另载晋魏舒合诸侯之大夫于狄泉城成周、宋仲几不受功之争、叔孙成子逆公之丧与子家子辞见诸节，本批不引、不立目。【底本与核对状态】用字底本取维基文库整理本《春秋左氏傳·定公》（`action=raw`，2026-09-02 实取，41121 字节）；另取 ctext《春秋左傳》定公元年 页（其站自著所据为四库、武英殿一系注疏本）同日实取，作双本互校。本批所引本篇各节，**去标点后逐字比对，两本汉字全同**——**此语只及本批实际所引之各节，非谓两本全篇无异**（合并模拟设机器断言逐节复核，见 CHANGES §9）。本批双本比对实扫出两本相异者一处，在 `Z121`（定公元年经文之一条，见该行注与 `Q461`）；其余各源所引之节两本俱同。`quote_original` 之**标点系本库整理所加**（依 conventions §7 照录范围之则②「标点系本库所加」，非所照录之形貌）；依 §7 v1.30 口径句，两本俱属电子转录本，本库只据以判有无与次第，**不作用字层之断言**，纸本（阮刻十三经注疏、杨伯峻《春秋左传注》）未取，已列自限。
Z122,《春秋左传·定公六年》,春秋左传,定公六年,传世文献,primary,https://ctext.org/chun-qiu-zuo-zhuan/ding-gong-liu-nian/zh,本篇本库本批所取为阳虎盟公及三桓于周社一事（E279）：传「陽虎又盟公及三桓於周社，盟國人于亳社，詛于五父之衢」（Q464）。【文短而事重】此十九字为阳虎专鲁四年中权势之顶点——所盟者上及国君、下及国人，正陪臣执国命之实。本条经无文（同年经不书此盟），是本批「经不书而传书」之一例。【同篇未取者】本篇另载公侵郑取匡、卫公叔文子谏卫侯勿追（内有「天將多陽虎之罪以斃之」一语，与阳虎线相涉）、季桓子如晋献郑俘而阳虎强使孟懿子往报、孟孙谓范献子「陽虎若不能居魯，而息肩於晉所」诸节；**末一节实为三年后阳虎奔晋适赵氏（E281）之伏笔**，本批未摘录，登记待补（见 CHANGES 待补项）。【底本与核对状态】用字底本取维基文库整理本《春秋左氏傳·定公》（`action=raw`，2026-09-02 实取，41121 字节）；另取 ctext《春秋左傳》定公六年 页（其站自著所据为四库、武英殿一系注疏本）同日实取，作双本互校。本批所引本篇各节，**去标点后逐字比对，两本汉字全同**——**此语只及本批实际所引之各节，非谓两本全篇无异**（合并模拟设机器断言逐节复核，见 CHANGES §9）。本批双本比对实扫出两本相异者一处，在 `Z121`（定公元年经文之一条，见该行注与 `Q461`）；其余各源所引之节两本俱同。`quote_original` 之**标点系本库整理所加**（依 conventions §7 照录范围之则②「标点系本库所加」，非所照录之形貌）；依 §7 v1.30 口径句，两本俱属电子转录本，本库只据以判有无与次第，**不作用字层之断言**，纸本（阮刻十三经注疏、杨伯峻《春秋左传注》）未取，已列自限。
Z123,《春秋左传·定公八年》,春秋左传,定公八年,传世文献,primary,https://ctext.org/chun-qiu-zuo-zhuan/ding-gong-ba-nian/zh,本篇本库本批所取为阳虎欲去三桓一事（E280）：经「冬，衛侯、鄭伯盟于曲濮。從祀先公。盜竊寶玉、大弓」，传「季寤、公鉏極、公山不狃皆不得志於季氏……陽虎欲去三桓」与「冬，十月，順祀先公而祈焉」至「陽虎入于讙、陽關以叛」一节（Q465／Q466／Q467）。【经传落差·本批之一例】经于此变只书「盜竊寶玉、大弓」六字，**不书阳虎之名、不书劫公伐孟氏之事**；传则备记五人之谋、蒲圃之约、棘下之战与其叛。此与夹谷（`Z118`：经不书孔丘、传五书其名）为同型之落差，惟彼系人之隐、此系事之隐。【一处未决之同名】传于本篇「陽虎入于讙陽關以叛」前数句有「公斂陽在，公斂陽請追之」，其人与本篇另见之「公斂處父」（`P_GONGLIANCHUFU`）是否一人，**须凭注家之说方能成立**，依 conventions §7 v1.21「注家之说不当经传明文用」，本库**不作同一人之断言、不并入其 `alt_names`**，只于此登记待考。【底本与核对状态】用字底本取维基文库整理本《春秋左氏傳·定公》（`action=raw`，2026-09-02 实取，41121 字节）；另取 ctext《春秋左傳》定公八年 页（其站自著所据为四库、武英殿一系注疏本）同日实取，作双本互校。本批所引本篇各节，**去标点后逐字比对，两本汉字全同**——**此语只及本批实际所引之各节，非谓两本全篇无异**（合并模拟设机器断言逐节复核，见 CHANGES §9）。本批双本比对实扫出两本相异者一处，在 `Z121`（定公元年经文之一条，见该行注与 `Q461`）；其余各源所引之节两本俱同。`quote_original` 之**标点系本库整理所加**（依 conventions §7 照录范围之则②「标点系本库所加」，非所照录之形貌）；依 §7 v1.30 口径句，两本俱属电子转录本，本库只据以判有无与次第，**不作用字层之断言**，纸本（阮刻十三经注疏、杨伯峻《春秋左传注》）未取，已列自限。
Z124,《春秋左传·定公九年》,春秋左传,定公九年,传世文献,primary,https://ctext.org/chun-qiu-zuo-zhuan/ding-gong-jiu-nian/zh,本篇本库本批所取为阳虎奔晋一事（E281）：经「夏，四月，戊申，鄭伯蠆卒。得寶玉、大弓」，传「夏，陽虎歸寶玉、大弓，書曰『得』，器用也」至「奔宋，遂奔晉，適趙氏」一节（Q468／Q469）。【本批不取之一段·分层】传于「適趙氏」下紧接「仲尼曰：趙氏其世有亂乎」，属孔子线**评语账**（`docs/kaoding_kongzi.md` §1.3 评-18），本批不摘录，留待批乙挂靠本骨架。【经传书法之互训】经书「得寶玉、大弓」而传释之曰「書曰『得』，器用也。凡獲器用曰得，得用焉曰獲」——传为经之书法作训，与定公八年经「盜竊寶玉、大弓」相首尾，两条经文一失一得，而**两处皆不书阳虎之名**。【底本与核对状态】用字底本取维基文库整理本《春秋左氏傳·定公》（`action=raw`，2026-09-02 实取，41121 字节）；另取 ctext《春秋左傳》定公九年 页（其站自著所据为四库、武英殿一系注疏本）同日实取，作双本互校。本批所引本篇各节，**去标点后逐字比对，两本汉字全同**——**此语只及本批实际所引之各节，非谓两本全篇无异**（合并模拟设机器断言逐节复核，见 CHANGES §9）。本批双本比对实扫出两本相异者一处，在 `Z121`（定公元年经文之一条，见该行注与 `Q461`）；其余各源所引之节两本俱同。`quote_original` 之**标点系本库整理所加**（依 conventions §7 照录范围之则②「标点系本库所加」，非所照录之形貌）；依 §7 v1.30 口径句，两本俱属电子转录本，本库只据以判有无与次第，**不作用字层之断言**，纸本（阮刻十三经注疏、杨伯峻《春秋左传注》）未取，已列自限。
Z125,《春秋左传·定公十二年》,春秋左传,定公十二年,传世文献,primary,https://ctext.org/chun-qiu-zuo-zhuan/ding-gong-shi-er-nian/zh,本篇本库本批所取为堕三都一事（E282）：经「叔孫州仇帥師墮郈」「季孫斯、仲孫何忌帥師墮費」「十有二月，公圍成。公至自圍成」，传「仲由為季氏宰，將墮三都」至「冬，十二月，公圍成，弗克」全节（Q470／Q471／Q472）。【孔子与子路之名见于本篇而本批不为其挂链】传本节明书「仲由為季氏宰，將墮三都」与「仲尼命申句須、樂頎下伐之」，本库依任务书之限原文照录而不挂 `P_KONGZI`；子路（仲由）属孔门配角批（批丙）所议立行之人，本批不立行、不挂链。**堕三都之发起者，传所直书者是仲由而非仲尼**——此一分寸本库照传文著录，不据后出之说改属。【三邑之地望】郈、费、成三邑今地须纸本核（谭图、杨注本轮俱不可得），本批一律**不立 `places` 点**，照 `L_JIAGU` 从严之例；三邑并入 CHANGES 之回填表待核。**「本轮无从核」不得读作「查无落点」。**【底本与核对状态】用字底本取维基文库整理本《春秋左氏傳·定公》（`action=raw`，2026-09-02 实取，41121 字节）；另取 ctext《春秋左傳》定公十二年 页（其站自著所据为四库、武英殿一系注疏本）同日实取，作双本互校。本批所引本篇各节，**去标点后逐字比对，两本汉字全同**——**此语只及本批实际所引之各节，非谓两本全篇无异**（合并模拟设机器断言逐节复核，见 CHANGES §9）。本批双本比对实扫出两本相异者一处，在 `Z121`（定公元年经文之一条，见该行注与 `Q461`）；其余各源所引之节两本俱同。`quote_original` 之**标点系本库整理所加**（依 conventions §7 照录范围之则②「标点系本库所加」，非所照录之形貌）；依 §7 v1.30 口径句，两本俱属电子转录本，本库只据以判有无与次第，**不作用字层之断言**，纸本（阮刻十三经注疏、杨伯峻《春秋左传注》）未取，已列自限。
Z126,《春秋左传·定公十五年》,春秋左传,定公十五年,传世文献,primary,https://ctext.org/chun-qiu-zuo-zhuan/ding-gong-shi-wu-nian/zh,本篇本库本批所取有二事：① 邾隐公来朝、子贡观礼而预言二君死亡（E283，传「十五年春，邾隱公來朝，子貢觀焉」至「君為主，其先亡乎」，Q473）；② 鲁定公薨（E284，经「夏，五月，辛亥，郊。壬申，公薨于高寢」，Q474）。【本批不取之一段·分层】传于「夏，五月，壬申，公薨」下紧接「仲尼曰：賜不幸言而中，是使賜多言者也」，属孔子线**评语账**（`docs/kaoding_kongzi.md` §1.3 评-19），本批不摘录，留待批乙挂靠本骨架。【子贡】端木赐之言本批照录于 `Q473`，而其人属配角批（批丙）所议立行之人，本批不立行、不挂链——此与库内 `Q392`（哀公十一年「衛賜進曰」）注中「本件人物配额所限未立行」为同一处置，其名已两见于库内引文而行未立。【定公之名】传于定公之名，本篇无文；本库据本篇之外之两处著录（定公元年传「若公子宋主社稷」、昭公二十五年传所引童谣「宋父以驕」），见 `P_LUDINGGONG.notes`。【底本与核对状态】用字底本取维基文库整理本《春秋左氏傳·定公》（`action=raw`，2026-09-02 实取，41121 字节）；另取 ctext《春秋左傳》定公十五年 页（其站自著所据为四库、武英殿一系注疏本）同日实取，作双本互校。本批所引本篇各节，**去标点后逐字比对，两本汉字全同**——**此语只及本批实际所引之各节，非谓两本全篇无异**（合并模拟设机器断言逐节复核，见 CHANGES §9）。本批双本比对实扫出两本相异者一处，在 `Z121`（定公元年经文之一条，见该行注与 `Q461`）；其余各源所引之节两本俱同。`quote_original` 之**标点系本库整理所加**（依 conventions §7 照录范围之则②「标点系本库所加」，非所照录之形貌）；依 §7 v1.30 口径句，两本俱属电子转录本，本库只据以判有无与次第，**不作用字层之断言**，纸本（阮刻十三经注疏、杨伯峻《春秋左传注》）未取，已列自限。
Z127,《春秋左传·哀公三年》,春秋左传,哀公三年,传世文献,primary,https://ctext.org/chun-qiu-zuo-zhuan/ai-gong-san-nian/zh,本篇本库本批所取为鲁桓宫僖宫灾一事（E285）：传「夏，五月，辛卯，司鐸火」至「命藏象魏，曰：舊章不可亡也」一节（Q475）。【本批不取之一句·分层】传于本节之末系「孔子在陳，聞火，曰：其桓僖乎」，属孔子线**记事账**（`docs/kaoding_kongzi.md` §1.2 记-10），本批不摘录，留待批乙挂靠本骨架——**此正是本轮「先立地面、后立人」之样本**：骨架（火与藏象魏）入批甲，孔子之应（在陈闻火而中其庙）入批乙。【南宫敬叔、子服景伯、季桓子三人之名】三人皆见于本节而本批俱不立行（前二人属配角批所议，季桓子属批丙七人之一），其名与其命存于 `Q475`。【同篇未取者】本篇另载季桓子卒、康子即位与南孺子之子一节（同年秋），及晋赵鞅围朝歌、周人杀苌弘诸节，本批不引、不立目。【底本与核对状态】用字底本取维基文库整理本《春秋左氏傳·哀公》（`action=raw`，2026-09-02 实取，66037 字节）；另取 ctext《春秋左傳》哀公三年 页（其站自著所据为四库、武英殿一系注疏本）同日实取，作双本互校。本批所引本篇各节，**去标点后逐字比对，两本汉字全同**——**此语只及本批实际所引之各节，非谓两本全篇无异**（合并模拟设机器断言逐节复核，见 CHANGES §9）。本批双本比对实扫出两本相异者一处，在 `Z121`（定公元年经文之一条，见该行注与 `Q461`）；其余各源所引之节两本俱同。`quote_original` 之**标点系本库整理所加**（依 conventions §7 照录范围之则②「标点系本库所加」，非所照录之形貌）；依 §7 v1.30 口径句，两本俱属电子转录本，本库只据以判有无与次第，**不作用字层之断言**，纸本（阮刻十三经注疏、杨伯峻《春秋左传注》）未取，已列自限。
Z128,《春秋左传·哀公六年》,春秋左传,哀公六年,传世文献,primary,https://ctext.org/chun-qiu-zuo-zhuan/ai-gong-liu-nian/zh,本篇本库本批所取为楚昭王不祭河、卒于城父一事（E286）：传「秋，七月，楚子在城父」至「庚寅，昭王攻大冥，卒于城父」，与「初，昭王有疾，卜曰：河為祟」至「遂弗祭」两节（Q476／Q477）。【本批不取之一段·分层】传于「遂弗祭」下紧接「孔子曰：楚昭王知大道矣，其不失國也宜哉」，属孔子线**评语账**（`docs/kaoding_kongzi.md` §1.3 评-20），本批不摘录，留待批乙挂靠本骨架。【经传互证】同年经书「秋，七月，庚寅，楚子軫卒」，与传「庚寅，昭王攻大冥，卒于城父」日辰相合，`P_CHUZHAO.death_year_bce`（现值 -489）之据即在此，本批不动其行。【同篇未取者】本篇另载齐陈乞逐高、国而立公子阳生（悼公）、杀安孺子荼一大节——**此为陈氏代齐之线上介于 `E214`（前516 晏婴路寝之对）与 `E291`（前481 陈恒弑简公）之间的一节**，与本批衔接点相涉而非本批所立之事目，登记待补（见 CHANGES 待补项）。【底本与核对状态】用字底本取维基文库整理本《春秋左氏傳·哀公》（`action=raw`，2026-09-02 实取，66037 字节）；另取 ctext《春秋左傳》哀公六年 页（其站自著所据为四库、武英殿一系注疏本）同日实取，作双本互校。本批所引本篇各节，**去标点后逐字比对，两本汉字全同**——**此语只及本批实际所引之各节，非谓两本全篇无异**（合并模拟设机器断言逐节复核，见 CHANGES §9）。本批双本比对实扫出两本相异者一处，在 `Z121`（定公元年经文之一条，见该行注与 `Q461`）；其余各源所引之节两本俱同。`quote_original` 之**标点系本库整理所加**（依 conventions §7 照录范围之则②「标点系本库所加」，非所照录之形貌）；依 §7 v1.30 口径句，两本俱属电子转录本，本库只据以判有无与次第，**不作用字层之断言**，纸本（阮刻十三经注疏、杨伯峻《春秋左传注》）未取，已列自限。
Z129,《春秋左传·哀公十二年》,春秋左传,哀公十二年,传世文献,primary,https://ctext.org/chun-qiu-zuo-zhuan/ai-gong-shi-er-nian/zh,本篇本库本批所取有三事：① 季孙用田赋（E288，经「十有二年春，用田賦」、传「十二年春，王正月，用田賦」，Q481）；② 昭夫人孟子卒（E289，传「夏，五月，昭夫人孟子卒。昭公娶于吳，故不書姓」至「故言不葬小君」，Q482）；③ 冬十二月螽（E290，经「冬，十有二月，螽」，Q483）。【本批不取之三处·分层】三事之下传各系一节孔子材料：孟子卒下「孔子與弔，適季氏，季氏不絻，放絰而拜」（记-14）、螽下「季孫問諸仲尼，仲尼曰：丘聞之，火伏而後蟄者畢……司厤過也」（记-15）、用田赋之本源在哀公十一年传「季孫欲以田賦，使冉有訪諸仲尼」一节（记-13，在 `Z111`）——三者皆属孔子线**记事账**，本批一律不摘录，留待批乙挂靠本批所立之三骨架。**本篇是本批「一篇之内三立骨架而三让其应」之最集中者。**【同篇未取者】本篇另载橐皋之会、子贡对太宰嚭「必尋盟」与郧之会子服景伯、子贡说太宰嚭释卫侯两节——此二节为 `docs/kaoding_kongzi.md` §2.3「吴鲁交聘」衔接点所指、亦子贡外交之最集中处，属批丙／批乙，本批不引、不立目。【底本与核对状态】用字底本取维基文库整理本《春秋左氏傳·哀公》（`action=raw`，2026-09-02 实取，66037 字节）；另取 ctext《春秋左傳》哀公十二年 页（其站自著所据为四库、武英殿一系注疏本）同日实取，作双本互校。本批所引本篇各节，**去标点后逐字比对，两本汉字全同**——**此语只及本批实际所引之各节，非谓两本全篇无异**（合并模拟设机器断言逐节复核，见 CHANGES §9）。本批双本比对实扫出两本相异者一处，在 `Z121`（定公元年经文之一条，见该行注与 `Q461`）；其余各源所引之节两本俱同。`quote_original` 之**标点系本库整理所加**（依 conventions §7 照录范围之则②「标点系本库所加」，非所照录之形貌）；依 §7 v1.30 口径句，两本俱属电子转录本，本库只据以判有无与次第，**不作用字层之断言**，纸本（阮刻十三经注疏、杨伯峻《春秋左传注》）未取，已列自限。
Z130,《春秋左传·哀公十四年》,春秋左传,哀公十四年,传世文献,primary,https://ctext.org/chun-qiu-zuo-zhuan/ai-gong-shi-si-nian/zh,本篇本库本批所取为齐陈恒弑简公一事（E291）：经「夏，四月，齊陳恆執其君，寘于舒州」「六月……齊人弒其君壬于舒州」，传「齊簡公之在魯也，闞止有寵焉」至「甲午，齊陳恆弒其君壬于舒州」一节（Q484／Q485）。【经传所书之差·两番书之】经于此事**两书**：四月书「執其君」、六月书「弒其君壬」，中隔两月；传亦两书（庚辰执公于舒州、甲午弑之于舒州），**执与弑分作两事、相去五十日**，本库骨架从之，不并为一时。又：经书「齊人弒其君壬」而不书陈恒之名于弑（书其名于「執」），传则明书「齊陳恆弒其君壬于舒州」——经传之名实分书，本库 `event_people` 从传之明文。【本批不取之一段·分层】传于「弒其君壬于舒州」下紧接「孔丘三日齊而請伐齊，三」一节，属孔子线**记事账**（`docs/kaoding_kongzi.md` §1.2 记-17），本批不摘录，留待批乙挂靠本骨架。【同篇未取者】本篇另载西狩获麟（「仲尼觀之，曰：麟也」，记-16，属批乙）、小邾射来奔而使子路要之（子路辞，属批丙）、宋桓魋之乱与司马牛致邑适齐适吴诸节，本批不引、不立目。**司马牛一条**依 `docs/kaoding_kongzi.md` §4.3 第四层之判：其人《左传》有二见而通篇不与孔子相涉，**可因宋乱立行、不可以「孔门弟子」之名立行**，本批两者俱不办。【底本与核对状态】用字底本取维基文库整理本《春秋左氏傳·哀公》（`action=raw`，2026-09-02 实取，66037 字节）；另取 ctext《春秋左傳》哀公十四年 页（其站自著所据为四库、武英殿一系注疏本）同日实取，作双本互校。本批所引本篇各节，**去标点后逐字比对，两本汉字全同**——**此语只及本批实际所引之各节，非谓两本全篇无异**（合并模拟设机器断言逐节复核，见 CHANGES §9）。本批双本比对实扫出两本相异者一处，在 `Z121`（定公元年经文之一条，见该行注与 `Q461`）；其余各源所引之节两本俱同。`quote_original` 之**标点系本库整理所加**（依 conventions §7 照录范围之则②「标点系本库所加」，非所照录之形貌）；依 §7 v1.30 口径句，两本俱属电子转录本，本库只据以判有无与次第，**不作用字层之断言**，纸本（阮刻十三经注疏、杨伯峻《春秋左传注》）未取，已列自限。
Z131,《春秋左传·哀公十五年》,春秋左传,哀公十五年,传世文献,primary,https://ctext.org/chun-qiu-zuo-zhuan/ai-gong-shi-wu-nian/zh,本篇本库本批所取为卫蒯聩之难一事（E292）：传「閏月，良夫與大子入，舍於孔氏之外圃」至「孔悝立莊公」一节（Q486）。【系年与经之无文】本事系于哀公十五年**闰月**（岁末闰），同年经不书；经所书者在次年——哀公十六年经「春，王正月，己卯，衛世子蒯聵自戚入于衛。衛侯輒來奔」（`Z110`）。**事在传之十五年闰月，经之著录在十六年正月**，本库 `E292.year_bce` 取 -480（哀公十五年）从传之系，并于此登记经传系年之一格之差，不并、不改。【本批不取之一句·分层】传于「結纓而死」下紧接「孔子聞衛亂，曰：柴也其來，由也死矣」，属孔子线**记事账**（`docs/kaoding_kongzi.md` §1.2 记-18），本批不摘录，留待批乙挂靠本骨架。【子路、子羔】二人一出一入之对为本节之眼，其言（「弗及，不踐其難」／「食焉，不辟其難」／「君子死，冠不免」）本批照录于 `Q486`，而二人俱属孔门配角批（批丙／候补），本批不立行、不挂链。【同篇未取者】本篇另载子服景伯如齐、子贡为介说陈成子归成一节（`docs/kaoding_kongzi.md` §4.2 子贡条所举），属批丙，本批不引。【底本与核对状态】用字底本取维基文库整理本《春秋左氏傳·哀公》（`action=raw`，2026-09-02 实取，66037 字节）；另取 ctext《春秋左傳》哀公十五年 页（其站自著所据为四库、武英殿一系注疏本）同日实取，作双本互校。本批所引本篇各节，**去标点后逐字比对，两本汉字全同**——**此语只及本批实际所引之各节，非谓两本全篇无异**（合并模拟设机器断言逐节复核，见 CHANGES §9）。本批双本比对实扫出两本相异者一处，在 `Z121`（定公元年经文之一条，见该行注与 `Q461`）；其余各源所引之节两本俱同。`quote_original` 之**标点系本库整理所加**（依 conventions §7 照录范围之则②「标点系本库所加」，非所照录之形貌）；依 §7 v1.30 口径句，两本俱属电子转录本，本库只据以判有无与次第，**不作用字层之断言**，纸本（阮刻十三经注疏、杨伯峻《春秋左传注》）未取，已列自限。
Z132,《春秋左传·桓公八年》,春秋左传,桓公八年,传世文献,primary,https://ctext.org/chun-qiu-zuo-zhuan/huan-gong-ba-nian/zh,楚随之战第二役（前704，鲁桓公八年）：春，随少师有宠，楚鬬伯比曰「可矣。讎有釁，不可失也」；夏，楚子合诸侯于沈鹿，黄、随不会，使薳章让黄，遂伐随，军于汉、淮之间；季梁请下之（先请求和，楚不许而后战），少师主速战，随侯从少师，战于速杞，随师败绩，随侯逸，鬬丹获其戎车与其戎右少师；秋，随及楚平，楚子将不许，鬬伯比曰「天去其疾矣，隨未可克也」，乃盟而还。同年另载春灭翼、天王使家父来聘、夏五月丁丑烝、秋伐邾、冬十月雨雪、祭公来遂逆王后于纪、冬王命虢仲立晋哀侯之弟缗于晋，与本库随线无涉，本件不取。【核对状态（§7 v1.26 通例）】本源引文经 ctext（本行 url）与维基文库整理本《春秋左氏傳·桓公》（`action=raw` 实取，2026-09-02）**双本比对**：去标点后两本各 179 字，**逐字相同者 176 字，相异者三处，皆在楚鬬氏之氏字**——ctext 作「鬥伯比」「鬥丹」「鬥伯比」，维基文库作「鬬伯比」「鬬丹」「鬬伯比」。**此系版本形貌之事，非正字之事**：鬥／鬬／鬭三形为同一氏之异体，所指之氏无二（正面实证——同一部维基文库整理本，桓公卷作「鬬伯比」，宣公卷作「鬥伯比」〔宣四「生鬥伯比」〕，庄公卷作「鬥祁」，僖公卷作「鬭穀於菟」，一本之内四卷三形并见），照 v1.34 `Q373`「荐／薦」之判——形异而所指之字无二者，**连异文注亦不必立**，只作版本形貌之记录，与 `Q344`「覆／復」一类字义有别之实质异文判然两事。正文用字取 **ctext 整理本之形「鬥」**，与本库既有 `quote_original` 中同氏之形一致（`Q356`「鬥辛與其弟巢」、`Q376`「鬥辛……鬥巢……鬥懷」）；所取者是底本之形，**不据两整理本判其正字**（依 §7 口径句「转录本可证有无某事，不可证某字作某」）。杨伯峻《春秋左传注》与《春秋左传正义》十三经注疏本本轮均未取得，属**未核待补**，已列回填表（低阶备核项，不阻合入）。标点系本库所加（两整理本标点互异且 ctext 本处引号多有脱漏，不属所照录之形貌）。
